VOC	TopK	Week	Mut	Lineage	Proportion	HaploWeeklyCases	VOCWeeklyCases	HaploCount	OtherCount	PreviousVOCCount
BA.1	1	2020-01-12	A67V T95I G339D R346K S371L S373P S375F K417N N440K G446S S477N T478K E484A Q493R G496S Q498R N501Y Y505H T547K D614G H655Y N679K P681H N764K D796Y N856K Q954H N969K L981F	BA.1.1	0	0	0	0	0	0
BA.1	1	2020-01-19	A67V T95I G339D R346K S371L S373P S375F K417N N440K G446S S477N T478K E484A Q493R G496S Q498R N501Y Y505H T547K D614G H655Y N679K P681H N764K D796Y N856K Q954H N969K L981F	BA.1.1	0	0	0	0	0	0
BA.1	1	2020-01-26	A67V T95I G339D R346K S371L S373P S375F K417N N440K G446S S477N T478K E484A Q493R G496S Q498R N501Y Y505H T547K D614G H655Y N679K P681H N764K D796Y N856K Q954H N969K L981F	BA.1.1	0	0	0	0	0	0
BA.1	1	2020-02-02	A67V T95I G339D R346K S371L S373P S375F K417N N440K G446S S477N T478K E484A Q493R G496S Q498R N501Y Y505H T547K D614G H655Y N679K P681H N764K D796Y N856K Q954H N969K L981F	BA.1.1	0	0	0	0	0	0
BA.1	1	2020-02-09	A67V T95I G339D R346K S371L S373P S375F K417N N440K G446S S477N T478K E484A Q493R G496S Q498R N501Y Y505H T547K D614G H655Y N679K P681H N764K D796Y N856K Q954H N969K L981F	BA.1.1	0	0	0	0	0	0
BA.1	1	2020-02-16	A67V T95I G339D R346K S371L S373P S375F K417N N440K G446S S477N T478K E484A Q493R G496S Q498R N501Y Y505H T547K D614G H655Y N679K P681H N764K D796Y N856K Q954H N969K L981F	BA.1.1	0	0	0	0	0	0
BA.1	1	2020-02-23	A67V T95I G339D R346K S371L S373P S375F K417N N440K G446S S477N T478K E484A Q493R G496S Q498R N501Y Y505H T547K D614G H655Y N679K P681H N764K D796Y N856K Q954H N969K L981F	BA.1.1	0	0	0	0	0	0
BA.1	1	2020-03-01	A67V T95I G339D R346K S371L S373P S375F K417N N440K G446S S477N T478K E484A Q493R G496S Q498R N501Y Y505H T547K D614G H655Y N679K P681H N764K D796Y N856K Q954H N969K L981F	BA.1.1	0	0	0	0	0	0
BA.1	1	2020-03-08	A67V T95I G339D R346K S371L S373P S375F K417N N440K G446S S477N T478K E484A Q493R G496S Q498R N501Y Y505H T547K D614G H655Y N679K P681H N764K D796Y N856K Q954H N969K L981F	BA.1.1	0	0	0	0	0	0
BA.1	1	2020-03-15	A67V T95I G339D R346K S371L S373P S375F K417N N440K G446S S477N T478K E484A Q493R G496S Q498R N501Y Y505H T547K D614G H655Y N679K P681H N764K D796Y N856K Q954H N969K L981F	BA.1.1	0	0	0	0	0	0
BA.1	1	2020-03-22	A67V T95I G339D R346K S371L S373P S375F K417N N440K G446S S477N T478K E484A Q493R G496S Q498R N501Y Y505H T547K D614G H655Y N679K P681H N764K D796Y N856K Q954H N969K L981F	BA.1.1	0	0	0	0	0	0
BA.1	1	2020-03-29	A67V T95I G339D R346K S371L S373P S375F K417N N440K G446S S477N T478K E484A Q493R G496S Q498R N501Y Y505H T547K D614G H655Y N679K P681H N764K D796Y N856K Q954H N969K L981F	BA.1.1	0	0	0	0	0	0
BA.1	1	2020-04-05	A67V T95I G339D R346K S371L S373P S375F K417N N440K G446S S477N T478K E484A Q493R G496S Q498R N501Y Y505H T547K D614G H655Y N679K P681H N764K D796Y N856K Q954H N969K L981F	BA.1.1	0	0	0	0	0	0
BA.1	1	2020-04-12	A67V T95I G339D R346K S371L S373P S375F K417N N440K G446S S477N T478K E484A Q493R G496S Q498R N501Y Y505H T547K D614G H655Y N679K P681H N764K D796Y N856K Q954H N969K L981F	BA.1.1	0	0	0	0	0	0
BA.1	1	2020-04-19	A67V T95I G339D R346K S371L S373P S375F K417N N440K G446S S477N T478K E484A Q493R G496S Q498R N501Y Y505H T547K D614G H655Y N679K P681H N764K D796Y N856K Q954H N969K L981F	BA.1.1	0	0	0	0	0	0
BA.1	1	2020-04-26	A67V T95I G339D R346K S371L S373P S375F K417N N440K G446S S477N T478K E484A Q493R G496S Q498R N501Y Y505H T547K D614G H655Y N679K P681H N764K D796Y N856K Q954H N969K L981F	BA.1.1	0	0	0	0	0	0
BA.1	1	2020-05-03	A67V T95I G339D R346K S371L S373P S375F K417N N440K G446S S477N T478K E484A Q493R G496S Q498R N501Y Y505H T547K D614G H655Y N679K P681H N764K D796Y N856K Q954H N969K L981F	BA.1.1	0	0	0	0	0	0
BA.1	1	2020-05-10	A67V T95I G339D R346K S371L S373P S375F K417N N440K G446S S477N T478K E484A Q493R G496S Q498R N501Y Y505H T547K D614G H655Y N679K P681H N764K D796Y N856K Q954H N969K L981F	BA.1.1	0	0	0	0	0	0
BA.1	1	2020-05-17	A67V T95I G339D R346K S371L S373P S375F K417N N440K G446S S477N T478K E484A Q493R G496S Q498R N501Y Y505H T547K D614G H655Y N679K P681H N764K D796Y N856K Q954H N969K L981F	BA.1.1	0	0	0	0	0	5
BA.1	1	2020-05-24	A67V T95I G339D R346K S371L S373P S375F K417N N440K G446S S477N T478K E484A Q493R G496S Q498R N501Y Y505H T547K D614G H655Y N679K P681H N764K D796Y N856K Q954H N969K L981F	BA.1.1	0	0	0	0	0	0
BA.1	1	2020-05-31	A67V T95I G339D R346K S371L S373P S375F K417N N440K G446S S477N T478K E484A Q493R G496S Q498R N501Y Y505H T547K D614G H655Y N679K P681H N764K D796Y N856K Q954H N969K L981F	BA.1.1	0	0	0	0	0	0
BA.1	1	2020-06-07	A67V T95I G339D R346K S371L S373P S375F K417N N440K G446S S477N T478K E484A Q493R G496S Q498R N501Y Y505H T547K D614G H655Y N679K P681H N764K D796Y N856K Q954H N969K L981F	BA.1.1	0	0	0	0	0	0
BA.1	1	2020-06-14	A67V T95I G339D R346K S371L S373P S375F K417N N440K G446S S477N T478K E484A Q493R G496S Q498R N501Y Y505H T547K D614G H655Y N679K P681H N764K D796Y N856K Q954H N969K L981F	BA.1.1	0	0	0	0	0	0
BA.1	1	2020-06-21	A67V T95I G339D R346K S371L S373P S375F K417N N440K G446S S477N T478K E484A Q493R G496S Q498R N501Y Y505H T547K D614G H655Y N679K P681H N764K D796Y N856K Q954H N969K L981F	BA.1.1	0	0	0	0	0	0
BA.1	1	2020-06-28	A67V T95I G339D R346K S371L S373P S375F K417N N440K G446S S477N T478K E484A Q493R G496S Q498R N501Y Y505H T547K D614G H655Y N679K P681H N764K D796Y N856K Q954H N969K L981F	BA.1.1	0	0	0	0	0	0
BA.1	1	2020-07-05	A67V T95I G339D R346K S371L S373P S375F K417N N440K G446S S477N T478K E484A Q493R G496S Q498R N501Y Y505H T547K D614G H655Y N679K P681H N764K D796Y N856K Q954H N969K L981F	BA.1.1	0	0	0	0	0	0
BA.1	1	2020-07-12	A67V T95I G339D R346K S371L S373P S375F K417N N440K G446S S477N T478K E484A Q493R G496S Q498R N501Y Y505H T547K D614G H655Y N679K P681H N764K D796Y N856K Q954H N969K L981F	BA.1.1	0	0	231.547981823042	0	1	2
BA.1	1	2020-07-19	A67V T95I G339D R346K S371L S373P S375F K417N N440K G446S S477N T478K E484A Q493R G496S Q498R N501Y Y505H T547K D614G H655Y N679K P681H N764K D796Y N856K Q954H N969K L981F	BA.1.1	0	0	0	0	0	34
BA.1	1	2020-07-26	A67V T95I G339D R346K S371L S373P S375F K417N N440K G446S S477N T478K E484A Q493R G496S Q498R N501Y Y505H T547K D614G H655Y N679K P681H N764K D796Y N856K Q954H N969K L981F	BA.1.1	0	0	0	0	0	0
BA.1	1	2020-08-02	A67V T95I G339D R346K S371L S373P S375F K417N N440K G446S S477N T478K E484A Q493R G496S Q498R N501Y Y505H T547K D614G H655Y N679K P681H N764K D796Y N856K Q954H N969K L981F	BA.1.1	0	0	0	0	0	5
BA.1	1	2020-08-09	A67V T95I G339D R346K S371L S373P S375F K417N N440K G446S S477N T478K E484A Q493R G496S Q498R N501Y Y505H T547K D614G H655Y N679K P681H N764K D796Y N856K Q954H N969K L981F	BA.1.1	0	0	0	0	0	0
BA.1	1	2020-08-16	A67V T95I G339D R346K S371L S373P S375F K417N N440K G446S S477N T478K E484A Q493R G496S Q498R N501Y Y505H T547K D614G H655Y N679K P681H N764K D796Y N856K Q954H N969K L981F	BA.1.1	0	0	0	0	0	14
BA.1	1	2020-08-23	A67V T95I G339D R346K S371L S373P S375F K417N N440K G446S S477N T478K E484A Q493R G496S Q498R N501Y Y505H T547K D614G H655Y N679K P681H N764K D796Y N856K Q954H N969K L981F	BA.1.1	0	0	0	0	0	2
BA.1	1	2020-08-30	A67V T95I G339D R346K S371L S373P S375F K417N N440K G446S S477N T478K E484A Q493R G496S Q498R N501Y Y505H T547K D614G H655Y N679K P681H N764K D796Y N856K Q954H N969K L981F	BA.1.1	0	0	0	0	0	0
BA.1	1	2020-09-06	A67V T95I G339D R346K S371L S373P S375F K417N N440K G446S S477N T478K E484A Q493R G496S Q498R N501Y Y505H T547K D614G H655Y N679K P681H N764K D796Y N856K Q954H N969K L981F	BA.1.1	0	0	0	0	0	0
BA.1	1	2020-09-13	A67V T95I G339D R346K S371L S373P S375F K417N N440K G446S S477N T478K E484A Q493R G496S Q498R N501Y Y505H T547K D614G H655Y N679K P681H N764K D796Y N856K Q954H N969K L981F	BA.1.1	0	0	0	0	0	15
BA.1	1	2020-09-20	A67V T95I G339D R346K S371L S373P S375F K417N N440K G446S S477N T478K E484A Q493R G496S Q498R N501Y Y505H T547K D614G H655Y N679K P681H N764K D796Y N856K Q954H N969K L981F	BA.1.1	0	0	0	0	0	3
BA.1	1	2020-09-27	A67V T95I G339D R346K S371L S373P S375F K417N N440K G446S S477N T478K E484A Q493R G496S Q498R N501Y Y505H T547K D614G H655Y N679K P681H N764K D796Y N856K Q954H N969K L981F	BA.1.1	0	0	216.881468543443	0	1	1
BA.1	1	2020-10-04	A67V T95I G339D R346K S371L S373P S375F K417N N440K G446S S477N T478K E484A Q493R G496S Q498R N501Y Y505H T547K D614G H655Y N679K P681H N764K D796Y N856K Q954H N969K L981F	BA.1.1	0	0	0	0	0	0
BA.1	1	2020-10-11	A67V T95I G339D R346K S371L S373P S375F K417N N440K G446S S477N T478K E484A Q493R G496S Q498R N501Y Y505H T547K D614G H655Y N679K P681H N764K D796Y N856K Q954H N969K L981F	BA.1.1	0	0	0	0	0	0
BA.1	1	2020-10-18	A67V T95I G339D R346K S371L S373P S375F K417N N440K G446S S477N T478K E484A Q493R G496S Q498R N501Y Y505H T547K D614G H655Y N679K P681H N764K D796Y N856K Q954H N969K L981F	BA.1.1	0	0	0	0	0	6
BA.1	1	2020-10-25	A67V T95I G339D R346K S371L S373P S375F K417N N440K G446S S477N T478K E484A Q493R G496S Q498R N501Y Y505H T547K D614G H655Y N679K P681H N764K D796Y N856K Q954H N969K L981F	BA.1.1	0	0	0	0	0	0
BA.1	1	2020-11-01	A67V T95I G339D R346K S371L S373P S375F K417N N440K G446S S477N T478K E484A Q493R G496S Q498R N501Y Y505H T547K D614G H655Y N679K P681H N764K D796Y N856K Q954H N969K L981F	BA.1.1	0	0	0	0	0	1
BA.1	1	2020-11-08	A67V T95I G339D R346K S371L S373P S375F K417N N440K G446S S477N T478K E484A Q493R G496S Q498R N501Y Y505H T547K D614G H655Y N679K P681H N764K D796Y N856K Q954H N969K L981F	BA.1.1	0	0	0	0	0	3
BA.1	1	2020-11-15	A67V T95I G339D R346K S371L S373P S375F K417N N440K G446S S477N T478K E484A Q493R G496S Q498R N501Y Y505H T547K D614G H655Y N679K P681H N764K D796Y N856K Q954H N969K L981F	BA.1.1	0	0	0	0	0	4
BA.1	1	2020-11-22	A67V T95I G339D R346K S371L S373P S375F K417N N440K G446S S477N T478K E484A Q493R G496S Q498R N501Y Y505H T547K D614G H655Y N679K P681H N764K D796Y N856K Q954H N969K L981F	BA.1.1	0	0	0	0	0	3
BA.1	1	2020-11-29	A67V T95I G339D R346K S371L S373P S375F K417N N440K G446S S477N T478K E484A Q493R G496S Q498R N501Y Y505H T547K D614G H655Y N679K P681H N764K D796Y N856K Q954H N969K L981F	BA.1.1	0	0	0	0	0	0
BA.1	1	2020-12-06	A67V T95I G339D R346K S371L S373P S375F K417N N440K G446S S477N T478K E484A Q493R G496S Q498R N501Y Y505H T547K D614G H655Y N679K P681H N764K D796Y N856K Q954H N969K L981F	BA.1.1	0	0	0	0	0	4
BA.1	1	2020-12-13	A67V T95I G339D R346K S371L S373P S375F K417N N440K G446S S477N T478K E484A Q493R G496S Q498R N501Y Y505H T547K D614G H655Y N679K P681H N764K D796Y N856K Q954H N969K L981F	BA.1.1	0	0	0	0	0	4
BA.1	1	2020-12-20	A67V T95I G339D R346K S371L S373P S375F K417N N440K G446S S477N T478K E484A Q493R G496S Q498R N501Y Y505H T547K D614G H655Y N679K P681H N764K D796Y N856K Q954H N969K L981F	BA.1.1	0	0	0	0	0	3
BA.1	1	2020-12-27	A67V T95I G339D R346K S371L S373P S375F K417N N440K G446S S477N T478K E484A Q493R G496S Q498R N501Y Y505H T547K D614G H655Y N679K P681H N764K D796Y N856K Q954H N969K L981F	BA.1.1	0	0	0	0	0	0
BA.1	1	2021-01-03	A67V T95I G339D R346K S371L S373P S375F K417N N440K G446S S477N T478K E484A Q493R G496S Q498R N501Y Y505H T547K D614G H655Y N679K P681H N764K D796Y N856K Q954H N969K L981F	BA.1.1	0.285714285714286	336.668303369089	1178.33906179181	2	5	15
BA.1	1	2021-01-10	A67V T95I G339D R346K S371L S373P S375F K417N N440K G446S S477N T478K E484A Q493R G496S Q498R N501Y Y505H T547K D614G H655Y N679K P681H N764K D796Y N856K Q954H N969K L981F	BA.1.1	0.433333333333333	3368.26025220658	7772.90827432287	26	34	43
BA.1	1	2021-01-17	A67V T95I G339D R346K S371L S373P S375F K417N N440K G446S S477N T478K E484A Q493R G496S Q498R N501Y Y505H T547K D614G H655Y N679K P681H N764K D796Y N856K Q954H N969K L981F	BA.1.1	0.285714285714286	244.84827466319	856.968961321165	2	5	54
BA.1	1	2021-01-24	A67V T95I G339D R346K S371L S373P S375F K417N N440K G446S S477N T478K E484A Q493R G496S Q498R N501Y Y505H T547K D614G H655Y N679K P681H N764K D796Y N856K Q954H N969K L981F	BA.1.1	0	0	227.544876576097	0	2	6
BA.1	1	2021-01-31	A67V T95I G339D R346K S371L S373P S375F K417N N440K G446S S477N T478K E484A Q493R G496S Q498R N501Y Y505H T547K D614G H655Y N679K P681H N764K D796Y N856K Q954H N969K L981F	BA.1.1	0.4	179.362125388918	448.405313472296	2	3	16
BA.1	1	2021-02-07	A67V T95I G339D R346K S371L S373P S375F K417N N440K G446S S477N T478K E484A Q493R G496S Q498R N501Y Y505H T547K D614G H655Y N679K P681H N764K D796Y N856K Q954H N969K L981F	BA.1.1	1	175.930072871236	175.930072871236	2	0	8
BA.1	1	2021-02-14	A67V T95I G339D R346K S371L S373P S375F K417N N440K G446S S477N T478K E484A Q493R G496S Q498R N501Y Y505H T547K D614G H655Y N679K P681H N764K D796Y N856K Q954H N969K L981F	BA.1.1	0.5	68.7474794822454	137.494958964491	1	1	88
BA.1	1	2021-02-21	A67V T95I G339D R346K S371L S373P S375F K417N N440K G446S S477N T478K E484A Q493R G496S Q498R N501Y Y505H T547K D614G H655Y N679K P681H N764K D796Y N856K Q954H N969K L981F	BA.1.1	0.625	299.130702976857	478.609124762971	5	3	23
BA.1	1	2021-02-28	A67V T95I G339D R346K S371L S373P S375F K417N N440K G446S S477N T478K E484A Q493R G496S Q498R N501Y Y505H T547K D614G H655Y N679K P681H N764K D796Y N856K Q954H N969K L981F	BA.1.1	0	0	55.218278099246	0	1	12
BA.1	1	2021-03-07	A67V T95I G339D R346K S371L S373P S375F K417N N440K G446S S477N T478K E484A Q493R G496S Q498R N501Y Y505H T547K D614G H655Y N679K P681H N764K D796Y N856K Q954H N969K L981F	BA.1.1	0.2	55.9961627322953	279.980813661477	1	4	54
BA.1	1	2021-03-14	A67V T95I G339D R346K S371L S373P S375F K417N N440K G446S S477N T478K E484A Q493R G496S Q498R N501Y Y505H T547K D614G H655Y N679K P681H N764K D796Y N856K Q954H N969K L981F	BA.1.1	0	0	157.472285205986	0	3	401
BA.1	1	2021-03-21	A67V T95I G339D R346K S371L S373P S375F K417N N440K G446S S477N T478K E484A Q493R G496S Q498R N501Y Y505H T547K D614G H655Y N679K P681H N764K D796Y N856K Q954H N969K L981F	BA.1.1	0.666666666666667	108.307811639091	162.461717458636	2	1	111
BA.1	1	2021-03-28	A67V T95I G339D R346K S371L S373P S375F K417N N440K G446S S477N T478K E484A Q493R G496S Q498R N501Y Y505H T547K D614G H655Y N679K P681H N764K D796Y N856K Q954H N969K L981F	BA.1.1	1	169.22579628351	169.22579628351	3	0	94
BA.1	1	2021-04-04	A67V T95I G339D R346K S371L S373P S375F K417N N440K G446S S477N T478K E484A Q493R G496S Q498R N501Y Y505H T547K D614G H655Y N679K P681H N764K D796Y N856K Q954H N969K L981F	BA.1.1	0	0	62.8143130547477	0	1	201
BA.1	1	2021-04-11	A67V T95I G339D R346K S371L S373P S375F K417N N440K G446S S477N T478K E484A Q493R G496S Q498R N501Y Y505H T547K D614G H655Y N679K P681H N764K D796Y N856K Q954H N969K L981F	BA.1.1	0	0	0	0	0	511
BA.1	1	2021-04-18	A67V T95I G339D R346K S371L S373P S375F K417N N440K G446S S477N T478K E484A Q493R G496S Q498R N501Y Y505H T547K D614G H655Y N679K P681H N764K D796Y N856K Q954H N969K L981F	BA.1.1	0	0	0	0	0	886
BA.1	1	2021-04-25	A67V T95I G339D R346K S371L S373P S375F K417N N440K G446S S477N T478K E484A Q493R G496S Q498R N501Y Y505H T547K D614G H655Y N679K P681H N764K D796Y N856K Q954H N969K L981F	BA.1.1	0	0	0	0	0	1510
BA.1	1	2021-05-02	A67V T95I G339D R346K S371L S373P S375F K417N N440K G446S S477N T478K E484A Q493R G496S Q498R N501Y Y505H T547K D614G H655Y N679K P681H N764K D796Y N856K Q954H N969K L981F	BA.1.1	0	0	268.360693586396	0	3	1971
BA.1	1	2021-05-09	A67V T95I G339D R346K S371L S373P S375F K417N N440K G446S S477N T478K E484A Q493R G496S Q498R N501Y Y505H T547K D614G H655Y N679K P681H N764K D796Y N856K Q954H N969K L981F	BA.1.1	0.2	184.268549768939	921.342748844696	2	8	3186
BA.1	1	2021-05-16	A67V T95I G339D R346K S371L S373P S375F K417N N440K G446S S477N T478K E484A Q493R G496S Q498R N501Y Y505H T547K D614G H655Y N679K P681H N764K D796Y N856K Q954H N969K L981F	BA.1.1	1	195.061908896922	195.061908896922	2	0	3313
BA.1	1	2021-05-23	A67V T95I G339D R346K S371L S373P S375F K417N N440K G446S S477N T478K E484A Q493R G496S Q498R N501Y Y505H T547K D614G H655Y N679K P681H N764K D796Y N856K Q954H N969K L981F	BA.1.1	1	92.2558687513764	92.2558687513764	1	0	5572
BA.1	1	2021-05-30	A67V T95I G339D R346K S371L S373P S375F K417N N440K G446S S477N T478K E484A Q493R G496S Q498R N501Y Y505H T547K D614G H655Y N679K P681H N764K D796Y N856K Q954H N969K L981F	BA.1.1	0.5	86.9379504832089	173.875900966418	1	1	9518
BA.1	1	2021-06-06	A67V T95I G339D R346K S371L S373P S375F K417N N440K G446S S477N T478K E484A Q493R G496S Q498R N501Y Y505H T547K D614G H655Y N679K P681H N764K D796Y N856K Q954H N969K L981F	BA.1.1	1	82.9256111862878	82.9256111862878	1	0	11904
BA.1	1	2021-06-13	A67V T95I G339D R346K S371L S373P S375F K417N N440K G446S S477N T478K E484A Q493R G496S Q498R N501Y Y505H T547K D614G H655Y N679K P681H N764K D796Y N856K Q954H N969K L981F	BA.1.1	1	80.5211616787675	80.5211616787675	1	0	12857
BA.1	1	2021-06-20	A67V T95I G339D R346K S371L S373P S375F K417N N440K G446S S477N T478K E484A Q493R G496S Q498R N501Y Y505H T547K D614G H655Y N679K P681H N764K D796Y N856K Q954H N969K L981F	BA.1.1	1	180.454414227149	180.454414227149	2	0	12690
BA.1	1	2021-06-27	A67V T95I G339D R346K S371L S373P S375F K417N N440K G446S S477N T478K E484A Q493R G496S Q498R N501Y Y505H T547K D614G H655Y N679K P681H N764K D796Y N856K Q954H N969K L981F	BA.1.1	0.5	73.3123757202445	146.624751440489	1	1	22215
BA.1	1	2021-07-04	A67V T95I G339D R346K S371L S373P S375F K417N N440K G446S S477N T478K E484A Q493R G496S Q498R N501Y Y505H T547K D614G H655Y N679K P681H N764K D796Y N856K Q954H N969K L981F	BA.1.1	0	0	0	0	0	30957
BA.1	1	2021-07-11	A67V T95I G339D R346K S371L S373P S375F K417N N440K G446S S477N T478K E484A Q493R G496S Q498R N501Y Y505H T547K D614G H655Y N679K P681H N764K D796Y N856K Q954H N969K L981F	BA.1.1	1	63.8050873226775	63.8050873226775	1	0	40110
BA.1	1	2021-07-18	A67V T95I G339D R346K S371L S373P S375F K417N N440K G446S S477N T478K E484A Q493R G496S Q498R N501Y Y505H T547K D614G H655Y N679K P681H N764K D796Y N856K Q954H N969K L981F	BA.1.1	0	0	0	0	0	45605
BA.1	1	2021-07-25	A67V T95I G339D R346K S371L S373P S375F K417N N440K G446S S477N T478K E484A Q493R G496S Q498R N501Y Y505H T547K D614G H655Y N679K P681H N764K D796Y N856K Q954H N969K L981F	BA.1.1	0	0	0	0	0	63744
BA.1	1	2021-08-01	A67V T95I G339D R346K S371L S373P S375F K417N N440K G446S S477N T478K E484A Q493R G496S Q498R N501Y Y505H T547K D614G H655Y N679K P681H N764K D796Y N856K Q954H N969K L981F	BA.1.1	0	0	0	0	0	82392
BA.1	1	2021-08-08	A67V T95I G339D R346K S371L S373P S375F K417N N440K G446S S477N T478K E484A Q493R G496S Q498R N501Y Y505H T547K D614G H655Y N679K P681H N764K D796Y N856K Q954H N969K L981F	BA.1.1	0.333333333333333	44.4652943455476	133.395883036643	1	2	89363
BA.1	1	2021-08-15	A67V T95I G339D R346K S371L S373P S375F K417N N440K G446S S477N T478K E484A Q493R G496S Q498R N501Y Y505H T547K D614G H655Y N679K P681H N764K D796Y N856K Q954H N969K L981F	BA.1.1	0	0	0	0	0	86843
BA.1	1	2021-08-22	A67V T95I G339D R346K S371L S373P S375F K417N N440K G446S S477N T478K E484A Q493R G496S Q498R N501Y Y505H T547K D614G H655Y N679K P681H N764K D796Y N856K Q954H N969K L981F	BA.1.1	0	0	37.0463940407748	0	1	116073
BA.1	1	2021-08-29	A67V T95I G339D R346K S371L S373P S375F K417N N440K G446S S477N T478K E484A Q493R G496S Q498R N501Y Y505H T547K D614G H655Y N679K P681H N764K D796Y N856K Q954H N969K L981F	BA.1.1	0	0	93.0091311014391	0	2	95291
BA.1	1	2021-09-05	A67V T95I G339D R346K S371L S373P S375F K417N N440K G446S S477N T478K E484A Q493R G496S Q498R N501Y Y505H T547K D614G H655Y N679K P681H N764K D796Y N856K Q954H N969K L981F	BA.1.1	0	0	44.8458485479421	0	1	94331
BA.1	1	2021-09-12	A67V T95I G339D R346K S371L S373P S375F K417N N440K G446S S477N T478K E484A Q493R G496S Q498R N501Y Y505H T547K D614G H655Y N679K P681H N764K D796Y N856K Q954H N969K L981F	BA.1.1	0	0	47.7852103683841	0	1	82712
BA.1	1	2021-09-19	A67V T95I G339D R346K S371L S373P S375F K417N N440K G446S S477N T478K E484A Q493R G496S Q498R N501Y Y505H T547K D614G H655Y N679K P681H N764K D796Y N856K Q954H N969K L981F	BA.1.1	0	0	0	0	0	78320
BA.1	1	2021-09-26	A67V T95I G339D R346K S371L S373P S375F K417N N440K G446S S477N T478K E484A Q493R G496S Q498R N501Y Y505H T547K D614G H655Y N679K P681H N764K D796Y N856K Q954H N969K L981F	BA.1.1	0	0	0	0	0	71571
BA.1	1	2021-10-03	A67V T95I G339D R346K S371L S373P S375F K417N N440K G446S S477N T478K E484A Q493R G496S Q498R N501Y Y505H T547K D614G H655Y N679K P681H N764K D796Y N856K Q954H N969K L981F	BA.1.1	0.428571428571429	131.885731601493	307.733373736817	3	4	72189
BA.1	1	2021-10-10	A67V T95I G339D R346K S371L S373P S375F K417N N440K G446S S477N T478K E484A Q493R G496S Q498R N501Y Y505H T547K D614G H655Y N679K P681H N764K D796Y N856K Q954H N969K L981F	BA.1.1	0	0	38.7704085831482	0	1	76717
BA.1	1	2021-10-17	A67V T95I G339D R346K S371L S373P S375F K417N N440K G446S S477N T478K E484A Q493R G496S Q498R N501Y Y505H T547K D614G H655Y N679K P681H N764K D796Y N856K Q954H N969K L981F	BA.1.1	0.25	41.757723370009	167.030893480036	1	3	70411
BA.1	1	2021-10-24	A67V T95I G339D R346K S371L S373P S375F K417N N440K G446S S477N T478K E484A Q493R G496S Q498R N501Y Y505H T547K D614G H655Y N679K P681H N764K D796Y N856K Q954H N969K L981F	BA.1.1	0	0	72.0685201392302	0	2	83268
BA.1	1	2021-10-31	A67V T95I G339D R346K S371L S373P S375F K417N N440K G446S S477N T478K E484A Q493R G496S Q498R N501Y Y505H T547K D614G H655Y N679K P681H N764K D796Y N856K Q954H N969K L981F	BA.1.1	0.428571428571429	102.873336205278	240.037784478981	3	4	90390
BA.1	1	2021-11-07	A67V T95I G339D R346K S371L S373P S375F K417N N440K G446S S477N T478K E484A Q493R G496S Q498R N501Y Y505H T547K D614G H655Y N679K P681H N764K D796Y N856K Q954H N969K L981F	BA.1.1	0.166666666666667	33.6732089575353	202.039253745212	1	5	96738
BA.1	1	2021-11-14	A67V T95I G339D R346K S371L S373P S375F K417N N440K G446S S477N T478K E484A Q493R G496S Q498R N501Y Y505H T547K D614G H655Y N679K P681H N764K D796Y N856K Q954H N969K L981F	BA.1.1	0.235294117647059	131.768371347337	560.01557822618	4	13	106344
BA.1	1	2021-11-21	A67V T95I G339D R346K S371L S373P S375F K417N N440K G446S S477N T478K E484A Q493R G496S Q498R N501Y Y505H T547K D614G H655Y N679K P681H N764K D796Y N856K Q954H N969K L981F	BA.1.1	0.0777777777777778	261.399580259059	3360.8517461879	7	83	101480
BA.1	1	2021-11-28	A67V T95I G339D R346K S371L S373P S375F K417N N440K G446S S477N T478K E484A Q493R G496S Q498R N501Y Y505H T547K D614G H655Y N679K P681H N764K D796Y N856K Q954H N969K L981F	BA.1.1	0.087431693989071	1373.72905699204	15712.0260893465	32	334	94125
BA.1	1	2021-12-05	A67V T95I G339D R346K S371L S373P S375F K417N N440K G446S S477N T478K E484A Q493R G496S Q498R N501Y Y505H T547K D614G H655Y N679K P681H N764K D796Y N856K Q954H N969K L981F	BA.1.1	0.0875763747454175	3064.56015705654	34993.000863134	86	896	117010
BA.1	1	2021-12-12	A67V T95I G339D R346K S371L S373P S375F K417N N440K G446S S477N T478K E484A Q493R G496S Q498R N501Y Y505H T547K D614G H655Y N679K P681H N764K D796Y N856K Q954H N969K L981F	BA.1.1	0.152457848492045	26586.332816006	174384.809171653	642	3569	102521
BA.1	1	2021-12-19	A67V T95I G339D R346K S371L S373P S375F K417N N440K G446S S477N T478K E484A Q493R G496S Q498R N501Y Y505H T547K D614G H655Y N679K P681H N764K D796Y N856K Q954H N969K L981F	BA.1.1	0.2642454205489	251419.276319152	951461.243100805	4169	11608	67312
BA.1	1	2021-12-26	A67V T95I G339D R346K S371L S373P S375F K417N N440K G446S S477N T478K E484A Q493R G496S Q498R N501Y Y505H T547K D614G H655Y N679K P681H N764K D796Y N856K Q954H N969K L981F	BA.1.1	0.320439813412492	1114203.93040135	3477108.28606392	10579	22435	33475
BA.1	1	2022-01-02	A67V T95I G339D R346K S371L S373P S375F K417N N440K G446S S477N T478K E484A Q493R G496S Q498R N501Y Y505H T547K D614G H655Y N679K P681H N764K D796Y N856K Q954H N969K L981F	BA.1.1	0.344304554115142	2706309.06122449	7860218.60262543	18432	35102	19627
BA.1	1	2022-01-09	A67V T95I G339D R346K S371L S373P S375F K417N N440K G446S S477N T478K E484A Q493R G496S Q498R N501Y Y505H T547K D614G H655Y N679K P681H N764K D796Y N856K Q954H N969K L981F	BA.1.1	0.397280675850912	5205251.50316541	13102201.5908944	30943	46944	12002
BA.1	1	2022-01-16	A67V T95I G339D R346K S371L S373P S375F K417N N440K G446S S477N T478K E484A Q493R G496S Q498R N501Y Y505H T547K D614G H655Y N679K P681H N764K D796Y N856K Q954H N969K L981F	BA.1.1	0.423874755381605	7683086.5764164	18125841.3691079	41154	55936	5185
BA.1	1	2022-01-23	A67V T95I G339D R346K S371L S373P S375F K417N N440K G446S S477N T478K E484A Q493R G496S Q498R N501Y Y505H T547K D614G H655Y N679K P681H N764K D796Y N856K Q954H N969K L981F	BA.1.1	0.440473854835244	8867995.31401313	20132852.8734813	47147	59890	2361
BA.1	1	2022-01-30	A67V T95I G339D R346K S371L S373P S375F K417N N440K G446S S477N T478K E484A Q493R G496S Q498R N501Y Y505H T547K D614G H655Y N679K P681H N764K D796Y N856K Q954H N969K L981F	BA.1.1	0.455537215378057	8898375.93098957	19533806.7464031	41673	49808	1026
BA.1	1	2022-02-06	A67V T95I G339D R346K S371L S373P S375F K417N N440K G446S S477N T478K E484A Q493R G496S Q498R N501Y Y505H T547K D614G H655Y N679K P681H N764K D796Y N856K Q954H N969K L981F	BA.1.1	0.482990632853553	7846088.55593347	16244804.8103502	42281	45259	552
BA.1	1	2022-02-13	A67V T95I G339D R346K S371L S373P S375F K417N N440K G446S S477N T478K E484A Q493R G496S Q498R N501Y Y505H T547K D614G H655Y N679K P681H N764K D796Y N856K Q954H N969K L981F	BA.1.1	0.518529460879395	6428468.55791688	12397499.1642993	40367	37482	312
BA.1	1	2022-02-20	A67V T95I G339D R346K S371L S373P S375F K417N N440K G446S S477N T478K E484A Q493R G496S Q498R N501Y Y505H T547K D614G H655Y N679K P681H N764K D796Y N856K Q954H N969K L981F	BA.1.1	0.548526714056409	4613339.66208814	8410419.29931185	38274	31502	143
BA.1	1	2022-02-27	A67V T95I G339D R346K S371L S373P S375F K417N N440K G446S S477N T478K E484A Q493R G496S Q498R N501Y Y505H T547K D614G H655Y N679K P681H N764K D796Y N856K Q954H N969K L981F	BA.1.1	0.563225987342786	3390237.85986531	6019320.72747553	28123	21809	82
BA.1	1	2022-03-06	A67V T95I G339D R346K S371L S373P S375F K417N N440K G446S S477N T478K E484A Q493R G496S Q498R N501Y Y505H T547K D614G H655Y N679K P681H N764K D796Y N856K Q954H N969K L981F	BA.1.1	0.590255927860132	2459574.56329679	4166962.917617	18197	12632	48
BA.1	1	2022-03-13	A67V T95I G339D R346K S371L S373P S375F K417N N440K G446S S477N T478K E484A Q493R G496S Q498R N501Y Y505H T547K D614G H655Y N679K P681H N764K D796Y N856K Q954H N969K L981F	BA.1.1	0.602386753107321	1852256.09263957	3074861.9273	14588	9629	42
BA.1	1	2022-03-20	A67V T95I G339D R346K S371L S373P S375F K417N N440K G446S S477N T478K E484A Q493R G496S Q498R N501Y Y505H T547K D614G H655Y N679K P681H N764K D796Y N856K Q954H N969K L981F	BA.1.1	0.616585365853659	1227358.52176181	1990573.55190801	10112	6288	41
BA.1	1	2022-03-27	A67V T95I G339D R346K S371L S373P S375F K417N N440K G446S S477N T478K E484A Q493R G496S Q498R N501Y Y505H T547K D614G H655Y N679K P681H N764K D796Y N856K Q954H N969K L981F	BA.1.1	0.636413540713632	859929.262023727	1351211.44823452	6956	3974	19
BA.1	1	2022-04-03	A67V T95I G339D R346K S371L S373P S375F K417N N440K G446S S477N T478K E484A Q493R G496S Q498R N501Y Y505H T547K D614G H655Y N679K P681H N764K D796Y N856K Q954H N969K L981F	BA.1.1	0.628932584269663	559739.791328801	889983.768258389	4478	2642	19
BA.1	1	2022-04-10	A67V T95I G339D R346K S371L S373P S375F K417N N440K G446S S477N T478K E484A Q493R G496S Q498R N501Y Y505H T547K D614G H655Y N679K P681H N764K D796Y N856K Q954H N969K L981F	BA.1.1	0.622924901185771	361919.041860128	580999.477097794	3152	1908	9
BA.1	1	2022-04-17	A67V T95I G339D R346K S371L S373P S375F K417N N440K G446S S477N T478K E484A Q493R G496S Q498R N501Y Y505H T547K D614G H655Y N679K P681H N764K D796Y N856K Q954H N969K L981F	BA.1.1	0.601887451939881	168107.6189106	279300.753602338	1722	1139	11
BA.1	1	2022-04-24	A67V T95I G339D R346K S371L S373P S375F K417N N440K G446S S477N T478K E484A Q493R G496S Q498R N501Y Y505H T547K D614G H655Y N679K P681H N764K D796Y N856K Q954H N969K L981F	BA.1.1	0.584652862362972	78969.6402752977	135070.988887541	960	682	13
BA.1	1	2022-05-01	A67V T95I G339D R346K S371L S373P S375F K417N N440K G446S S477N T478K E484A Q493R G496S Q498R N501Y Y505H T547K D614G H655Y N679K P681H N764K D796Y N856K Q954H N969K L981F	BA.1.1	0.587872559095581	43674.3528059759	74292.2120283471	572	401	18
BA.1	1	2022-05-08	A67V T95I G339D R346K S371L S373P S375F K417N N440K G446S S477N T478K E484A Q493R G496S Q498R N501Y Y505H T547K D614G H655Y N679K P681H N764K D796Y N856K Q954H N969K L981F	BA.1.1	0.53781512605042	23589.7158233783	43862.1278590941	320	275	5
BA.1	1	2022-05-15	A67V T95I G339D R346K S371L S373P S375F K417N N440K G446S S477N T478K E484A Q493R G496S Q498R N501Y Y505H T547K D614G H655Y N679K P681H N764K D796Y N856K Q954H N969K L981F	BA.1.1	0.452211126961484	19809.6073443203	43806.1033071563	317	384	9
BA.1	1	2022-05-22	A67V T95I G339D R346K S371L S373P S375F K417N N440K G446S S477N T478K E484A Q493R G496S Q498R N501Y Y505H T547K D614G H655Y N679K P681H N764K D796Y N856K Q954H N969K L981F	BA.1.1	0.398169336384439	11040.9252599825	27729.2203368527	174	263	9
BA.1	1	2022-05-29	A67V T95I G339D R346K S371L S373P S375F K417N N440K G446S S477N T478K E484A Q493R G496S Q498R N501Y Y505H T547K D614G H655Y N679K P681H N764K D796Y N856K Q954H N969K L981F	BA.1.1	0.411764705882353	4461.88793046598	10836.0135454174	77	110	10
BA.1	1	2022-06-05	A67V T95I G339D R346K S371L S373P S375F K417N N440K G446S S477N T478K E484A Q493R G496S Q498R N501Y Y505H T547K D614G H655Y N679K P681H N764K D796Y N856K Q954H N969K L981F	BA.1.1	0.315789473684211	2413.95163653148	7644.18018234968	42	91	7
BA.1	1	2022-06-12	A67V T95I G339D R346K S371L S373P S375F K417N N440K G446S S477N T478K E484A Q493R G496S Q498R N501Y Y505H T547K D614G H655Y N679K P681H N764K D796Y N856K Q954H N969K L981F	BA.1.1	0.223529411764706	1065.11852424137	4765.00392423769	19	66	2
BA.1	1	2022-06-19	A67V T95I G339D R346K S371L S373P S375F K417N N440K G446S S477N T478K E484A Q493R G496S Q498R N501Y Y505H T547K D614G H655Y N679K P681H N764K D796Y N856K Q954H N969K L981F	BA.1.1	0.208333333333333	659.564002201322	3165.90721056635	10	38	10
BA.1	1	2022-06-26	A67V T95I G339D R346K S371L S373P S375F K417N N440K G446S S477N T478K E484A Q493R G496S Q498R N501Y Y505H T547K D614G H655Y N679K P681H N764K D796Y N856K Q954H N969K L981F	BA.1.1	0.210526315789474	600.223381477933	2851.06106202018	8	30	4
BA.1	1	2022-07-03	A67V T95I G339D R346K S371L S373P S375F K417N N440K G446S S477N T478K E484A Q493R G496S Q498R N501Y Y505H T547K D614G H655Y N679K P681H N764K D796Y N856K Q954H N969K L981F	BA.1.1	0.228571428571429	633.996992048949	2773.73684021415	8	27	6
BA.1	1	2022-07-10	A67V T95I G339D R346K S371L S373P S375F K417N N440K G446S S477N T478K E484A Q493R G496S Q498R N501Y Y505H T547K D614G H655Y N679K P681H N764K D796Y N856K Q954H N969K L981F	BA.1.1	0.236842105263158	767.711495694817	3241.44853737811	9	29	4
BA.1	1	2022-07-17	A67V T95I G339D R346K S371L S373P S375F K417N N440K G446S S477N T478K E484A Q493R G496S Q498R N501Y Y505H T547K D614G H655Y N679K P681H N764K D796Y N856K Q954H N969K L981F	BA.1.1	0.05	181.342777830956	3626.85555661913	2	38	5
BA.1	1	2022-07-24	A67V T95I G339D R346K S371L S373P S375F K417N N440K G446S S477N T478K E484A Q493R G496S Q498R N501Y Y505H T547K D614G H655Y N679K P681H N764K D796Y N856K Q954H N969K L981F	BA.1.1	0.0833333333333333	207.137741540483	2485.6528984858	2	22	8
BA.1	1	2022-07-31	A67V T95I G339D R346K S371L S373P S375F K417N N440K G446S S477N T478K E484A Q493R G496S Q498R N501Y Y505H T547K D614G H655Y N679K P681H N764K D796Y N856K Q954H N969K L981F	BA.1.1	0.08	245.417085367867	3067.71356709834	2	23	5
BA.1	1	2022-08-07	A67V T95I G339D R346K S371L S373P S375F K417N N440K G446S S477N T478K E484A Q493R G496S Q498R N501Y Y505H T547K D614G H655Y N679K P681H N764K D796Y N856K Q954H N969K L981F	BA.1.1	0.15	375.224310995068	2501.49540663379	3	17	4
BA.1	1	2022-08-14	A67V T95I G339D R346K S371L S373P S375F K417N N440K G446S S477N T478K E484A Q493R G496S Q498R N501Y Y505H T547K D614G H655Y N679K P681H N764K D796Y N856K Q954H N969K L981F	BA.1.1	0.0588235294117647	258.358291638196	4392.09095784934	2	32	2
BA.1	1	2022-08-21	A67V T95I G339D R346K S371L S373P S375F K417N N440K G446S S477N T478K E484A Q493R G496S Q498R N501Y Y505H T547K D614G H655Y N679K P681H N764K D796Y N856K Q954H N969K L981F	BA.1.1	0	0	2028.81343628324	0	18	4
BA.1	1	2022-08-28	A67V T95I G339D R346K S371L S373P S375F K417N N440K G446S S477N T478K E484A Q493R G496S Q498R N501Y Y505H T547K D614G H655Y N679K P681H N764K D796Y N856K Q954H N969K L981F	BA.1.1	0.0952380952380952	204.966404479403	2152.14724703373	2	19	2
BA.1	1	2022-09-04	A67V T95I G339D R346K S371L S373P S375F K417N N440K G446S S477N T478K E484A Q493R G496S Q498R N501Y Y505H T547K D614G H655Y N679K P681H N764K D796Y N856K Q954H N969K L981F	BA.1.1	0.0666666666666667	96.8379382130069	1452.5690731951	1	14	2
BA.1	1	2022-09-11	A67V T95I G339D R346K S371L S373P S375F K417N N440K G446S S477N T478K E484A Q493R G496S Q498R N501Y Y505H T547K D614G H655Y N679K P681H N764K D796Y N856K Q954H N969K L981F	BA.1.1	0.266666666666667	372.774651764576	1397.90494411716	4	11	4
BA.1	1	2022-09-18	A67V T95I G339D R346K S371L S373P S375F K417N N440K G446S S477N T478K E484A Q493R G496S Q498R N501Y Y505H T547K D614G H655Y N679K P681H N764K D796Y N856K Q954H N969K L981F	BA.1.1	0	0	747.763700501814	0	10	4
BA.1	1	2022-09-25	A67V T95I G339D R346K S371L S373P S375F K417N N440K G446S S477N T478K E484A Q493R G496S Q498R N501Y Y505H T547K D614G H655Y N679K P681H N764K D796Y N856K Q954H N969K L981F	BA.1.1	0.1	82.0461656905606	820.461656905606	1	9	3
BA.1	1	2022-10-02	A67V T95I G339D R346K S371L S373P S375F K417N N440K G446S S477N T478K E484A Q493R G496S Q498R N501Y Y505H T547K D614G H655Y N679K P681H N764K D796Y N856K Q954H N969K L981F	BA.1.1	0.277777777777778	441.972860336439	1591.10229721118	5	13	12
BA.1	1	2022-10-09	A67V T95I G339D R346K S371L S373P S375F K417N N440K G446S S477N T478K E484A Q493R G496S Q498R N501Y Y505H T547K D614G H655Y N679K P681H N764K D796Y N856K Q954H N969K L981F	BA.1.1	0	0	979.104022120119	0	11	2
BA.1	1	2022-10-16	A67V T95I G339D R346K S371L S373P S375F K417N N440K G446S S477N T478K E484A Q493R G496S Q498R N501Y Y505H T547K D614G H655Y N679K P681H N764K D796Y N856K Q954H N969K L981F	BA.1.1	0.2	259.358230759667	1296.79115379833	3	12	3
BA.1	1	2022-10-23	A67V T95I G339D R346K S371L S373P S375F K417N N440K G446S S477N T478K E484A Q493R G496S Q498R N501Y Y505H T547K D614G H655Y N679K P681H N764K D796Y N856K Q954H N969K L981F	BA.1.1	0	0	686.241206475937	0	8	0
BA.1	1	2022-10-30	A67V T95I G339D R346K S371L S373P S375F K417N N440K G446S S477N T478K E484A Q493R G496S Q498R N501Y Y505H T547K D614G H655Y N679K P681H N764K D796Y N856K Q954H N969K L981F	BA.1.1	0.272727272727273	229.471825448827	841.396693312366	3	8	2
BA.1	1	2022-11-06	A67V T95I G339D R346K S371L S373P S375F K417N N440K G446S S477N T478K E484A Q493R G496S Q498R N501Y Y505H T547K D614G H655Y N679K P681H N764K D796Y N856K Q954H N969K L981F	BA.1.1	0.111111111111111	73.0161062139515	657.144955925563	1	8	1
BA.1	1	2022-11-13	A67V T95I G339D R346K S371L S373P S375F K417N N440K G446S S477N T478K E484A Q493R G496S Q498R N501Y Y505H T547K D614G H655Y N679K P681H N764K D796Y N856K Q954H N969K L981F	BA.1.1	0.2	70.3137237064216	351.568618532108	1	4	5
BA.1	1	2022-11-20	A67V T95I G339D R346K S371L S373P S375F K417N N440K G446S S477N T478K E484A Q493R G496S Q498R N501Y Y505H T547K D614G H655Y N679K P681H N764K D796Y N856K Q954H N969K L981F	BA.1.1	0.25	154.056510785229	616.226043140916	2	6	2
BA.1	1	2022-11-27	A67V T95I G339D R346K S371L S373P S375F K417N N440K G446S S477N T478K E484A Q493R G496S Q498R N501Y Y505H T547K D614G H655Y N679K P681H N764K D796Y N856K Q954H N969K L981F	BA.1.1	0.111111111111111	83.222767351362	749.004906162258	1	8	3
BA.1	1	2022-12-04	A67V T95I G339D R346K S371L S373P S375F K417N N440K G446S S477N T478K E484A Q493R G496S Q498R N501Y Y505H T547K D614G H655Y N679K P681H N764K D796Y N856K Q954H N969K L981F	BA.1.1	0.0526315789473684	76.02873604958	1444.54598494202	1	18	1
BA.1	1	2022-12-11	A67V T95I G339D R346K S371L S373P S375F K417N N440K G446S S477N T478K E484A Q493R G496S Q498R N501Y Y505H T547K D614G H655Y N679K P681H N764K D796Y N856K Q954H N969K L981F	BA.1.1	0	0	264.187253912166	0	3	2
BA.1	1	2022-12-18	A67V T95I G339D R346K S371L S373P S375F K417N N440K G446S S477N T478K E484A Q493R G496S Q498R N501Y Y505H T547K D614G H655Y N679K P681H N764K D796Y N856K Q954H N969K L981F	BA.1.1	0	0	556.542951376743	0	6	1
BA.1	1	2022-12-25	A67V T95I G339D R346K S371L S373P S375F K417N N440K G446S S477N T478K E484A Q493R G496S Q498R N501Y Y505H T547K D614G H655Y N679K P681H N764K D796Y N856K Q954H N969K L981F	BA.1.1	0	0	577.463422511708	0	6	1
BA.1	1	2023-01-01	A67V T95I G339D R346K S371L S373P S375F K417N N440K G446S S477N T478K E484A Q493R G496S Q498R N501Y Y505H T547K D614G H655Y N679K P681H N764K D796Y N856K Q954H N969K L981F	BA.1.1	0.4	197.489171974522	493.722929936306	2	3	3
BA.1	1	2023-01-08	A67V T95I G339D R346K S371L S373P S375F K417N N440K G446S S477N T478K E484A Q493R G496S Q498R N501Y Y505H T547K D614G H655Y N679K P681H N764K D796Y N856K Q954H N969K L981F	BA.1.1	0	0	1075.91323538685	0	12	2
BA.1	1	2023-01-15	A67V T95I G339D R346K S371L S373P S375F K417N N440K G446S S477N T478K E484A Q493R G496S Q498R N501Y Y505H T547K D614G H655Y N679K P681H N764K D796Y N856K Q954H N969K L981F	BA.1.1	0.25	97.685584486032	390.742337944128	1	3	1
BA.1	1	2023-01-22	A67V T95I G339D R346K S371L S373P S375F K417N N440K G446S S477N T478K E484A Q493R G496S Q498R N501Y Y505H T547K D614G H655Y N679K P681H N764K D796Y N856K Q954H N969K L981F	BA.1.1	0	0	633.24057318844	0	7	1
BA.1	1	2023-01-29	A67V T95I G339D R346K S371L S373P S375F K417N N440K G446S S477N T478K E484A Q493R G496S Q498R N501Y Y505H T547K D614G H655Y N679K P681H N764K D796Y N856K Q954H N969K L981F	BA.1.1	0	0	69.9840547432297	0	1	0
BA.1	1	2023-02-05	A67V T95I G339D R346K S371L S373P S375F K417N N440K G446S S477N T478K E484A Q493R G496S Q498R N501Y Y505H T547K D614G H655Y N679K P681H N764K D796Y N856K Q954H N969K L981F	BA.1.1	0	0	0	0	0	1
BA.1	1	2023-02-12	A67V T95I G339D R346K S371L S373P S375F K417N N440K G446S S477N T478K E484A Q493R G496S Q498R N501Y Y505H T547K D614G H655Y N679K P681H N764K D796Y N856K Q954H N969K L981F	BA.1.1	0	0	231.311693063614	0	4	0
BA.1	1	2023-02-19	A67V T95I G339D R346K S371L S373P S375F K417N N440K G446S S477N T478K E484A Q493R G496S Q498R N501Y Y505H T547K D614G H655Y N679K P681H N764K D796Y N856K Q954H N969K L981F	BA.1.1	0	0	55.9008040974946	0	1	0
BA.1	1	2023-02-26	A67V T95I G339D R346K S371L S373P S375F K417N N440K G446S S477N T478K E484A Q493R G496S Q498R N501Y Y505H T547K D614G H655Y N679K P681H N764K D796Y N856K Q954H N969K L981F	BA.1.1	0	0	291.413468529545	0	5	1
BA.1	1	2023-03-05	A67V T95I G339D R346K S371L S373P S375F K417N N440K G446S S477N T478K E484A Q493R G496S Q498R N501Y Y505H T547K D614G H655Y N679K P681H N764K D796Y N856K Q954H N969K L981F	BA.1.1	0	0	0	0	0	0
BA.1	1	2023-03-12	A67V T95I G339D R346K S371L S373P S375F K417N N440K G446S S477N T478K E484A Q493R G496S Q498R N501Y Y505H T547K D614G H655Y N679K P681H N764K D796Y N856K Q954H N969K L981F	BA.1.1	0	0	112.832154425861	0	2	1
BA.1	1	2023-03-19	A67V T95I G339D R346K S371L S373P S375F K417N N440K G446S S477N T478K E484A Q493R G496S Q498R N501Y Y505H T547K D614G H655Y N679K P681H N764K D796Y N856K Q954H N969K L981F	BA.1.1	0	0	287.157153971285	0	5	1
BA.1	1	2023-03-26	A67V T95I G339D R346K S371L S373P S375F K417N N440K G446S S477N T478K E484A Q493R G496S Q498R N501Y Y505H T547K D614G H655Y N679K P681H N764K D796Y N856K Q954H N969K L981F	BA.1.1	0	0	295.471035622297	0	5	0
BA.1	1	2023-04-02	A67V T95I G339D R346K S371L S373P S375F K417N N440K G446S S477N T478K E484A Q493R G496S Q498R N501Y Y505H T547K D614G H655Y N679K P681H N764K D796Y N856K Q954H N969K L981F	BA.1.1	0	0	63.2051156195463	0	1	1
BA.1	1	2023-04-09	A67V T95I G339D R346K S371L S373P S375F K417N N440K G446S S477N T478K E484A Q493R G496S Q498R N501Y Y505H T547K D614G H655Y N679K P681H N764K D796Y N856K Q954H N969K L981F	BA.1.1	0	0	0	0	0	0
BA.1	1	2023-04-16	A67V T95I G339D R346K S371L S373P S375F K417N N440K G446S S477N T478K E484A Q493R G496S Q498R N501Y Y505H T547K D614G H655Y N679K P681H N764K D796Y N856K Q954H N969K L981F	BA.1.1	0.6	392.508252650991	654.180421084985	6	4	0
BA.1	1	2023-04-23	A67V T95I G339D R346K S371L S373P S375F K417N N440K G446S S477N T478K E484A Q493R G496S Q498R N501Y Y505H T547K D614G H655Y N679K P681H N764K D796Y N856K Q954H N969K L981F	BA.1.1	0	0	483.880819000819	0	7	0
BA.1	1	2023-04-30	A67V T95I G339D R346K S371L S373P S375F K417N N440K G446S S477N T478K E484A Q493R G496S Q498R N501Y Y505H T547K D614G H655Y N679K P681H N764K D796Y N856K Q954H N969K L981F	BA.1.1	0	0	66.373236201352	0	1	1
BA.1	1	2023-05-07	A67V T95I G339D R346K S371L S373P S375F K417N N440K G446S S477N T478K E484A Q493R G496S Q498R N501Y Y505H T547K D614G H655Y N679K P681H N764K D796Y N856K Q954H N969K L981F	BA.1.1	0	0	70.4730826380158	0	1	1
BA.1	1	2023-05-14	A67V T95I G339D R346K S371L S373P S375F K417N N440K G446S S477N T478K E484A Q493R G496S Q498R N501Y Y505H T547K D614G H655Y N679K P681H N764K D796Y N856K Q954H N969K L981F	BA.1.1	0	0	64.107119095143	0	1	1
BA.1	1	2023-05-21	A67V T95I G339D R346K S371L S373P S375F K417N N440K G446S S477N T478K E484A Q493R G496S Q498R N501Y Y505H T547K D614G H655Y N679K P681H N764K D796Y N856K Q954H N969K L981F	BA.1.1	0	0	58.2050304185962	0	1	0
BA.1	1	2023-05-28	A67V T95I G339D R346K S371L S373P S375F K417N N440K G446S S477N T478K E484A Q493R G496S Q498R N501Y Y505H T547K D614G H655Y N679K P681H N764K D796Y N856K Q954H N969K L981F	BA.1.1	0	0	93.9961771561772	0	2	0
BA.1	1	2023-06-04	A67V T95I G339D R346K S371L S373P S375F K417N N440K G446S S477N T478K E484A Q493R G496S Q498R N501Y Y505H T547K D614G H655Y N679K P681H N764K D796Y N856K Q954H N969K L981F	BA.1.1	0	0	0	0	0	0
BA.1	1	2023-06-11	A67V T95I G339D R346K S371L S373P S375F K417N N440K G446S S477N T478K E484A Q493R G496S Q498R N501Y Y505H T547K D614G H655Y N679K P681H N764K D796Y N856K Q954H N969K L981F	BA.1.1	0	0	41.5496353799106	0	1	0
BA.1	1	2023-06-18	A67V T95I G339D R346K S371L S373P S375F K417N N440K G446S S477N T478K E484A Q493R G496S Q498R N501Y Y505H T547K D614G H655Y N679K P681H N764K D796Y N856K Q954H N969K L981F	BA.1.1	0	0	0	0	0	1
BA.1	1	2023-06-25	A67V T95I G339D R346K S371L S373P S375F K417N N440K G446S S477N T478K E484A Q493R G496S Q498R N501Y Y505H T547K D614G H655Y N679K P681H N764K D796Y N856K Q954H N969K L981F	BA.1.1	0	0	34.3943699026572	0	1	0
BA.1	1	2023-07-02	A67V T95I G339D R346K S371L S373P S375F K417N N440K G446S S477N T478K E484A Q493R G496S Q498R N501Y Y505H T547K D614G H655Y N679K P681H N764K D796Y N856K Q954H N969K L981F	BA.1.1	0	0	42.4765771862546	0	1	1
BA.1	1	2023-07-09	A67V T95I G339D R346K S371L S373P S375F K417N N440K G446S S477N T478K E484A Q493R G496S Q498R N501Y Y505H T547K D614G H655Y N679K P681H N764K D796Y N856K Q954H N969K L981F	BA.1.1	0	0	0	0	0	0
BA.1	1	2023-07-16	A67V T95I G339D R346K S371L S373P S375F K417N N440K G446S S477N T478K E484A Q493R G496S Q498R N501Y Y505H T547K D614G H655Y N679K P681H N764K D796Y N856K Q954H N969K L981F	BA.1.1	0	0	0	0	0	0
BA.1	1	2023-07-23	A67V T95I G339D R346K S371L S373P S375F K417N N440K G446S S477N T478K E484A Q493R G496S Q498R N501Y Y505H T547K D614G H655Y N679K P681H N764K D796Y N856K Q954H N969K L981F	BA.1.1	0	0	99.6398036936588	0	2	0
BA.1	1	2023-07-30	A67V T95I G339D R346K S371L S373P S375F K417N N440K G446S S477N T478K E484A Q493R G496S Q498R N501Y Y505H T547K D614G H655Y N679K P681H N764K D796Y N856K Q954H N969K L981F	BA.1.1	0	0	68.8001079622132	0	1	0
BA.1	1	2023-08-06	A67V T95I G339D R346K S371L S373P S375F K417N N440K G446S S477N T478K E484A Q493R G496S Q498R N501Y Y505H T547K D614G H655Y N679K P681H N764K D796Y N856K Q954H N969K L981F	BA.1.1	0	0	53.6012891344383	0	1	0
BA.1	1	2023-08-13	A67V T95I G339D R346K S371L S373P S375F K417N N440K G446S S477N T478K E484A Q493R G496S Q498R N501Y Y505H T547K D614G H655Y N679K P681H N764K D796Y N856K Q954H N969K L981F	BA.1.1	0	0	0	0	0	0
BA.1	1	2023-08-20	A67V T95I G339D R346K S371L S373P S375F K417N N440K G446S S477N T478K E484A Q493R G496S Q498R N501Y Y505H T547K D614G H655Y N679K P681H N764K D796Y N856K Q954H N969K L981F	BA.1.1	0	0	0	0	0	0
BA.1	1	2023-08-27	A67V T95I G339D R346K S371L S373P S375F K417N N440K G446S S477N T478K E484A Q493R G496S Q498R N501Y Y505H T547K D614G H655Y N679K P681H N764K D796Y N856K Q954H N969K L981F	BA.1.1	0	0	0	0	0	0
BA.1	1	2023-09-03	A67V T95I G339D R346K S371L S373P S375F K417N N440K G446S S477N T478K E484A Q493R G496S Q498R N501Y Y505H T547K D614G H655Y N679K P681H N764K D796Y N856K Q954H N969K L981F	BA.1.1	0	0	29.7773340762754	0	1	0
BA.1	1	2023-09-10	A67V T95I G339D R346K S371L S373P S375F K417N N440K G446S S477N T478K E484A Q493R G496S Q498R N501Y Y505H T547K D614G H655Y N679K P681H N764K D796Y N856K Q954H N969K L981F	BA.1.1	0	0	0	0	0	0
BA.1	1	2023-09-17	A67V T95I G339D R346K S371L S373P S375F K417N N440K G446S S477N T478K E484A Q493R G496S Q498R N501Y Y505H T547K D614G H655Y N679K P681H N764K D796Y N856K Q954H N969K L981F	BA.1.1	0	0	0	0	0	0
BA.1	1	2023-09-24	A67V T95I G339D R346K S371L S373P S375F K417N N440K G446S S477N T478K E484A Q493R G496S Q498R N501Y Y505H T547K D614G H655Y N679K P681H N764K D796Y N856K Q954H N969K L981F	BA.1.1	0	0	11.9942260715079	0	1	0
BA.1	1	2023-10-01	A67V T95I G339D R346K S371L S373P S375F K417N N440K G446S S477N T478K E484A Q493R G496S Q498R N501Y Y505H T547K D614G H655Y N679K P681H N764K D796Y N856K Q954H N969K L981F	BA.1.1	0	0	29.3023546311911	0	2	0
BA.1	1	2023-10-08	A67V T95I G339D R346K S371L S373P S375F K417N N440K G446S S477N T478K E484A Q493R G496S Q498R N501Y Y505H T547K D614G H655Y N679K P681H N764K D796Y N856K Q954H N969K L981F	BA.1.1	0	0	15.4300887248235	0	1	0
BA.1	1	2023-10-15	A67V T95I G339D R346K S371L S373P S375F K417N N440K G446S S477N T478K E484A Q493R G496S Q498R N501Y Y505H T547K D614G H655Y N679K P681H N764K D796Y N856K Q954H N969K L981F	BA.1.1	0	0	16.4515480931367	0	1	0
BA.1	1	2023-10-22	A67V T95I G339D R346K S371L S373P S375F K417N N440K G446S S477N T478K E484A Q493R G496S Q498R N501Y Y505H T547K D614G H655Y N679K P681H N764K D796Y N856K Q954H N969K L981F	BA.1.1	0	0	0	0	0	0
BA.1	1	2023-10-29	A67V T95I G339D R346K S371L S373P S375F K417N N440K G446S S477N T478K E484A Q493R G496S Q498R N501Y Y505H T547K D614G H655Y N679K P681H N764K D796Y N856K Q954H N969K L981F	BA.1.1	0	0	15.4694142862162	0	1	0
BA.1	1	2023-11-05	A67V T95I G339D R346K S371L S373P S375F K417N N440K G446S S477N T478K E484A Q493R G496S Q498R N501Y Y505H T547K D614G H655Y N679K P681H N764K D796Y N856K Q954H N969K L981F	BA.1.1	0	0	0	0	0	0
BA.1	1	2023-11-12	A67V T95I G339D R346K S371L S373P S375F K417N N440K G446S S477N T478K E484A Q493R G496S Q498R N501Y Y505H T547K D614G H655Y N679K P681H N764K D796Y N856K Q954H N969K L981F	BA.1.1	0	0	18.9618565044512	0	1	0
BA.1	1	2023-11-19	A67V T95I G339D R346K S371L S373P S375F K417N N440K G446S S477N T478K E484A Q493R G496S Q498R N501Y Y505H T547K D614G H655Y N679K P681H N764K D796Y N856K Q954H N969K L981F	BA.1.1	0	0	22.6208534268596	0	1	0
BA.1	1	2023-11-26	A67V T95I G339D R346K S371L S373P S375F K417N N440K G446S S477N T478K E484A Q493R G496S Q498R N501Y Y505H T547K D614G H655Y N679K P681H N764K D796Y N856K Q954H N969K L981F	BA.1.1	0	0	0	0	0	0
BA.1	1	2023-12-03	A67V T95I G339D R346K S371L S373P S375F K417N N440K G446S S477N T478K E484A Q493R G496S Q498R N501Y Y505H T547K D614G H655Y N679K P681H N764K D796Y N856K Q954H N969K L981F	BA.1.1	0	0	26.8744990375209	0	1	0
BA.1	1	2023-12-10	A67V T95I G339D R346K S371L S373P S375F K417N N440K G446S S477N T478K E484A Q493R G496S Q498R N501Y Y505H T547K D614G H655Y N679K P681H N764K D796Y N856K Q954H N969K L981F	BA.1.1	0	0	0	0	0	0
BA.1	1	2023-12-17	A67V T95I G339D R346K S371L S373P S375F K417N N440K G446S S477N T478K E484A Q493R G496S Q498R N501Y Y505H T547K D614G H655Y N679K P681H N764K D796Y N856K Q954H N969K L981F	BA.1.1	0	0	0	0	0	0
BA.1	1	2023-12-24	A67V T95I G339D R346K S371L S373P S375F K417N N440K G446S S477N T478K E484A Q493R G496S Q498R N501Y Y505H T547K D614G H655Y N679K P681H N764K D796Y N856K Q954H N969K L981F	BA.1.1	0	0	34.0467225973672	0	1	0
BA.1	1	2023-12-31	A67V T95I G339D R346K S371L S373P S375F K417N N440K G446S S477N T478K E484A Q493R G496S Q498R N501Y Y505H T547K D614G H655Y N679K P681H N764K D796Y N856K Q954H N969K L981F	BA.1.1	0	0	0	0	0	0
BA.1	1	2024-01-07	A67V T95I G339D R346K S371L S373P S375F K417N N440K G446S S477N T478K E484A Q493R G496S Q498R N501Y Y505H T547K D614G H655Y N679K P681H N764K D796Y N856K Q954H N969K L981F	BA.1.1	0	0	22.8003536693192	0	1	0
BA.1	1	2024-01-14	A67V T95I G339D R346K S371L S373P S375F K417N N440K G446S S477N T478K E484A Q493R G496S Q498R N501Y Y505H T547K D614G H655Y N679K P681H N764K D796Y N856K Q954H N969K L981F	BA.1.1	0	0	20.5921073527076	0	1	0
BA.1	1	2024-01-21	A67V T95I G339D R346K S371L S373P S375F K417N N440K G446S S477N T478K E484A Q493R G496S Q498R N501Y Y505H T547K D614G H655Y N679K P681H N764K D796Y N856K Q954H N969K L981F	BA.1.1	0	0	38.9797938886639	0	2	0
BA.1	1	2024-01-28	A67V T95I G339D R346K S371L S373P S375F K417N N440K G446S S477N T478K E484A Q493R G496S Q498R N501Y Y505H T547K D614G H655Y N679K P681H N764K D796Y N856K Q954H N969K L981F	BA.1.1	0	0	0	0	0	0
BA.1	1	2024-02-04	A67V T95I G339D R346K S371L S373P S375F K417N N440K G446S S477N T478K E484A Q493R G496S Q498R N501Y Y505H T547K D614G H655Y N679K P681H N764K D796Y N856K Q954H N969K L981F	BA.1.1	0	0	0	0	0	0
BA.1	1	2024-02-11	A67V T95I G339D R346K S371L S373P S375F K417N N440K G446S S477N T478K E484A Q493R G496S Q498R N501Y Y505H T547K D614G H655Y N679K P681H N764K D796Y N856K Q954H N969K L981F	BA.1.1	0	0	16.5543193298804	0	1	0
BA.1	1	2024-02-18	A67V T95I G339D R346K S371L S373P S375F K417N N440K G446S S477N T478K E484A Q493R G496S Q498R N501Y Y505H T547K D614G H655Y N679K P681H N764K D796Y N856K Q954H N969K L981F	BA.1.1	0	0	0	0	0	0
BA.1	1	2024-02-25	A67V T95I G339D R346K S371L S373P S375F K417N N440K G446S S477N T478K E484A Q493R G496S Q498R N501Y Y505H T547K D614G H655Y N679K P681H N764K D796Y N856K Q954H N969K L981F	BA.1.1	0	0	0	0	0	0
BA.1	1	2024-03-03	A67V T95I G339D R346K S371L S373P S375F K417N N440K G446S S477N T478K E484A Q493R G496S Q498R N501Y Y505H T547K D614G H655Y N679K P681H N764K D796Y N856K Q954H N969K L981F	BA.1.1	0	0	0	0	0	0
BA.1	1	2024-03-10	A67V T95I G339D R346K S371L S373P S375F K417N N440K G446S S477N T478K E484A Q493R G496S Q498R N501Y Y505H T547K D614G H655Y N679K P681H N764K D796Y N856K Q954H N969K L981F	BA.1.1	0	0	38.0393173471592	0	1	0
BA.1	1	2024-03-17	A67V T95I G339D R346K S371L S373P S375F K417N N440K G446S S477N T478K E484A Q493R G496S Q498R N501Y Y505H T547K D614G H655Y N679K P681H N764K D796Y N856K Q954H N969K L981F	BA.1.1	0	0	43.480202190396	0	1	0
BA.1	1	2024-03-24	A67V T95I G339D R346K S371L S373P S375F K417N N440K G446S S477N T478K E484A Q493R G496S Q498R N501Y Y505H T547K D614G H655Y N679K P681H N764K D796Y N856K Q954H N969K L981F	BA.1.1	0	0	190.988095238095	0	2	0
BA.1	1	2024-03-31	A67V T95I G339D R346K S371L S373P S375F K417N N440K G446S S477N T478K E484A Q493R G496S Q498R N501Y Y505H T547K D614G H655Y N679K P681H N764K D796Y N856K Q954H N969K L981F	BA.1.1	0	0	0	0	0	0
