VOC	TopK	Week	Mut	Lineage	Proportion	HaploWeeklyCases	VOCWeeklyCases	HaploCount	OtherCount	PreviousVOCCount
BA.1	2	2020-01-12	A67V T95I G339D S371L S373P S375F K417N N440K G446S S477N T478K E484A Q493R G496S Q498R N501Y Y505H T547K D614G H655Y N679K P681H N764K D796Y N856K Q954H N969K L981F	BA.1	0	0	0	0	0	0
BA.1	2	2020-01-19	A67V T95I G339D S371L S373P S375F K417N N440K G446S S477N T478K E484A Q493R G496S Q498R N501Y Y505H T547K D614G H655Y N679K P681H N764K D796Y N856K Q954H N969K L981F	BA.1	0	0	0	0	0	0
BA.1	2	2020-01-26	A67V T95I G339D S371L S373P S375F K417N N440K G446S S477N T478K E484A Q493R G496S Q498R N501Y Y505H T547K D614G H655Y N679K P681H N764K D796Y N856K Q954H N969K L981F	BA.1	0	0	0	0	0	0
BA.1	2	2020-02-02	A67V T95I G339D S371L S373P S375F K417N N440K G446S S477N T478K E484A Q493R G496S Q498R N501Y Y505H T547K D614G H655Y N679K P681H N764K D796Y N856K Q954H N969K L981F	BA.1	0	0	0	0	0	0
BA.1	2	2020-02-09	A67V T95I G339D S371L S373P S375F K417N N440K G446S S477N T478K E484A Q493R G496S Q498R N501Y Y505H T547K D614G H655Y N679K P681H N764K D796Y N856K Q954H N969K L981F	BA.1	0	0	0	0	0	0
BA.1	2	2020-02-16	A67V T95I G339D S371L S373P S375F K417N N440K G446S S477N T478K E484A Q493R G496S Q498R N501Y Y505H T547K D614G H655Y N679K P681H N764K D796Y N856K Q954H N969K L981F	BA.1	0	0	0	0	0	0
BA.1	2	2020-02-23	A67V T95I G339D S371L S373P S375F K417N N440K G446S S477N T478K E484A Q493R G496S Q498R N501Y Y505H T547K D614G H655Y N679K P681H N764K D796Y N856K Q954H N969K L981F	BA.1	0	0	0	0	0	0
BA.1	2	2020-03-01	A67V T95I G339D S371L S373P S375F K417N N440K G446S S477N T478K E484A Q493R G496S Q498R N501Y Y505H T547K D614G H655Y N679K P681H N764K D796Y N856K Q954H N969K L981F	BA.1	0	0	0	0	0	0
BA.1	2	2020-03-08	A67V T95I G339D S371L S373P S375F K417N N440K G446S S477N T478K E484A Q493R G496S Q498R N501Y Y505H T547K D614G H655Y N679K P681H N764K D796Y N856K Q954H N969K L981F	BA.1	0	0	0	0	0	0
BA.1	2	2020-03-15	A67V T95I G339D S371L S373P S375F K417N N440K G446S S477N T478K E484A Q493R G496S Q498R N501Y Y505H T547K D614G H655Y N679K P681H N764K D796Y N856K Q954H N969K L981F	BA.1	0	0	0	0	0	0
BA.1	2	2020-03-22	A67V T95I G339D S371L S373P S375F K417N N440K G446S S477N T478K E484A Q493R G496S Q498R N501Y Y505H T547K D614G H655Y N679K P681H N764K D796Y N856K Q954H N969K L981F	BA.1	0	0	0	0	0	0
BA.1	2	2020-03-29	A67V T95I G339D S371L S373P S375F K417N N440K G446S S477N T478K E484A Q493R G496S Q498R N501Y Y505H T547K D614G H655Y N679K P681H N764K D796Y N856K Q954H N969K L981F	BA.1	0	0	0	0	0	0
BA.1	2	2020-04-05	A67V T95I G339D S371L S373P S375F K417N N440K G446S S477N T478K E484A Q493R G496S Q498R N501Y Y505H T547K D614G H655Y N679K P681H N764K D796Y N856K Q954H N969K L981F	BA.1	0	0	0	0	0	0
BA.1	2	2020-04-12	A67V T95I G339D S371L S373P S375F K417N N440K G446S S477N T478K E484A Q493R G496S Q498R N501Y Y505H T547K D614G H655Y N679K P681H N764K D796Y N856K Q954H N969K L981F	BA.1	0	0	0	0	0	0
BA.1	2	2020-04-19	A67V T95I G339D S371L S373P S375F K417N N440K G446S S477N T478K E484A Q493R G496S Q498R N501Y Y505H T547K D614G H655Y N679K P681H N764K D796Y N856K Q954H N969K L981F	BA.1	0	0	0	0	0	0
BA.1	2	2020-04-26	A67V T95I G339D S371L S373P S375F K417N N440K G446S S477N T478K E484A Q493R G496S Q498R N501Y Y505H T547K D614G H655Y N679K P681H N764K D796Y N856K Q954H N969K L981F	BA.1	0	0	0	0	0	0
BA.1	2	2020-05-03	A67V T95I G339D S371L S373P S375F K417N N440K G446S S477N T478K E484A Q493R G496S Q498R N501Y Y505H T547K D614G H655Y N679K P681H N764K D796Y N856K Q954H N969K L981F	BA.1	0	0	0	0	0	0
BA.1	2	2020-05-10	A67V T95I G339D S371L S373P S375F K417N N440K G446S S477N T478K E484A Q493R G496S Q498R N501Y Y505H T547K D614G H655Y N679K P681H N764K D796Y N856K Q954H N969K L981F	BA.1	0	0	0	0	0	0
BA.1	2	2020-05-17	A67V T95I G339D S371L S373P S375F K417N N440K G446S S477N T478K E484A Q493R G496S Q498R N501Y Y505H T547K D614G H655Y N679K P681H N764K D796Y N856K Q954H N969K L981F	BA.1	0	0	0	0	0	5
BA.1	2	2020-05-24	A67V T95I G339D S371L S373P S375F K417N N440K G446S S477N T478K E484A Q493R G496S Q498R N501Y Y505H T547K D614G H655Y N679K P681H N764K D796Y N856K Q954H N969K L981F	BA.1	0	0	0	0	0	0
BA.1	2	2020-05-31	A67V T95I G339D S371L S373P S375F K417N N440K G446S S477N T478K E484A Q493R G496S Q498R N501Y Y505H T547K D614G H655Y N679K P681H N764K D796Y N856K Q954H N969K L981F	BA.1	0	0	0	0	0	0
BA.1	2	2020-06-07	A67V T95I G339D S371L S373P S375F K417N N440K G446S S477N T478K E484A Q493R G496S Q498R N501Y Y505H T547K D614G H655Y N679K P681H N764K D796Y N856K Q954H N969K L981F	BA.1	0	0	0	0	0	0
BA.1	2	2020-06-14	A67V T95I G339D S371L S373P S375F K417N N440K G446S S477N T478K E484A Q493R G496S Q498R N501Y Y505H T547K D614G H655Y N679K P681H N764K D796Y N856K Q954H N969K L981F	BA.1	0	0	0	0	0	0
BA.1	2	2020-06-21	A67V T95I G339D S371L S373P S375F K417N N440K G446S S477N T478K E484A Q493R G496S Q498R N501Y Y505H T547K D614G H655Y N679K P681H N764K D796Y N856K Q954H N969K L981F	BA.1	0	0	0	0	0	0
BA.1	2	2020-06-28	A67V T95I G339D S371L S373P S375F K417N N440K G446S S477N T478K E484A Q493R G496S Q498R N501Y Y505H T547K D614G H655Y N679K P681H N764K D796Y N856K Q954H N969K L981F	BA.1	0	0	0	0	0	0
BA.1	2	2020-07-05	A67V T95I G339D S371L S373P S375F K417N N440K G446S S477N T478K E484A Q493R G496S Q498R N501Y Y505H T547K D614G H655Y N679K P681H N764K D796Y N856K Q954H N969K L981F	BA.1	0	0	0	0	0	0
BA.1	2	2020-07-12	A67V T95I G339D S371L S373P S375F K417N N440K G446S S477N T478K E484A Q493R G496S Q498R N501Y Y505H T547K D614G H655Y N679K P681H N764K D796Y N856K Q954H N969K L981F	BA.1	0	0	231.547981823042	0	1	2
BA.1	2	2020-07-19	A67V T95I G339D S371L S373P S375F K417N N440K G446S S477N T478K E484A Q493R G496S Q498R N501Y Y505H T547K D614G H655Y N679K P681H N764K D796Y N856K Q954H N969K L981F	BA.1	0	0	0	0	0	34
BA.1	2	2020-07-26	A67V T95I G339D S371L S373P S375F K417N N440K G446S S477N T478K E484A Q493R G496S Q498R N501Y Y505H T547K D614G H655Y N679K P681H N764K D796Y N856K Q954H N969K L981F	BA.1	0	0	0	0	0	0
BA.1	2	2020-08-02	A67V T95I G339D S371L S373P S375F K417N N440K G446S S477N T478K E484A Q493R G496S Q498R N501Y Y505H T547K D614G H655Y N679K P681H N764K D796Y N856K Q954H N969K L981F	BA.1	0	0	0	0	0	5
BA.1	2	2020-08-09	A67V T95I G339D S371L S373P S375F K417N N440K G446S S477N T478K E484A Q493R G496S Q498R N501Y Y505H T547K D614G H655Y N679K P681H N764K D796Y N856K Q954H N969K L981F	BA.1	0	0	0	0	0	0
BA.1	2	2020-08-16	A67V T95I G339D S371L S373P S375F K417N N440K G446S S477N T478K E484A Q493R G496S Q498R N501Y Y505H T547K D614G H655Y N679K P681H N764K D796Y N856K Q954H N969K L981F	BA.1	0	0	0	0	0	14
BA.1	2	2020-08-23	A67V T95I G339D S371L S373P S375F K417N N440K G446S S477N T478K E484A Q493R G496S Q498R N501Y Y505H T547K D614G H655Y N679K P681H N764K D796Y N856K Q954H N969K L981F	BA.1	0	0	0	0	0	2
BA.1	2	2020-08-30	A67V T95I G339D S371L S373P S375F K417N N440K G446S S477N T478K E484A Q493R G496S Q498R N501Y Y505H T547K D614G H655Y N679K P681H N764K D796Y N856K Q954H N969K L981F	BA.1	0	0	0	0	0	0
BA.1	2	2020-09-06	A67V T95I G339D S371L S373P S375F K417N N440K G446S S477N T478K E484A Q493R G496S Q498R N501Y Y505H T547K D614G H655Y N679K P681H N764K D796Y N856K Q954H N969K L981F	BA.1	0	0	0	0	0	0
BA.1	2	2020-09-13	A67V T95I G339D S371L S373P S375F K417N N440K G446S S477N T478K E484A Q493R G496S Q498R N501Y Y505H T547K D614G H655Y N679K P681H N764K D796Y N856K Q954H N969K L981F	BA.1	0	0	0	0	0	15
BA.1	2	2020-09-20	A67V T95I G339D S371L S373P S375F K417N N440K G446S S477N T478K E484A Q493R G496S Q498R N501Y Y505H T547K D614G H655Y N679K P681H N764K D796Y N856K Q954H N969K L981F	BA.1	0	0	0	0	0	3
BA.1	2	2020-09-27	A67V T95I G339D S371L S373P S375F K417N N440K G446S S477N T478K E484A Q493R G496S Q498R N501Y Y505H T547K D614G H655Y N679K P681H N764K D796Y N856K Q954H N969K L981F	BA.1	0	0	216.881468543443	0	1	1
BA.1	2	2020-10-04	A67V T95I G339D S371L S373P S375F K417N N440K G446S S477N T478K E484A Q493R G496S Q498R N501Y Y505H T547K D614G H655Y N679K P681H N764K D796Y N856K Q954H N969K L981F	BA.1	0	0	0	0	0	0
BA.1	2	2020-10-11	A67V T95I G339D S371L S373P S375F K417N N440K G446S S477N T478K E484A Q493R G496S Q498R N501Y Y505H T547K D614G H655Y N679K P681H N764K D796Y N856K Q954H N969K L981F	BA.1	0	0	0	0	0	0
BA.1	2	2020-10-18	A67V T95I G339D S371L S373P S375F K417N N440K G446S S477N T478K E484A Q493R G496S Q498R N501Y Y505H T547K D614G H655Y N679K P681H N764K D796Y N856K Q954H N969K L981F	BA.1	0	0	0	0	0	6
BA.1	2	2020-10-25	A67V T95I G339D S371L S373P S375F K417N N440K G446S S477N T478K E484A Q493R G496S Q498R N501Y Y505H T547K D614G H655Y N679K P681H N764K D796Y N856K Q954H N969K L981F	BA.1	0	0	0	0	0	0
BA.1	2	2020-11-01	A67V T95I G339D S371L S373P S375F K417N N440K G446S S477N T478K E484A Q493R G496S Q498R N501Y Y505H T547K D614G H655Y N679K P681H N764K D796Y N856K Q954H N969K L981F	BA.1	0	0	0	0	0	1
BA.1	2	2020-11-08	A67V T95I G339D S371L S373P S375F K417N N440K G446S S477N T478K E484A Q493R G496S Q498R N501Y Y505H T547K D614G H655Y N679K P681H N764K D796Y N856K Q954H N969K L981F	BA.1	0	0	0	0	0	3
BA.1	2	2020-11-15	A67V T95I G339D S371L S373P S375F K417N N440K G446S S477N T478K E484A Q493R G496S Q498R N501Y Y505H T547K D614G H655Y N679K P681H N764K D796Y N856K Q954H N969K L981F	BA.1	0	0	0	0	0	4
BA.1	2	2020-11-22	A67V T95I G339D S371L S373P S375F K417N N440K G446S S477N T478K E484A Q493R G496S Q498R N501Y Y505H T547K D614G H655Y N679K P681H N764K D796Y N856K Q954H N969K L981F	BA.1	0	0	0	0	0	3
BA.1	2	2020-11-29	A67V T95I G339D S371L S373P S375F K417N N440K G446S S477N T478K E484A Q493R G496S Q498R N501Y Y505H T547K D614G H655Y N679K P681H N764K D796Y N856K Q954H N969K L981F	BA.1	0	0	0	0	0	0
BA.1	2	2020-12-06	A67V T95I G339D S371L S373P S375F K417N N440K G446S S477N T478K E484A Q493R G496S Q498R N501Y Y505H T547K D614G H655Y N679K P681H N764K D796Y N856K Q954H N969K L981F	BA.1	0	0	0	0	0	4
BA.1	2	2020-12-13	A67V T95I G339D S371L S373P S375F K417N N440K G446S S477N T478K E484A Q493R G496S Q498R N501Y Y505H T547K D614G H655Y N679K P681H N764K D796Y N856K Q954H N969K L981F	BA.1	0	0	0	0	0	4
BA.1	2	2020-12-20	A67V T95I G339D S371L S373P S375F K417N N440K G446S S477N T478K E484A Q493R G496S Q498R N501Y Y505H T547K D614G H655Y N679K P681H N764K D796Y N856K Q954H N969K L981F	BA.1	0	0	0	0	0	3
BA.1	2	2020-12-27	A67V T95I G339D S371L S373P S375F K417N N440K G446S S477N T478K E484A Q493R G496S Q498R N501Y Y505H T547K D614G H655Y N679K P681H N764K D796Y N856K Q954H N969K L981F	BA.1	0	0	0	0	0	0
BA.1	2	2021-01-03	A67V T95I G339D S371L S373P S375F K417N N440K G446S S477N T478K E484A Q493R G496S Q498R N501Y Y505H T547K D614G H655Y N679K P681H N764K D796Y N856K Q954H N969K L981F	BA.1	0	0	1178.33906179181	0	7	15
BA.1	2	2021-01-10	A67V T95I G339D S371L S373P S375F K417N N440K G446S S477N T478K E484A Q493R G496S Q498R N501Y Y505H T547K D614G H655Y N679K P681H N764K D796Y N856K Q954H N969K L981F	BA.1	0.216666666666667	1684.13012610329	7772.90827432287	13	47	43
BA.1	2	2021-01-17	A67V T95I G339D S371L S373P S375F K417N N440K G446S S477N T478K E484A Q493R G496S Q498R N501Y Y505H T547K D614G H655Y N679K P681H N764K D796Y N856K Q954H N969K L981F	BA.1	0.428571428571429	367.272411994785	856.968961321165	3	4	54
BA.1	2	2021-01-24	A67V T95I G339D S371L S373P S375F K417N N440K G446S S477N T478K E484A Q493R G496S Q498R N501Y Y505H T547K D614G H655Y N679K P681H N764K D796Y N856K Q954H N969K L981F	BA.1	0	0	227.544876576097	0	2	6
BA.1	2	2021-01-31	A67V T95I G339D S371L S373P S375F K417N N440K G446S S477N T478K E484A Q493R G496S Q498R N501Y Y505H T547K D614G H655Y N679K P681H N764K D796Y N856K Q954H N969K L981F	BA.1	0.6	269.043188083378	448.405313472296	3	2	16
BA.1	2	2021-02-07	A67V T95I G339D S371L S373P S375F K417N N440K G446S S477N T478K E484A Q493R G496S Q498R N501Y Y505H T547K D614G H655Y N679K P681H N764K D796Y N856K Q954H N969K L981F	BA.1	0	0	175.930072871236	0	2	8
BA.1	2	2021-02-14	A67V T95I G339D S371L S373P S375F K417N N440K G446S S477N T478K E484A Q493R G496S Q498R N501Y Y505H T547K D614G H655Y N679K P681H N764K D796Y N856K Q954H N969K L981F	BA.1	0.5	68.7474794822454	137.494958964491	1	1	88
BA.1	2	2021-02-21	A67V T95I G339D S371L S373P S375F K417N N440K G446S S477N T478K E484A Q493R G496S Q498R N501Y Y505H T547K D614G H655Y N679K P681H N764K D796Y N856K Q954H N969K L981F	BA.1	0.25	119.652281190743	478.609124762971	2	6	23
BA.1	2	2021-02-28	A67V T95I G339D S371L S373P S375F K417N N440K G446S S477N T478K E484A Q493R G496S Q498R N501Y Y505H T547K D614G H655Y N679K P681H N764K D796Y N856K Q954H N969K L981F	BA.1	1	55.218278099246	55.218278099246	1	0	12
BA.1	2	2021-03-07	A67V T95I G339D S371L S373P S375F K417N N440K G446S S477N T478K E484A Q493R G496S Q498R N501Y Y505H T547K D614G H655Y N679K P681H N764K D796Y N856K Q954H N969K L981F	BA.1	0.4	111.992325464591	279.980813661477	2	3	54
BA.1	2	2021-03-14	A67V T95I G339D S371L S373P S375F K417N N440K G446S S477N T478K E484A Q493R G496S Q498R N501Y Y505H T547K D614G H655Y N679K P681H N764K D796Y N856K Q954H N969K L981F	BA.1	0.333333333333333	52.4907617353287	157.472285205986	1	2	401
BA.1	2	2021-03-21	A67V T95I G339D S371L S373P S375F K417N N440K G446S S477N T478K E484A Q493R G496S Q498R N501Y Y505H T547K D614G H655Y N679K P681H N764K D796Y N856K Q954H N969K L981F	BA.1	0.333333333333333	54.1539058195454	162.461717458636	1	2	111
BA.1	2	2021-03-28	A67V T95I G339D S371L S373P S375F K417N N440K G446S S477N T478K E484A Q493R G496S Q498R N501Y Y505H T547K D614G H655Y N679K P681H N764K D796Y N856K Q954H N969K L981F	BA.1	0	0	169.22579628351	0	3	94
BA.1	2	2021-04-04	A67V T95I G339D S371L S373P S375F K417N N440K G446S S477N T478K E484A Q493R G496S Q498R N501Y Y505H T547K D614G H655Y N679K P681H N764K D796Y N856K Q954H N969K L981F	BA.1	0	0	62.8143130547477	0	1	201
BA.1	2	2021-04-11	A67V T95I G339D S371L S373P S375F K417N N440K G446S S477N T478K E484A Q493R G496S Q498R N501Y Y505H T547K D614G H655Y N679K P681H N764K D796Y N856K Q954H N969K L981F	BA.1	0	0	0	0	0	511
BA.1	2	2021-04-18	A67V T95I G339D S371L S373P S375F K417N N440K G446S S477N T478K E484A Q493R G496S Q498R N501Y Y505H T547K D614G H655Y N679K P681H N764K D796Y N856K Q954H N969K L981F	BA.1	0	0	0	0	0	886
BA.1	2	2021-04-25	A67V T95I G339D S371L S373P S375F K417N N440K G446S S477N T478K E484A Q493R G496S Q498R N501Y Y505H T547K D614G H655Y N679K P681H N764K D796Y N856K Q954H N969K L981F	BA.1	0	0	0	0	0	1510
BA.1	2	2021-05-02	A67V T95I G339D S371L S373P S375F K417N N440K G446S S477N T478K E484A Q493R G496S Q498R N501Y Y505H T547K D614G H655Y N679K P681H N764K D796Y N856K Q954H N969K L981F	BA.1	1	268.360693586396	268.360693586396	3	0	1971
BA.1	2	2021-05-09	A67V T95I G339D S371L S373P S375F K417N N440K G446S S477N T478K E484A Q493R G496S Q498R N501Y Y505H T547K D614G H655Y N679K P681H N764K D796Y N856K Q954H N969K L981F	BA.1	0.1	92.1342748844696	921.342748844696	1	9	3186
BA.1	2	2021-05-16	A67V T95I G339D S371L S373P S375F K417N N440K G446S S477N T478K E484A Q493R G496S Q498R N501Y Y505H T547K D614G H655Y N679K P681H N764K D796Y N856K Q954H N969K L981F	BA.1	0	0	195.061908896922	0	2	3313
BA.1	2	2021-05-23	A67V T95I G339D S371L S373P S375F K417N N440K G446S S477N T478K E484A Q493R G496S Q498R N501Y Y505H T547K D614G H655Y N679K P681H N764K D796Y N856K Q954H N969K L981F	BA.1	0	0	92.2558687513764	0	1	5572
BA.1	2	2021-05-30	A67V T95I G339D S371L S373P S375F K417N N440K G446S S477N T478K E484A Q493R G496S Q498R N501Y Y505H T547K D614G H655Y N679K P681H N764K D796Y N856K Q954H N969K L981F	BA.1	0	0	173.875900966418	0	2	9518
BA.1	2	2021-06-06	A67V T95I G339D S371L S373P S375F K417N N440K G446S S477N T478K E484A Q493R G496S Q498R N501Y Y505H T547K D614G H655Y N679K P681H N764K D796Y N856K Q954H N969K L981F	BA.1	0	0	82.9256111862878	0	1	11904
BA.1	2	2021-06-13	A67V T95I G339D S371L S373P S375F K417N N440K G446S S477N T478K E484A Q493R G496S Q498R N501Y Y505H T547K D614G H655Y N679K P681H N764K D796Y N856K Q954H N969K L981F	BA.1	0	0	80.5211616787675	0	1	12857
BA.1	2	2021-06-20	A67V T95I G339D S371L S373P S375F K417N N440K G446S S477N T478K E484A Q493R G496S Q498R N501Y Y505H T547K D614G H655Y N679K P681H N764K D796Y N856K Q954H N969K L981F	BA.1	0	0	180.454414227149	0	2	12690
BA.1	2	2021-06-27	A67V T95I G339D S371L S373P S375F K417N N440K G446S S477N T478K E484A Q493R G496S Q498R N501Y Y505H T547K D614G H655Y N679K P681H N764K D796Y N856K Q954H N969K L981F	BA.1	0.5	73.3123757202445	146.624751440489	1	1	22215
BA.1	2	2021-07-04	A67V T95I G339D S371L S373P S375F K417N N440K G446S S477N T478K E484A Q493R G496S Q498R N501Y Y505H T547K D614G H655Y N679K P681H N764K D796Y N856K Q954H N969K L981F	BA.1	0	0	0	0	0	30957
BA.1	2	2021-07-11	A67V T95I G339D S371L S373P S375F K417N N440K G446S S477N T478K E484A Q493R G496S Q498R N501Y Y505H T547K D614G H655Y N679K P681H N764K D796Y N856K Q954H N969K L981F	BA.1	0	0	63.8050873226775	0	1	40110
BA.1	2	2021-07-18	A67V T95I G339D S371L S373P S375F K417N N440K G446S S477N T478K E484A Q493R G496S Q498R N501Y Y505H T547K D614G H655Y N679K P681H N764K D796Y N856K Q954H N969K L981F	BA.1	0	0	0	0	0	45605
BA.1	2	2021-07-25	A67V T95I G339D S371L S373P S375F K417N N440K G446S S477N T478K E484A Q493R G496S Q498R N501Y Y505H T547K D614G H655Y N679K P681H N764K D796Y N856K Q954H N969K L981F	BA.1	0	0	0	0	0	63744
BA.1	2	2021-08-01	A67V T95I G339D S371L S373P S375F K417N N440K G446S S477N T478K E484A Q493R G496S Q498R N501Y Y505H T547K D614G H655Y N679K P681H N764K D796Y N856K Q954H N969K L981F	BA.1	0	0	0	0	0	82392
BA.1	2	2021-08-08	A67V T95I G339D S371L S373P S375F K417N N440K G446S S477N T478K E484A Q493R G496S Q498R N501Y Y505H T547K D614G H655Y N679K P681H N764K D796Y N856K Q954H N969K L981F	BA.1	0.666666666666667	88.9305886910952	133.395883036643	2	1	89363
BA.1	2	2021-08-15	A67V T95I G339D S371L S373P S375F K417N N440K G446S S477N T478K E484A Q493R G496S Q498R N501Y Y505H T547K D614G H655Y N679K P681H N764K D796Y N856K Q954H N969K L981F	BA.1	0	0	0	0	0	86843
BA.1	2	2021-08-22	A67V T95I G339D S371L S373P S375F K417N N440K G446S S477N T478K E484A Q493R G496S Q498R N501Y Y505H T547K D614G H655Y N679K P681H N764K D796Y N856K Q954H N969K L981F	BA.1	0	0	37.0463940407748	0	1	116073
BA.1	2	2021-08-29	A67V T95I G339D S371L S373P S375F K417N N440K G446S S477N T478K E484A Q493R G496S Q498R N501Y Y505H T547K D614G H655Y N679K P681H N764K D796Y N856K Q954H N969K L981F	BA.1	0.5	46.5045655507196	93.0091311014391	1	1	95291
BA.1	2	2021-09-05	A67V T95I G339D S371L S373P S375F K417N N440K G446S S477N T478K E484A Q493R G496S Q498R N501Y Y505H T547K D614G H655Y N679K P681H N764K D796Y N856K Q954H N969K L981F	BA.1	1	44.8458485479421	44.8458485479421	1	0	94331
BA.1	2	2021-09-12	A67V T95I G339D S371L S373P S375F K417N N440K G446S S477N T478K E484A Q493R G496S Q498R N501Y Y505H T547K D614G H655Y N679K P681H N764K D796Y N856K Q954H N969K L981F	BA.1	0	0	47.7852103683841	0	1	82712
BA.1	2	2021-09-19	A67V T95I G339D S371L S373P S375F K417N N440K G446S S477N T478K E484A Q493R G496S Q498R N501Y Y505H T547K D614G H655Y N679K P681H N764K D796Y N856K Q954H N969K L981F	BA.1	0	0	0	0	0	78320
BA.1	2	2021-09-26	A67V T95I G339D S371L S373P S375F K417N N440K G446S S477N T478K E484A Q493R G496S Q498R N501Y Y505H T547K D614G H655Y N679K P681H N764K D796Y N856K Q954H N969K L981F	BA.1	0	0	0	0	0	71571
BA.1	2	2021-10-03	A67V T95I G339D S371L S373P S375F K417N N440K G446S S477N T478K E484A Q493R G496S Q498R N501Y Y505H T547K D614G H655Y N679K P681H N764K D796Y N856K Q954H N969K L981F	BA.1	0.142857142857143	43.961910533831	307.733373736817	1	6	72189
BA.1	2	2021-10-10	A67V T95I G339D S371L S373P S375F K417N N440K G446S S477N T478K E484A Q493R G496S Q498R N501Y Y505H T547K D614G H655Y N679K P681H N764K D796Y N856K Q954H N969K L981F	BA.1	0	0	38.7704085831482	0	1	76717
BA.1	2	2021-10-17	A67V T95I G339D S371L S373P S375F K417N N440K G446S S477N T478K E484A Q493R G496S Q498R N501Y Y505H T547K D614G H655Y N679K P681H N764K D796Y N856K Q954H N969K L981F	BA.1	0.5	83.515446740018	167.030893480036	2	2	70411
BA.1	2	2021-10-24	A67V T95I G339D S371L S373P S375F K417N N440K G446S S477N T478K E484A Q493R G496S Q498R N501Y Y505H T547K D614G H655Y N679K P681H N764K D796Y N856K Q954H N969K L981F	BA.1	0.5	36.0342600696151	72.0685201392302	1	1	83268
BA.1	2	2021-10-31	A67V T95I G339D S371L S373P S375F K417N N440K G446S S477N T478K E484A Q493R G496S Q498R N501Y Y505H T547K D614G H655Y N679K P681H N764K D796Y N856K Q954H N969K L981F	BA.1	0.142857142857143	34.2911120684259	240.037784478981	1	6	90390
BA.1	2	2021-11-07	A67V T95I G339D S371L S373P S375F K417N N440K G446S S477N T478K E484A Q493R G496S Q498R N501Y Y505H T547K D614G H655Y N679K P681H N764K D796Y N856K Q954H N969K L981F	BA.1	0.333333333333333	67.3464179150707	202.039253745212	2	4	96738
BA.1	2	2021-11-14	A67V T95I G339D S371L S373P S375F K417N N440K G446S S477N T478K E484A Q493R G496S Q498R N501Y Y505H T547K D614G H655Y N679K P681H N764K D796Y N856K Q954H N969K L981F	BA.1	0.294117647058824	164.710464184171	560.01557822618	5	12	106344
BA.1	2	2021-11-21	A67V T95I G339D S371L S373P S375F K417N N440K G446S S477N T478K E484A Q493R G496S Q498R N501Y Y505H T547K D614G H655Y N679K P681H N764K D796Y N856K Q954H N969K L981F	BA.1	0.555555555555556	1867.13985899328	3360.8517461879	50	40	101480
BA.1	2	2021-11-28	A67V T95I G339D S371L S373P S375F K417N N440K G446S S477N T478K E484A Q493R G496S Q498R N501Y Y505H T547K D614G H655Y N679K P681H N764K D796Y N856K Q954H N969K L981F	BA.1	0.715846994535519	11247.4066541224	15712.0260893465	262	104	94125
BA.1	2	2021-12-05	A67V T95I G339D S371L S373P S375F K417N N440K G446S S477N T478K E484A Q493R G496S Q498R N501Y Y505H T547K D614G H655Y N679K P681H N764K D796Y N856K Q954H N969K L981F	BA.1	0.59775967413442	20917.4047929325	34993.000863134	587	395	117010
BA.1	2	2021-12-12	A67V T95I G339D S371L S373P S375F K417N N440K G446S S477N T478K E484A Q493R G496S Q498R N501Y Y505H T547K D614G H655Y N679K P681H N764K D796Y N856K Q954H N969K L981F	BA.1	0.521016385656614	90857.3429880329	174384.809171653	2194	2017	102521
BA.1	2	2021-12-19	A67V T95I G339D S371L S373P S375F K417N N440K G446S S477N T478K E484A Q493R G496S Q498R N501Y Y505H T547K D614G H655Y N679K P681H N764K D796Y N856K Q954H N969K L981F	BA.1	0.480002535336249	456703.808962566	951461.243100805	7573	8204	67312
BA.1	2	2021-12-26	A67V T95I G339D S371L S373P S375F K417N N440K G446S S477N T478K E484A Q493R G496S Q498R N501Y Y505H T547K D614G H655Y N679K P681H N764K D796Y N856K Q954H N969K L981F	BA.1	0.440782698249228	1532649.172436	3477108.28606392	14552	18462	33475
BA.1	2	2022-01-02	A67V T95I G339D S371L S373P S375F K417N N440K G446S S477N T478K E484A Q493R G496S Q498R N501Y Y505H T547K D614G H655Y N679K P681H N764K D796Y N856K Q954H N969K L981F	BA.1	0.378768633018269	2977204.2553412	7860218.60262543	20277	33257	19627
BA.1	2	2022-01-09	A67V T95I G339D S371L S373P S375F K417N N440K G446S S477N T478K E484A Q493R G496S Q498R N501Y Y505H T547K D614G H655Y N679K P681H N764K D796Y N856K Q954H N969K L981F	BA.1	0.324380191816349	4250094.66527079	13102201.5908944	25265	52622	12002
BA.1	2	2022-01-16	A67V T95I G339D S371L S373P S375F K417N N440K G446S S477N T478K E484A Q493R G496S Q498R N501Y Y505H T547K D614G H655Y N679K P681H N764K D796Y N856K Q954H N969K L981F	BA.1	0.296755587599135	5378944.70621833	18125841.3691079	28812	68278	5185
BA.1	2	2022-01-23	A67V T95I G339D S371L S373P S375F K417N N440K G446S S477N T478K E484A Q493R G496S Q498R N501Y Y505H T547K D614G H655Y N679K P681H N764K D796Y N856K Q954H N969K L981F	BA.1	0.262469987013836	5284269.63225412	20132852.8734813	28094	78943	2361
BA.1	2	2022-01-30	A67V T95I G339D S371L S373P S375F K417N N440K G446S S477N T478K E484A Q493R G496S Q498R N501Y Y505H T547K D614G H655Y N679K P681H N764K D796Y N856K Q954H N969K L981F	BA.1	0.231250204960593	4517196.81376633	19533806.7464031	21155	70326	1026
BA.1	2	2022-02-06	A67V T95I G339D S371L S373P S375F K417N N440K G446S S477N T478K E484A Q493R G496S Q498R N501Y Y505H T547K D614G H655Y N679K P681H N764K D796Y N856K Q954H N969K L981F	BA.1	0.205014850354124	3330426.22722589	16244804.8103502	17947	69593	552
BA.1	2	2022-02-13	A67V T95I G339D S371L S373P S375F K417N N440K G446S S477N T478K E484A Q493R G496S Q498R N501Y Y505H T547K D614G H655Y N679K P681H N764K D796Y N856K Q954H N969K L981F	BA.1	0.185050546570926	2294163.99646619	12397499.1642993	14406	63443	312
BA.1	2	2022-02-20	A67V T95I G339D S371L S373P S375F K417N N440K G446S S477N T478K E484A Q493R G496S Q498R N501Y Y505H T547K D614G H655Y N679K P681H N764K D796Y N856K Q954H N969K L981F	BA.1	0.157418023389131	1323951.58197147	8410419.29931185	10984	58792	143
BA.1	2	2022-02-27	A67V T95I G339D S371L S373P S375F K417N N440K G446S S477N T478K E484A Q493R G496S Q498R N501Y Y505H T547K D614G H655Y N679K P681H N764K D796Y N856K Q954H N969K L981F	BA.1	0.135404149643515	815041.00453541	6019320.72747553	6761	43171	82
BA.1	2	2022-03-06	A67V T95I G339D S371L S373P S375F K417N N440K G446S S477N T478K E484A Q493R G496S Q498R N501Y Y505H T547K D614G H655Y N679K P681H N764K D796Y N856K Q954H N969K L981F	BA.1	0.115345940510558	480642.256805153	4166962.917617	3556	27273	48
BA.1	2	2022-03-13	A67V T95I G339D S371L S373P S375F K417N N440K G446S S477N T478K E484A Q493R G496S Q498R N501Y Y505H T547K D614G H655Y N679K P681H N764K D796Y N856K Q954H N969K L981F	BA.1	0.0975347896106041	299906.011160862	3074861.9273	2362	21855	42
BA.1	2	2022-03-20	A67V T95I G339D S371L S373P S375F K417N N440K G446S S477N T478K E484A Q493R G496S Q498R N501Y Y505H T547K D614G H655Y N679K P681H N764K D796Y N856K Q954H N969K L981F	BA.1	0.0823780487804878	163979.565160227	1990573.55190801	1351	15049	41
BA.1	2	2022-03-27	A67V T95I G339D S371L S373P S375F K417N N440K G446S S477N T478K E484A Q493R G496S Q498R N501Y Y505H T547K D614G H655Y N679K P681H N764K D796Y N856K Q954H N969K L981F	BA.1	0.062580054894785	84558.8866049783	1351211.44823452	684	10246	19
BA.1	2	2022-04-03	A67V T95I G339D S371L S373P S375F K417N N440K G446S S477N T478K E484A Q493R G496S Q498R N501Y Y505H T547K D614G H655Y N679K P681H N764K D796Y N856K Q954H N969K L981F	BA.1	0.0570224719101124	50749.0744259699	889983.768258389	406	6714	19
BA.1	2	2022-04-10	A67V T95I G339D S371L S373P S375F K417N N440K G446S S477N T478K E484A Q493R G496S Q498R N501Y Y505H T547K D614G H655Y N679K P681H N764K D796Y N856K Q954H N969K L981F	BA.1	0.0456521739130435	26523.8891718558	580999.477097794	231	4829	9
BA.1	2	2022-04-17	A67V T95I G339D S371L S373P S375F K417N N440K G446S S477N T478K E484A Q493R G496S Q498R N501Y Y505H T547K D614G H655Y N679K P681H N764K D796Y N856K Q954H N969K L981F	BA.1	0.0321565886053827	8981.35943076374	279300.753602338	92	2769	11
BA.1	2	2022-04-24	A67V T95I G339D S371L S373P S375F K417N N440K G446S S477N T478K E484A Q493R G496S Q498R N501Y Y505H T547K D614G H655Y N679K P681H N764K D796Y N856K Q954H N969K L981F	BA.1	0.0249695493300853	3372.66172009084	135070.988887541	41	1601	13
BA.1	2	2022-05-01	A67V T95I G339D S371L S373P S375F K417N N440K G446S S477N T478K E484A Q493R G496S Q498R N501Y Y505H T547K D614G H655Y N679K P681H N764K D796Y N856K Q954H N969K L981F	BA.1	0.0298047276464543	2214.25914575752	74292.2120283471	29	944	18
BA.1	2	2022-05-08	A67V T95I G339D S371L S373P S375F K417N N440K G446S S477N T478K E484A Q493R G496S Q498R N501Y Y505H T547K D614G H655Y N679K P681H N764K D796Y N856K Q954H N969K L981F	BA.1	0.0403361344537815	1769.22868675337	43862.1278590941	24	571	5
BA.1	2	2022-05-15	A67V T95I G339D S371L S373P S375F K417N N440K G446S S477N T478K E484A Q493R G496S Q498R N501Y Y505H T547K D614G H655Y N679K P681H N764K D796Y N856K Q954H N969K L981F	BA.1	0.24679029957204	10810.9213582568	43806.1033071563	173	528	9
BA.1	2	2022-05-22	A67V T95I G339D S371L S373P S375F K417N N440K G446S S477N T478K E484A Q493R G496S Q498R N501Y Y505H T547K D614G H655Y N679K P681H N764K D796Y N856K Q954H N969K L981F	BA.1	0.270022883295195	7487.52402688471	27729.2203368527	118	319	9
BA.1	2	2022-05-29	A67V T95I G339D S371L S373P S375F K417N N440K G446S S477N T478K E484A Q493R G496S Q498R N501Y Y505H T547K D614G H655Y N679K P681H N764K D796Y N856K Q954H N969K L981F	BA.1	0.0160427807486631	173.839789498674	10836.0135454174	3	184	10
BA.1	2	2022-06-05	A67V T95I G339D S371L S373P S375F K417N N440K G446S S477N T478K E484A Q493R G496S Q498R N501Y Y505H T547K D614G H655Y N679K P681H N764K D796Y N856K Q954H N969K L981F	BA.1	0.0676691729323308	517.275350685316	7644.18018234968	9	124	7
BA.1	2	2022-06-12	A67V T95I G339D S371L S373P S375F K417N N440K G446S S477N T478K E484A Q493R G496S Q498R N501Y Y505H T547K D614G H655Y N679K P681H N764K D796Y N856K Q954H N969K L981F	BA.1	0.2	953.000784847537	4765.00392423769	17	68	2
BA.1	2	2022-06-19	A67V T95I G339D S371L S373P S375F K417N N440K G446S S477N T478K E484A Q493R G496S Q498R N501Y Y505H T547K D614G H655Y N679K P681H N764K D796Y N856K Q954H N969K L981F	BA.1	0.0625	197.869200660397	3165.90721056635	3	45	10
BA.1	2	2022-06-26	A67V T95I G339D S371L S373P S375F K417N N440K G446S S477N T478K E484A Q493R G496S Q498R N501Y Y505H T547K D614G H655Y N679K P681H N764K D796Y N856K Q954H N969K L981F	BA.1	0.0789473684210526	225.083768054225	2851.06106202018	3	35	4
BA.1	2	2022-07-03	A67V T95I G339D S371L S373P S375F K417N N440K G446S S477N T478K E484A Q493R G496S Q498R N501Y Y505H T547K D614G H655Y N679K P681H N764K D796Y N856K Q954H N969K L981F	BA.1	0	0	2773.73684021415	0	35	6
BA.1	2	2022-07-10	A67V T95I G339D S371L S373P S375F K417N N440K G446S S477N T478K E484A Q493R G496S Q498R N501Y Y505H T547K D614G H655Y N679K P681H N764K D796Y N856K Q954H N969K L981F	BA.1	0	0	3241.44853737811	0	38	4
BA.1	2	2022-07-17	A67V T95I G339D S371L S373P S375F K417N N440K G446S S477N T478K E484A Q493R G496S Q498R N501Y Y505H T547K D614G H655Y N679K P681H N764K D796Y N856K Q954H N969K L981F	BA.1	0.025	90.6713889154781	3626.85555661913	1	39	5
BA.1	2	2022-07-24	A67V T95I G339D S371L S373P S375F K417N N440K G446S S477N T478K E484A Q493R G496S Q498R N501Y Y505H T547K D614G H655Y N679K P681H N764K D796Y N856K Q954H N969K L981F	BA.1	0	0	2485.6528984858	0	24	8
BA.1	2	2022-07-31	A67V T95I G339D S371L S373P S375F K417N N440K G446S S477N T478K E484A Q493R G496S Q498R N501Y Y505H T547K D614G H655Y N679K P681H N764K D796Y N856K Q954H N969K L981F	BA.1	0.04	122.708542683934	3067.71356709834	1	24	5
BA.1	2	2022-08-07	A67V T95I G339D S371L S373P S375F K417N N440K G446S S477N T478K E484A Q493R G496S Q498R N501Y Y505H T547K D614G H655Y N679K P681H N764K D796Y N856K Q954H N969K L981F	BA.1	0	0	2501.49540663379	0	20	4
BA.1	2	2022-08-14	A67V T95I G339D S371L S373P S375F K417N N440K G446S S477N T478K E484A Q493R G496S Q498R N501Y Y505H T547K D614G H655Y N679K P681H N764K D796Y N856K Q954H N969K L981F	BA.1	0	0	4392.09095784934	0	34	2
BA.1	2	2022-08-21	A67V T95I G339D S371L S373P S375F K417N N440K G446S S477N T478K E484A Q493R G496S Q498R N501Y Y505H T547K D614G H655Y N679K P681H N764K D796Y N856K Q954H N969K L981F	BA.1	0.0555555555555556	112.711857571291	2028.81343628324	1	17	4
BA.1	2	2022-08-28	A67V T95I G339D S371L S373P S375F K417N N440K G446S S477N T478K E484A Q493R G496S Q498R N501Y Y505H T547K D614G H655Y N679K P681H N764K D796Y N856K Q954H N969K L981F	BA.1	0.0952380952380952	204.966404479403	2152.14724703373	2	19	2
BA.1	2	2022-09-04	A67V T95I G339D S371L S373P S375F K417N N440K G446S S477N T478K E484A Q493R G496S Q498R N501Y Y505H T547K D614G H655Y N679K P681H N764K D796Y N856K Q954H N969K L981F	BA.1	0.0666666666666667	96.8379382130069	1452.5690731951	1	14	2
BA.1	2	2022-09-11	A67V T95I G339D S371L S373P S375F K417N N440K G446S S477N T478K E484A Q493R G496S Q498R N501Y Y505H T547K D614G H655Y N679K P681H N764K D796Y N856K Q954H N969K L981F	BA.1	0.0666666666666667	93.1936629411441	1397.90494411716	1	14	4
BA.1	2	2022-09-18	A67V T95I G339D S371L S373P S375F K417N N440K G446S S477N T478K E484A Q493R G496S Q498R N501Y Y505H T547K D614G H655Y N679K P681H N764K D796Y N856K Q954H N969K L981F	BA.1	0	0	747.763700501814	0	10	4
BA.1	2	2022-09-25	A67V T95I G339D S371L S373P S375F K417N N440K G446S S477N T478K E484A Q493R G496S Q498R N501Y Y505H T547K D614G H655Y N679K P681H N764K D796Y N856K Q954H N969K L981F	BA.1	0	0	820.461656905606	0	10	3
BA.1	2	2022-10-02	A67V T95I G339D S371L S373P S375F K417N N440K G446S S477N T478K E484A Q493R G496S Q498R N501Y Y505H T547K D614G H655Y N679K P681H N764K D796Y N856K Q954H N969K L981F	BA.1	0	0	1591.10229721118	0	18	12
BA.1	2	2022-10-09	A67V T95I G339D S371L S373P S375F K417N N440K G446S S477N T478K E484A Q493R G496S Q498R N501Y Y505H T547K D614G H655Y N679K P681H N764K D796Y N856K Q954H N969K L981F	BA.1	0	0	979.104022120119	0	11	2
BA.1	2	2022-10-16	A67V T95I G339D S371L S373P S375F K417N N440K G446S S477N T478K E484A Q493R G496S Q498R N501Y Y505H T547K D614G H655Y N679K P681H N764K D796Y N856K Q954H N969K L981F	BA.1	0	0	1296.79115379833	0	15	3
BA.1	2	2022-10-23	A67V T95I G339D S371L S373P S375F K417N N440K G446S S477N T478K E484A Q493R G496S Q498R N501Y Y505H T547K D614G H655Y N679K P681H N764K D796Y N856K Q954H N969K L981F	BA.1	0	0	686.241206475937	0	8	0
BA.1	2	2022-10-30	A67V T95I G339D S371L S373P S375F K417N N440K G446S S477N T478K E484A Q493R G496S Q498R N501Y Y505H T547K D614G H655Y N679K P681H N764K D796Y N856K Q954H N969K L981F	BA.1	0.181818181818182	152.981216965885	841.396693312366	2	9	2
BA.1	2	2022-11-06	A67V T95I G339D S371L S373P S375F K417N N440K G446S S477N T478K E484A Q493R G496S Q498R N501Y Y505H T547K D614G H655Y N679K P681H N764K D796Y N856K Q954H N969K L981F	BA.1	0.333333333333333	219.048318641854	657.144955925563	3	6	1
BA.1	2	2022-11-13	A67V T95I G339D S371L S373P S375F K417N N440K G446S S477N T478K E484A Q493R G496S Q498R N501Y Y505H T547K D614G H655Y N679K P681H N764K D796Y N856K Q954H N969K L981F	BA.1	0.2	70.3137237064216	351.568618532108	1	4	5
BA.1	2	2022-11-20	A67V T95I G339D S371L S373P S375F K417N N440K G446S S477N T478K E484A Q493R G496S Q498R N501Y Y505H T547K D614G H655Y N679K P681H N764K D796Y N856K Q954H N969K L981F	BA.1	0	0	616.226043140916	0	8	2
BA.1	2	2022-11-27	A67V T95I G339D S371L S373P S375F K417N N440K G446S S477N T478K E484A Q493R G496S Q498R N501Y Y505H T547K D614G H655Y N679K P681H N764K D796Y N856K Q954H N969K L981F	BA.1	0.111111111111111	83.222767351362	749.004906162258	1	8	3
BA.1	2	2022-12-04	A67V T95I G339D S371L S373P S375F K417N N440K G446S S477N T478K E484A Q493R G496S Q498R N501Y Y505H T547K D614G H655Y N679K P681H N764K D796Y N856K Q954H N969K L981F	BA.1	0.421052631578947	608.22988839664	1444.54598494202	8	11	1
BA.1	2	2022-12-11	A67V T95I G339D S371L S373P S375F K417N N440K G446S S477N T478K E484A Q493R G496S Q498R N501Y Y505H T547K D614G H655Y N679K P681H N764K D796Y N856K Q954H N969K L981F	BA.1	0	0	264.187253912166	0	3	2
BA.1	2	2022-12-18	A67V T95I G339D S371L S373P S375F K417N N440K G446S S477N T478K E484A Q493R G496S Q498R N501Y Y505H T547K D614G H655Y N679K P681H N764K D796Y N856K Q954H N969K L981F	BA.1	0.166666666666667	92.7571585627905	556.542951376743	1	5	1
BA.1	2	2022-12-25	A67V T95I G339D S371L S373P S375F K417N N440K G446S S477N T478K E484A Q493R G496S Q498R N501Y Y505H T547K D614G H655Y N679K P681H N764K D796Y N856K Q954H N969K L981F	BA.1	0	0	577.463422511708	0	6	1
BA.1	2	2023-01-01	A67V T95I G339D S371L S373P S375F K417N N440K G446S S477N T478K E484A Q493R G496S Q498R N501Y Y505H T547K D614G H655Y N679K P681H N764K D796Y N856K Q954H N969K L981F	BA.1	0	0	493.722929936306	0	5	3
BA.1	2	2023-01-08	A67V T95I G339D S371L S373P S375F K417N N440K G446S S477N T478K E484A Q493R G496S Q498R N501Y Y505H T547K D614G H655Y N679K P681H N764K D796Y N856K Q954H N969K L981F	BA.1	0.25	268.978308846712	1075.91323538685	3	9	2
BA.1	2	2023-01-15	A67V T95I G339D S371L S373P S375F K417N N440K G446S S477N T478K E484A Q493R G496S Q498R N501Y Y505H T547K D614G H655Y N679K P681H N764K D796Y N856K Q954H N969K L981F	BA.1	0	0	390.742337944128	0	4	1
BA.1	2	2023-01-22	A67V T95I G339D S371L S373P S375F K417N N440K G446S S477N T478K E484A Q493R G496S Q498R N501Y Y505H T547K D614G H655Y N679K P681H N764K D796Y N856K Q954H N969K L981F	BA.1	0.142857142857143	90.4629390269201	633.24057318844	1	6	1
BA.1	2	2023-01-29	A67V T95I G339D S371L S373P S375F K417N N440K G446S S477N T478K E484A Q493R G496S Q498R N501Y Y505H T547K D614G H655Y N679K P681H N764K D796Y N856K Q954H N969K L981F	BA.1	0	0	69.9840547432297	0	1	0
BA.1	2	2023-02-05	A67V T95I G339D S371L S373P S375F K417N N440K G446S S477N T478K E484A Q493R G496S Q498R N501Y Y505H T547K D614G H655Y N679K P681H N764K D796Y N856K Q954H N969K L981F	BA.1	0	0	0	0	0	1
BA.1	2	2023-02-12	A67V T95I G339D S371L S373P S375F K417N N440K G446S S477N T478K E484A Q493R G496S Q498R N501Y Y505H T547K D614G H655Y N679K P681H N764K D796Y N856K Q954H N969K L981F	BA.1	0.25	57.8279232659035	231.311693063614	1	3	0
BA.1	2	2023-02-19	A67V T95I G339D S371L S373P S375F K417N N440K G446S S477N T478K E484A Q493R G496S Q498R N501Y Y505H T547K D614G H655Y N679K P681H N764K D796Y N856K Q954H N969K L981F	BA.1	0	0	55.9008040974946	0	1	0
BA.1	2	2023-02-26	A67V T95I G339D S371L S373P S375F K417N N440K G446S S477N T478K E484A Q493R G496S Q498R N501Y Y505H T547K D614G H655Y N679K P681H N764K D796Y N856K Q954H N969K L981F	BA.1	0	0	291.413468529545	0	5	1
BA.1	2	2023-03-05	A67V T95I G339D S371L S373P S375F K417N N440K G446S S477N T478K E484A Q493R G496S Q498R N501Y Y505H T547K D614G H655Y N679K P681H N764K D796Y N856K Q954H N969K L981F	BA.1	0	0	0	0	0	0
BA.1	2	2023-03-12	A67V T95I G339D S371L S373P S375F K417N N440K G446S S477N T478K E484A Q493R G496S Q498R N501Y Y505H T547K D614G H655Y N679K P681H N764K D796Y N856K Q954H N969K L981F	BA.1	0	0	112.832154425861	0	2	1
BA.1	2	2023-03-19	A67V T95I G339D S371L S373P S375F K417N N440K G446S S477N T478K E484A Q493R G496S Q498R N501Y Y505H T547K D614G H655Y N679K P681H N764K D796Y N856K Q954H N969K L981F	BA.1	0.2	57.431430794257	287.157153971285	1	4	1
BA.1	2	2023-03-26	A67V T95I G339D S371L S373P S375F K417N N440K G446S S477N T478K E484A Q493R G496S Q498R N501Y Y505H T547K D614G H655Y N679K P681H N764K D796Y N856K Q954H N969K L981F	BA.1	0	0	295.471035622297	0	5	0
BA.1	2	2023-04-02	A67V T95I G339D S371L S373P S375F K417N N440K G446S S477N T478K E484A Q493R G496S Q498R N501Y Y505H T547K D614G H655Y N679K P681H N764K D796Y N856K Q954H N969K L981F	BA.1	0	0	63.2051156195463	0	1	1
BA.1	2	2023-04-09	A67V T95I G339D S371L S373P S375F K417N N440K G446S S477N T478K E484A Q493R G496S Q498R N501Y Y505H T547K D614G H655Y N679K P681H N764K D796Y N856K Q954H N969K L981F	BA.1	0	0	0	0	0	0
BA.1	2	2023-04-16	A67V T95I G339D S371L S373P S375F K417N N440K G446S S477N T478K E484A Q493R G496S Q498R N501Y Y505H T547K D614G H655Y N679K P681H N764K D796Y N856K Q954H N969K L981F	BA.1	0	0	654.180421084985	0	10	0
BA.1	2	2023-04-23	A67V T95I G339D S371L S373P S375F K417N N440K G446S S477N T478K E484A Q493R G496S Q498R N501Y Y505H T547K D614G H655Y N679K P681H N764K D796Y N856K Q954H N969K L981F	BA.1	0.285714285714286	138.251662571663	483.880819000819	2	5	0
BA.1	2	2023-04-30	A67V T95I G339D S371L S373P S375F K417N N440K G446S S477N T478K E484A Q493R G496S Q498R N501Y Y505H T547K D614G H655Y N679K P681H N764K D796Y N856K Q954H N969K L981F	BA.1	0	0	66.373236201352	0	1	1
BA.1	2	2023-05-07	A67V T95I G339D S371L S373P S375F K417N N440K G446S S477N T478K E484A Q493R G496S Q498R N501Y Y505H T547K D614G H655Y N679K P681H N764K D796Y N856K Q954H N969K L981F	BA.1	0	0	70.4730826380158	0	1	1
BA.1	2	2023-05-14	A67V T95I G339D S371L S373P S375F K417N N440K G446S S477N T478K E484A Q493R G496S Q498R N501Y Y505H T547K D614G H655Y N679K P681H N764K D796Y N856K Q954H N969K L981F	BA.1	0	0	64.107119095143	0	1	1
BA.1	2	2023-05-21	A67V T95I G339D S371L S373P S375F K417N N440K G446S S477N T478K E484A Q493R G496S Q498R N501Y Y505H T547K D614G H655Y N679K P681H N764K D796Y N856K Q954H N969K L981F	BA.1	1	58.2050304185962	58.2050304185962	1	0	0
BA.1	2	2023-05-28	A67V T95I G339D S371L S373P S375F K417N N440K G446S S477N T478K E484A Q493R G496S Q498R N501Y Y505H T547K D614G H655Y N679K P681H N764K D796Y N856K Q954H N969K L981F	BA.1	0	0	93.9961771561772	0	2	0
BA.1	2	2023-06-04	A67V T95I G339D S371L S373P S375F K417N N440K G446S S477N T478K E484A Q493R G496S Q498R N501Y Y505H T547K D614G H655Y N679K P681H N764K D796Y N856K Q954H N969K L981F	BA.1	0	0	0	0	0	0
BA.1	2	2023-06-11	A67V T95I G339D S371L S373P S375F K417N N440K G446S S477N T478K E484A Q493R G496S Q498R N501Y Y505H T547K D614G H655Y N679K P681H N764K D796Y N856K Q954H N969K L981F	BA.1	0	0	41.5496353799106	0	1	0
BA.1	2	2023-06-18	A67V T95I G339D S371L S373P S375F K417N N440K G446S S477N T478K E484A Q493R G496S Q498R N501Y Y505H T547K D614G H655Y N679K P681H N764K D796Y N856K Q954H N969K L981F	BA.1	0	0	0	0	0	1
BA.1	2	2023-06-25	A67V T95I G339D S371L S373P S375F K417N N440K G446S S477N T478K E484A Q493R G496S Q498R N501Y Y505H T547K D614G H655Y N679K P681H N764K D796Y N856K Q954H N969K L981F	BA.1	0	0	34.3943699026572	0	1	0
BA.1	2	2023-07-02	A67V T95I G339D S371L S373P S375F K417N N440K G446S S477N T478K E484A Q493R G496S Q498R N501Y Y505H T547K D614G H655Y N679K P681H N764K D796Y N856K Q954H N969K L981F	BA.1	0	0	42.4765771862546	0	1	1
BA.1	2	2023-07-09	A67V T95I G339D S371L S373P S375F K417N N440K G446S S477N T478K E484A Q493R G496S Q498R N501Y Y505H T547K D614G H655Y N679K P681H N764K D796Y N856K Q954H N969K L981F	BA.1	0	0	0	0	0	0
BA.1	2	2023-07-16	A67V T95I G339D S371L S373P S375F K417N N440K G446S S477N T478K E484A Q493R G496S Q498R N501Y Y505H T547K D614G H655Y N679K P681H N764K D796Y N856K Q954H N969K L981F	BA.1	0	0	0	0	0	0
BA.1	2	2023-07-23	A67V T95I G339D S371L S373P S375F K417N N440K G446S S477N T478K E484A Q493R G496S Q498R N501Y Y505H T547K D614G H655Y N679K P681H N764K D796Y N856K Q954H N969K L981F	BA.1	0	0	99.6398036936588	0	2	0
BA.1	2	2023-07-30	A67V T95I G339D S371L S373P S375F K417N N440K G446S S477N T478K E484A Q493R G496S Q498R N501Y Y505H T547K D614G H655Y N679K P681H N764K D796Y N856K Q954H N969K L981F	BA.1	0	0	68.8001079622132	0	1	0
BA.1	2	2023-08-06	A67V T95I G339D S371L S373P S375F K417N N440K G446S S477N T478K E484A Q493R G496S Q498R N501Y Y505H T547K D614G H655Y N679K P681H N764K D796Y N856K Q954H N969K L981F	BA.1	0	0	53.6012891344383	0	1	0
BA.1	2	2023-08-13	A67V T95I G339D S371L S373P S375F K417N N440K G446S S477N T478K E484A Q493R G496S Q498R N501Y Y505H T547K D614G H655Y N679K P681H N764K D796Y N856K Q954H N969K L981F	BA.1	0	0	0	0	0	0
BA.1	2	2023-08-20	A67V T95I G339D S371L S373P S375F K417N N440K G446S S477N T478K E484A Q493R G496S Q498R N501Y Y505H T547K D614G H655Y N679K P681H N764K D796Y N856K Q954H N969K L981F	BA.1	0	0	0	0	0	0
BA.1	2	2023-08-27	A67V T95I G339D S371L S373P S375F K417N N440K G446S S477N T478K E484A Q493R G496S Q498R N501Y Y505H T547K D614G H655Y N679K P681H N764K D796Y N856K Q954H N969K L981F	BA.1	0	0	0	0	0	0
BA.1	2	2023-09-03	A67V T95I G339D S371L S373P S375F K417N N440K G446S S477N T478K E484A Q493R G496S Q498R N501Y Y505H T547K D614G H655Y N679K P681H N764K D796Y N856K Q954H N969K L981F	BA.1	0	0	29.7773340762754	0	1	0
BA.1	2	2023-09-10	A67V T95I G339D S371L S373P S375F K417N N440K G446S S477N T478K E484A Q493R G496S Q498R N501Y Y505H T547K D614G H655Y N679K P681H N764K D796Y N856K Q954H N969K L981F	BA.1	0	0	0	0	0	0
BA.1	2	2023-09-17	A67V T95I G339D S371L S373P S375F K417N N440K G446S S477N T478K E484A Q493R G496S Q498R N501Y Y505H T547K D614G H655Y N679K P681H N764K D796Y N856K Q954H N969K L981F	BA.1	0	0	0	0	0	0
BA.1	2	2023-09-24	A67V T95I G339D S371L S373P S375F K417N N440K G446S S477N T478K E484A Q493R G496S Q498R N501Y Y505H T547K D614G H655Y N679K P681H N764K D796Y N856K Q954H N969K L981F	BA.1	0	0	11.9942260715079	0	1	0
BA.1	2	2023-10-01	A67V T95I G339D S371L S373P S375F K417N N440K G446S S477N T478K E484A Q493R G496S Q498R N501Y Y505H T547K D614G H655Y N679K P681H N764K D796Y N856K Q954H N969K L981F	BA.1	0	0	29.3023546311911	0	2	0
BA.1	2	2023-10-08	A67V T95I G339D S371L S373P S375F K417N N440K G446S S477N T478K E484A Q493R G496S Q498R N501Y Y505H T547K D614G H655Y N679K P681H N764K D796Y N856K Q954H N969K L981F	BA.1	0	0	15.4300887248235	0	1	0
BA.1	2	2023-10-15	A67V T95I G339D S371L S373P S375F K417N N440K G446S S477N T478K E484A Q493R G496S Q498R N501Y Y505H T547K D614G H655Y N679K P681H N764K D796Y N856K Q954H N969K L981F	BA.1	0	0	16.4515480931367	0	1	0
BA.1	2	2023-10-22	A67V T95I G339D S371L S373P S375F K417N N440K G446S S477N T478K E484A Q493R G496S Q498R N501Y Y505H T547K D614G H655Y N679K P681H N764K D796Y N856K Q954H N969K L981F	BA.1	0	0	0	0	0	0
BA.1	2	2023-10-29	A67V T95I G339D S371L S373P S375F K417N N440K G446S S477N T478K E484A Q493R G496S Q498R N501Y Y505H T547K D614G H655Y N679K P681H N764K D796Y N856K Q954H N969K L981F	BA.1	0	0	15.4694142862162	0	1	0
BA.1	2	2023-11-05	A67V T95I G339D S371L S373P S375F K417N N440K G446S S477N T478K E484A Q493R G496S Q498R N501Y Y505H T547K D614G H655Y N679K P681H N764K D796Y N856K Q954H N969K L981F	BA.1	0	0	0	0	0	0
BA.1	2	2023-11-12	A67V T95I G339D S371L S373P S375F K417N N440K G446S S477N T478K E484A Q493R G496S Q498R N501Y Y505H T547K D614G H655Y N679K P681H N764K D796Y N856K Q954H N969K L981F	BA.1	0	0	18.9618565044512	0	1	0
BA.1	2	2023-11-19	A67V T95I G339D S371L S373P S375F K417N N440K G446S S477N T478K E484A Q493R G496S Q498R N501Y Y505H T547K D614G H655Y N679K P681H N764K D796Y N856K Q954H N969K L981F	BA.1	0	0	22.6208534268596	0	1	0
BA.1	2	2023-11-26	A67V T95I G339D S371L S373P S375F K417N N440K G446S S477N T478K E484A Q493R G496S Q498R N501Y Y505H T547K D614G H655Y N679K P681H N764K D796Y N856K Q954H N969K L981F	BA.1	0	0	0	0	0	0
BA.1	2	2023-12-03	A67V T95I G339D S371L S373P S375F K417N N440K G446S S477N T478K E484A Q493R G496S Q498R N501Y Y505H T547K D614G H655Y N679K P681H N764K D796Y N856K Q954H N969K L981F	BA.1	0	0	26.8744990375209	0	1	0
BA.1	2	2023-12-10	A67V T95I G339D S371L S373P S375F K417N N440K G446S S477N T478K E484A Q493R G496S Q498R N501Y Y505H T547K D614G H655Y N679K P681H N764K D796Y N856K Q954H N969K L981F	BA.1	0	0	0	0	0	0
BA.1	2	2023-12-17	A67V T95I G339D S371L S373P S375F K417N N440K G446S S477N T478K E484A Q493R G496S Q498R N501Y Y505H T547K D614G H655Y N679K P681H N764K D796Y N856K Q954H N969K L981F	BA.1	0	0	0	0	0	0
BA.1	2	2023-12-24	A67V T95I G339D S371L S373P S375F K417N N440K G446S S477N T478K E484A Q493R G496S Q498R N501Y Y505H T547K D614G H655Y N679K P681H N764K D796Y N856K Q954H N969K L981F	BA.1	0	0	34.0467225973672	0	1	0
BA.1	2	2023-12-31	A67V T95I G339D S371L S373P S375F K417N N440K G446S S477N T478K E484A Q493R G496S Q498R N501Y Y505H T547K D614G H655Y N679K P681H N764K D796Y N856K Q954H N969K L981F	BA.1	0	0	0	0	0	0
BA.1	2	2024-01-07	A67V T95I G339D S371L S373P S375F K417N N440K G446S S477N T478K E484A Q493R G496S Q498R N501Y Y505H T547K D614G H655Y N679K P681H N764K D796Y N856K Q954H N969K L981F	BA.1	0	0	22.8003536693192	0	1	0
BA.1	2	2024-01-14	A67V T95I G339D S371L S373P S375F K417N N440K G446S S477N T478K E484A Q493R G496S Q498R N501Y Y505H T547K D614G H655Y N679K P681H N764K D796Y N856K Q954H N969K L981F	BA.1	0	0	20.5921073527076	0	1	0
BA.1	2	2024-01-21	A67V T95I G339D S371L S373P S375F K417N N440K G446S S477N T478K E484A Q493R G496S Q498R N501Y Y505H T547K D614G H655Y N679K P681H N764K D796Y N856K Q954H N969K L981F	BA.1	0	0	38.9797938886639	0	2	0
BA.1	2	2024-01-28	A67V T95I G339D S371L S373P S375F K417N N440K G446S S477N T478K E484A Q493R G496S Q498R N501Y Y505H T547K D614G H655Y N679K P681H N764K D796Y N856K Q954H N969K L981F	BA.1	0	0	0	0	0	0
BA.1	2	2024-02-04	A67V T95I G339D S371L S373P S375F K417N N440K G446S S477N T478K E484A Q493R G496S Q498R N501Y Y505H T547K D614G H655Y N679K P681H N764K D796Y N856K Q954H N969K L981F	BA.1	0	0	0	0	0	0
BA.1	2	2024-02-11	A67V T95I G339D S371L S373P S375F K417N N440K G446S S477N T478K E484A Q493R G496S Q498R N501Y Y505H T547K D614G H655Y N679K P681H N764K D796Y N856K Q954H N969K L981F	BA.1	0	0	16.5543193298804	0	1	0
BA.1	2	2024-02-18	A67V T95I G339D S371L S373P S375F K417N N440K G446S S477N T478K E484A Q493R G496S Q498R N501Y Y505H T547K D614G H655Y N679K P681H N764K D796Y N856K Q954H N969K L981F	BA.1	0	0	0	0	0	0
BA.1	2	2024-02-25	A67V T95I G339D S371L S373P S375F K417N N440K G446S S477N T478K E484A Q493R G496S Q498R N501Y Y505H T547K D614G H655Y N679K P681H N764K D796Y N856K Q954H N969K L981F	BA.1	0	0	0	0	0	0
BA.1	2	2024-03-03	A67V T95I G339D S371L S373P S375F K417N N440K G446S S477N T478K E484A Q493R G496S Q498R N501Y Y505H T547K D614G H655Y N679K P681H N764K D796Y N856K Q954H N969K L981F	BA.1	0	0	0	0	0	0
BA.1	2	2024-03-10	A67V T95I G339D S371L S373P S375F K417N N440K G446S S477N T478K E484A Q493R G496S Q498R N501Y Y505H T547K D614G H655Y N679K P681H N764K D796Y N856K Q954H N969K L981F	BA.1	0	0	38.0393173471592	0	1	0
BA.1	2	2024-03-17	A67V T95I G339D S371L S373P S375F K417N N440K G446S S477N T478K E484A Q493R G496S Q498R N501Y Y505H T547K D614G H655Y N679K P681H N764K D796Y N856K Q954H N969K L981F	BA.1	0	0	43.480202190396	0	1	0
BA.1	2	2024-03-24	A67V T95I G339D S371L S373P S375F K417N N440K G446S S477N T478K E484A Q493R G496S Q498R N501Y Y505H T547K D614G H655Y N679K P681H N764K D796Y N856K Q954H N969K L981F	BA.1	0	0	190.988095238095	0	2	0
BA.1	2	2024-03-31	A67V T95I G339D S371L S373P S375F K417N N440K G446S S477N T478K E484A Q493R G496S Q498R N501Y Y505H T547K D614G H655Y N679K P681H N764K D796Y N856K Q954H N969K L981F	BA.1	0	0	0	0	0	0
