VOC	TopK	Week	Mut	Lineage	Proportion	HaploWeeklyCases	VOCWeeklyCases	HaploCount	OtherCount	PreviousVOCCount
BA.2	1	2020-01-12	T19I G142D V213G G339D S371F S373P S375F T376A D405N R408S K417N N440K S477N T478K E484A Q493R Q498R N501Y Y505H D614G H655Y N679K P681H N764K D796Y Q954H N969K	BA.2	0	0	0	0	0	0
BA.2	1	2020-01-19	T19I G142D V213G G339D S371F S373P S375F T376A D405N R408S K417N N440K S477N T478K E484A Q493R Q498R N501Y Y505H D614G H655Y N679K P681H N764K D796Y Q954H N969K	BA.2	0	0	0	0	0	0
BA.2	1	2020-01-26	T19I G142D V213G G339D S371F S373P S375F T376A D405N R408S K417N N440K S477N T478K E484A Q493R Q498R N501Y Y505H D614G H655Y N679K P681H N764K D796Y Q954H N969K	BA.2	0	0	0	0	0	0
BA.2	1	2020-02-02	T19I G142D V213G G339D S371F S373P S375F T376A D405N R408S K417N N440K S477N T478K E484A Q493R Q498R N501Y Y505H D614G H655Y N679K P681H N764K D796Y Q954H N969K	BA.2	0	0	0	0	0	0
BA.2	1	2020-02-09	T19I G142D V213G G339D S371F S373P S375F T376A D405N R408S K417N N440K S477N T478K E484A Q493R Q498R N501Y Y505H D614G H655Y N679K P681H N764K D796Y Q954H N969K	BA.2	0	0	0	0	0	0
BA.2	1	2020-02-16	T19I G142D V213G G339D S371F S373P S375F T376A D405N R408S K417N N440K S477N T478K E484A Q493R Q498R N501Y Y505H D614G H655Y N679K P681H N764K D796Y Q954H N969K	BA.2	0	0	0	0	0	0
BA.2	1	2020-02-23	T19I G142D V213G G339D S371F S373P S375F T376A D405N R408S K417N N440K S477N T478K E484A Q493R Q498R N501Y Y505H D614G H655Y N679K P681H N764K D796Y Q954H N969K	BA.2	0	0	0	0	0	0
BA.2	1	2020-03-01	T19I G142D V213G G339D S371F S373P S375F T376A D405N R408S K417N N440K S477N T478K E484A Q493R Q498R N501Y Y505H D614G H655Y N679K P681H N764K D796Y Q954H N969K	BA.2	0	0	0	0	0	0
BA.2	1	2020-03-08	T19I G142D V213G G339D S371F S373P S375F T376A D405N R408S K417N N440K S477N T478K E484A Q493R Q498R N501Y Y505H D614G H655Y N679K P681H N764K D796Y Q954H N969K	BA.2	0	0	0	0	0	0
BA.2	1	2020-03-15	T19I G142D V213G G339D S371F S373P S375F T376A D405N R408S K417N N440K S477N T478K E484A Q493R Q498R N501Y Y505H D614G H655Y N679K P681H N764K D796Y Q954H N969K	BA.2	0	0	0	0	0	0
BA.2	1	2020-03-22	T19I G142D V213G G339D S371F S373P S375F T376A D405N R408S K417N N440K S477N T478K E484A Q493R Q498R N501Y Y505H D614G H655Y N679K P681H N764K D796Y Q954H N969K	BA.2	0	0	0	0	0	0
BA.2	1	2020-03-29	T19I G142D V213G G339D S371F S373P S375F T376A D405N R408S K417N N440K S477N T478K E484A Q493R Q498R N501Y Y505H D614G H655Y N679K P681H N764K D796Y Q954H N969K	BA.2	0	0	29.3986717889157	0	1	0
BA.2	1	2020-04-05	T19I G142D V213G G339D S371F S373P S375F T376A D405N R408S K417N N440K S477N T478K E484A Q493R Q498R N501Y Y505H D614G H655Y N679K P681H N764K D796Y Q954H N969K	BA.2	0	0	0	0	0	0
BA.2	1	2020-04-12	T19I G142D V213G G339D S371F S373P S375F T376A D405N R408S K417N N440K S477N T478K E484A Q493R Q498R N501Y Y505H D614G H655Y N679K P681H N764K D796Y Q954H N969K	BA.2	0	0	0	0	0	0
BA.2	1	2020-04-19	T19I G142D V213G G339D S371F S373P S375F T376A D405N R408S K417N N440K S477N T478K E484A Q493R Q498R N501Y Y505H D614G H655Y N679K P681H N764K D796Y Q954H N969K	BA.2	0	0	0	0	0	0
BA.2	1	2020-04-26	T19I G142D V213G G339D S371F S373P S375F T376A D405N R408S K417N N440K S477N T478K E484A Q493R Q498R N501Y Y505H D614G H655Y N679K P681H N764K D796Y Q954H N969K	BA.2	0	0	0	0	0	0
BA.2	1	2020-05-03	T19I G142D V213G G339D S371F S373P S375F T376A D405N R408S K417N N440K S477N T478K E484A Q493R Q498R N501Y Y505H D614G H655Y N679K P681H N764K D796Y Q954H N969K	BA.2	0	0	0	0	0	0
BA.2	1	2020-05-10	T19I G142D V213G G339D S371F S373P S375F T376A D405N R408S K417N N440K S477N T478K E484A Q493R Q498R N501Y Y505H D614G H655Y N679K P681H N764K D796Y Q954H N969K	BA.2	0	0	0	0	0	0
BA.2	1	2020-05-17	T19I G142D V213G G339D S371F S373P S375F T376A D405N R408S K417N N440K S477N T478K E484A Q493R Q498R N501Y Y505H D614G H655Y N679K P681H N764K D796Y Q954H N969K	BA.2	0	0	0	0	0	0
BA.2	1	2020-05-24	T19I G142D V213G G339D S371F S373P S375F T376A D405N R408S K417N N440K S477N T478K E484A Q493R Q498R N501Y Y505H D614G H655Y N679K P681H N764K D796Y Q954H N969K	BA.2	0	0	0	0	0	0
BA.2	1	2020-05-31	T19I G142D V213G G339D S371F S373P S375F T376A D405N R408S K417N N440K S477N T478K E484A Q493R Q498R N501Y Y505H D614G H655Y N679K P681H N764K D796Y Q954H N969K	BA.2	0	0	0	0	0	0
BA.2	1	2020-06-07	T19I G142D V213G G339D S371F S373P S375F T376A D405N R408S K417N N440K S477N T478K E484A Q493R Q498R N501Y Y505H D614G H655Y N679K P681H N764K D796Y Q954H N969K	BA.2	0	0	0	0	0	0
BA.2	1	2020-06-14	T19I G142D V213G G339D S371F S373P S375F T376A D405N R408S K417N N440K S477N T478K E484A Q493R Q498R N501Y Y505H D614G H655Y N679K P681H N764K D796Y Q954H N969K	BA.2	0	0	0	0	0	0
BA.2	1	2020-06-21	T19I G142D V213G G339D S371F S373P S375F T376A D405N R408S K417N N440K S477N T478K E484A Q493R Q498R N501Y Y505H D614G H655Y N679K P681H N764K D796Y Q954H N969K	BA.2	0	0	0	0	0	0
BA.2	1	2020-06-28	T19I G142D V213G G339D S371F S373P S375F T376A D405N R408S K417N N440K S477N T478K E484A Q493R Q498R N501Y Y505H D614G H655Y N679K P681H N764K D796Y Q954H N969K	BA.2	0	0	0	0	0	0
BA.2	1	2020-07-05	T19I G142D V213G G339D S371F S373P S375F T376A D405N R408S K417N N440K S477N T478K E484A Q493R Q498R N501Y Y505H D614G H655Y N679K P681H N764K D796Y Q954H N969K	BA.2	0	0	0	0	0	0
BA.2	1	2020-07-12	T19I G142D V213G G339D S371F S373P S375F T376A D405N R408S K417N N440K S477N T478K E484A Q493R Q498R N501Y Y505H D614G H655Y N679K P681H N764K D796Y Q954H N969K	BA.2	0	0	0	0	0	1
BA.2	1	2020-07-19	T19I G142D V213G G339D S371F S373P S375F T376A D405N R408S K417N N440K S477N T478K E484A Q493R Q498R N501Y Y505H D614G H655Y N679K P681H N764K D796Y Q954H N969K	BA.2	0	0	0	0	0	0
BA.2	1	2020-07-26	T19I G142D V213G G339D S371F S373P S375F T376A D405N R408S K417N N440K S477N T478K E484A Q493R Q498R N501Y Y505H D614G H655Y N679K P681H N764K D796Y Q954H N969K	BA.2	0	0	0	0	0	0
BA.2	1	2020-08-02	T19I G142D V213G G339D S371F S373P S375F T376A D405N R408S K417N N440K S477N T478K E484A Q493R Q498R N501Y Y505H D614G H655Y N679K P681H N764K D796Y Q954H N969K	BA.2	0	0	0	0	0	0
BA.2	1	2020-08-09	T19I G142D V213G G339D S371F S373P S375F T376A D405N R408S K417N N440K S477N T478K E484A Q493R Q498R N501Y Y505H D614G H655Y N679K P681H N764K D796Y Q954H N969K	BA.2	0	0	0	0	0	0
BA.2	1	2020-08-16	T19I G142D V213G G339D S371F S373P S375F T376A D405N R408S K417N N440K S477N T478K E484A Q493R Q498R N501Y Y505H D614G H655Y N679K P681H N764K D796Y Q954H N969K	BA.2	0	0	0	0	0	0
BA.2	1	2020-08-23	T19I G142D V213G G339D S371F S373P S375F T376A D405N R408S K417N N440K S477N T478K E484A Q493R Q498R N501Y Y505H D614G H655Y N679K P681H N764K D796Y Q954H N969K	BA.2	0	0	291.82081438503	0	1	0
BA.2	1	2020-08-30	T19I G142D V213G G339D S371F S373P S375F T376A D405N R408S K417N N440K S477N T478K E484A Q493R Q498R N501Y Y505H D614G H655Y N679K P681H N764K D796Y Q954H N969K	BA.2	0	0	0	0	0	0
BA.2	1	2020-09-06	T19I G142D V213G G339D S371F S373P S375F T376A D405N R408S K417N N440K S477N T478K E484A Q493R Q498R N501Y Y505H D614G H655Y N679K P681H N764K D796Y Q954H N969K	BA.2	0	0	260.825193954886	0	1	0
BA.2	1	2020-09-13	T19I G142D V213G G339D S371F S373P S375F T376A D405N R408S K417N N440K S477N T478K E484A Q493R Q498R N501Y Y505H D614G H655Y N679K P681H N764K D796Y Q954H N969K	BA.2	0	0	0	0	0	0
BA.2	1	2020-09-20	T19I G142D V213G G339D S371F S373P S375F T376A D405N R408S K417N N440K S477N T478K E484A Q493R Q498R N501Y Y505H D614G H655Y N679K P681H N764K D796Y Q954H N969K	BA.2	0	0	0	0	0	0
BA.2	1	2020-09-27	T19I G142D V213G G339D S371F S373P S375F T376A D405N R408S K417N N440K S477N T478K E484A Q493R Q498R N501Y Y505H D614G H655Y N679K P681H N764K D796Y Q954H N969K	BA.2	0	0	216.881468543443	0	1	1
BA.2	1	2020-10-04	T19I G142D V213G G339D S371F S373P S375F T376A D405N R408S K417N N440K S477N T478K E484A Q493R Q498R N501Y Y505H D614G H655Y N679K P681H N764K D796Y Q954H N969K	BA.2	0	0	0	0	0	0
BA.2	1	2020-10-11	T19I G142D V213G G339D S371F S373P S375F T376A D405N R408S K417N N440K S477N T478K E484A Q493R Q498R N501Y Y505H D614G H655Y N679K P681H N764K D796Y Q954H N969K	BA.2	0	0	0	0	0	0
BA.2	1	2020-10-18	T19I G142D V213G G339D S371F S373P S375F T376A D405N R408S K417N N440K S477N T478K E484A Q493R Q498R N501Y Y505H D614G H655Y N679K P681H N764K D796Y Q954H N969K	BA.2	0	0	0	0	0	0
BA.2	1	2020-10-25	T19I G142D V213G G339D S371F S373P S375F T376A D405N R408S K417N N440K S477N T478K E484A Q493R Q498R N501Y Y505H D614G H655Y N679K P681H N764K D796Y Q954H N969K	BA.2	0	0	0	0	0	0
BA.2	1	2020-11-01	T19I G142D V213G G339D S371F S373P S375F T376A D405N R408S K417N N440K S477N T478K E484A Q493R Q498R N501Y Y505H D614G H655Y N679K P681H N764K D796Y Q954H N969K	BA.2	0	0	0	0	0	0
BA.2	1	2020-11-08	T19I G142D V213G G339D S371F S373P S375F T376A D405N R408S K417N N440K S477N T478K E484A Q493R Q498R N501Y Y505H D614G H655Y N679K P681H N764K D796Y Q954H N969K	BA.2	0	0	0	0	0	0
BA.2	1	2020-11-15	T19I G142D V213G G339D S371F S373P S375F T376A D405N R408S K417N N440K S477N T478K E484A Q493R Q498R N501Y Y505H D614G H655Y N679K P681H N764K D796Y Q954H N969K	BA.2	1	210.512945834209	210.512945834209	1	0	0
BA.2	1	2020-11-22	T19I G142D V213G G339D S371F S373P S375F T376A D405N R408S K417N N440K S477N T478K E484A Q493R Q498R N501Y Y505H D614G H655Y N679K P681H N764K D796Y Q954H N969K	BA.2	0	0	0	0	0	0
BA.2	1	2020-11-29	T19I G142D V213G G339D S371F S373P S375F T376A D405N R408S K417N N440K S477N T478K E484A Q493R Q498R N501Y Y505H D614G H655Y N679K P681H N764K D796Y Q954H N969K	BA.2	0	0	0	0	0	0
BA.2	1	2020-12-06	T19I G142D V213G G339D S371F S373P S375F T376A D405N R408S K417N N440K S477N T478K E484A Q493R Q498R N501Y Y505H D614G H655Y N679K P681H N764K D796Y Q954H N969K	BA.2	0	0	0	0	0	0
BA.2	1	2020-12-13	T19I G142D V213G G339D S371F S373P S375F T376A D405N R408S K417N N440K S477N T478K E484A Q493R Q498R N501Y Y505H D614G H655Y N679K P681H N764K D796Y Q954H N969K	BA.2	0	0	0	0	0	0
BA.2	1	2020-12-20	T19I G142D V213G G339D S371F S373P S375F T376A D405N R408S K417N N440K S477N T478K E484A Q493R Q498R N501Y Y505H D614G H655Y N679K P681H N764K D796Y Q954H N969K	BA.2	0	0	0	0	0	0
BA.2	1	2020-12-27	T19I G142D V213G G339D S371F S373P S375F T376A D405N R408S K417N N440K S477N T478K E484A Q493R Q498R N501Y Y505H D614G H655Y N679K P681H N764K D796Y Q954H N969K	BA.2	0	0	0	0	0	0
BA.2	1	2021-01-03	T19I G142D V213G G339D S371F S373P S375F T376A D405N R408S K417N N440K S477N T478K E484A Q493R Q498R N501Y Y505H D614G H655Y N679K P681H N764K D796Y Q954H N969K	BA.2	0	0	0	0	0	7
BA.2	1	2021-01-10	T19I G142D V213G G339D S371F S373P S375F T376A D405N R408S K417N N440K S477N T478K E484A Q493R Q498R N501Y Y505H D614G H655Y N679K P681H N764K D796Y Q954H N969K	BA.2	0	0	0	0	0	60
BA.2	1	2021-01-17	T19I G142D V213G G339D S371F S373P S375F T376A D405N R408S K417N N440K S477N T478K E484A Q493R Q498R N501Y Y505H D614G H655Y N679K P681H N764K D796Y Q954H N969K	BA.2	0	0	0	0	0	7
BA.2	1	2021-01-24	T19I G142D V213G G339D S371F S373P S375F T376A D405N R408S K417N N440K S477N T478K E484A Q493R Q498R N501Y Y505H D614G H655Y N679K P681H N764K D796Y Q954H N969K	BA.2	0	0	0	0	0	2
BA.2	1	2021-01-31	T19I G142D V213G G339D S371F S373P S375F T376A D405N R408S K417N N440K S477N T478K E484A Q493R Q498R N501Y Y505H D614G H655Y N679K P681H N764K D796Y Q954H N969K	BA.2	0	0	0	0	0	5
BA.2	1	2021-02-07	T19I G142D V213G G339D S371F S373P S375F T376A D405N R408S K417N N440K S477N T478K E484A Q493R Q498R N501Y Y505H D614G H655Y N679K P681H N764K D796Y Q954H N969K	BA.2	0	0	0	0	0	2
BA.2	1	2021-02-14	T19I G142D V213G G339D S371F S373P S375F T376A D405N R408S K417N N440K S477N T478K E484A Q493R Q498R N501Y Y505H D614G H655Y N679K P681H N764K D796Y Q954H N969K	BA.2	0	0	0	0	0	2
BA.2	1	2021-02-21	T19I G142D V213G G339D S371F S373P S375F T376A D405N R408S K417N N440K S477N T478K E484A Q493R Q498R N501Y Y505H D614G H655Y N679K P681H N764K D796Y Q954H N969K	BA.2	0	0	0	0	0	8
BA.2	1	2021-02-28	T19I G142D V213G G339D S371F S373P S375F T376A D405N R408S K417N N440K S477N T478K E484A Q493R Q498R N501Y Y505H D614G H655Y N679K P681H N764K D796Y Q954H N969K	BA.2	0	0	0	0	0	1
BA.2	1	2021-03-07	T19I G142D V213G G339D S371F S373P S375F T376A D405N R408S K417N N440K S477N T478K E484A Q493R Q498R N501Y Y505H D614G H655Y N679K P681H N764K D796Y Q954H N969K	BA.2	0	0	0	0	0	5
BA.2	1	2021-03-14	T19I G142D V213G G339D S371F S373P S375F T376A D405N R408S K417N N440K S477N T478K E484A Q493R Q498R N501Y Y505H D614G H655Y N679K P681H N764K D796Y Q954H N969K	BA.2	1	52.4907617353287	52.4907617353287	1	0	3
BA.2	1	2021-03-21	T19I G142D V213G G339D S371F S373P S375F T376A D405N R408S K417N N440K S477N T478K E484A Q493R Q498R N501Y Y505H D614G H655Y N679K P681H N764K D796Y Q954H N969K	BA.2	0	0	0	0	0	3
BA.2	1	2021-03-28	T19I G142D V213G G339D S371F S373P S375F T376A D405N R408S K417N N440K S477N T478K E484A Q493R Q498R N501Y Y505H D614G H655Y N679K P681H N764K D796Y Q954H N969K	BA.2	0	0	0	0	0	3
BA.2	1	2021-04-04	T19I G142D V213G G339D S371F S373P S375F T376A D405N R408S K417N N440K S477N T478K E484A Q493R Q498R N501Y Y505H D614G H655Y N679K P681H N764K D796Y Q954H N969K	BA.2	0	0	0	0	0	1
BA.2	1	2021-04-11	T19I G142D V213G G339D S371F S373P S375F T376A D405N R408S K417N N440K S477N T478K E484A Q493R Q498R N501Y Y505H D614G H655Y N679K P681H N764K D796Y Q954H N969K	BA.2	0	0	0	0	0	0
BA.2	1	2021-04-18	T19I G142D V213G G339D S371F S373P S375F T376A D405N R408S K417N N440K S477N T478K E484A Q493R Q498R N501Y Y505H D614G H655Y N679K P681H N764K D796Y Q954H N969K	BA.2	0	0	0	0	0	0
BA.2	1	2021-04-25	T19I G142D V213G G339D S371F S373P S375F T376A D405N R408S K417N N440K S477N T478K E484A Q493R Q498R N501Y Y505H D614G H655Y N679K P681H N764K D796Y Q954H N969K	BA.2	0	0	0	0	0	0
BA.2	1	2021-05-02	T19I G142D V213G G339D S371F S373P S375F T376A D405N R408S K417N N440K S477N T478K E484A Q493R Q498R N501Y Y505H D614G H655Y N679K P681H N764K D796Y Q954H N969K	BA.2	0	0	89.4535645287986	0	1	3
BA.2	1	2021-05-09	T19I G142D V213G G339D S371F S373P S375F T376A D405N R408S K417N N440K S477N T478K E484A Q493R Q498R N501Y Y505H D614G H655Y N679K P681H N764K D796Y Q954H N969K	BA.2	0.5	92.1342748844696	184.268549768939	1	1	10
BA.2	1	2021-05-16	T19I G142D V213G G339D S371F S373P S375F T376A D405N R408S K417N N440K S477N T478K E484A Q493R Q498R N501Y Y505H D614G H655Y N679K P681H N764K D796Y Q954H N969K	BA.2	0	0	0	0	0	2
BA.2	1	2021-05-23	T19I G142D V213G G339D S371F S373P S375F T376A D405N R408S K417N N440K S477N T478K E484A Q493R Q498R N501Y Y505H D614G H655Y N679K P681H N764K D796Y Q954H N969K	BA.2	0	0	0	0	0	1
BA.2	1	2021-05-30	T19I G142D V213G G339D S371F S373P S375F T376A D405N R408S K417N N440K S477N T478K E484A Q493R Q498R N501Y Y505H D614G H655Y N679K P681H N764K D796Y Q954H N969K	BA.2	0	0	0	0	0	2
BA.2	1	2021-06-06	T19I G142D V213G G339D S371F S373P S375F T376A D405N R408S K417N N440K S477N T478K E484A Q493R Q498R N501Y Y505H D614G H655Y N679K P681H N764K D796Y Q954H N969K	BA.2	0	0	0	0	0	1
BA.2	1	2021-06-13	T19I G142D V213G G339D S371F S373P S375F T376A D405N R408S K417N N440K S477N T478K E484A Q493R Q498R N501Y Y505H D614G H655Y N679K P681H N764K D796Y Q954H N969K	BA.2	0	0	0	0	0	1
BA.2	1	2021-06-20	T19I G142D V213G G339D S371F S373P S375F T376A D405N R408S K417N N440K S477N T478K E484A Q493R Q498R N501Y Y505H D614G H655Y N679K P681H N764K D796Y Q954H N969K	BA.2	0	0	0	0	0	2
BA.2	1	2021-06-27	T19I G142D V213G G339D S371F S373P S375F T376A D405N R408S K417N N440K S477N T478K E484A Q493R Q498R N501Y Y505H D614G H655Y N679K P681H N764K D796Y Q954H N969K	BA.2	0	0	0	0	0	2
BA.2	1	2021-07-04	T19I G142D V213G G339D S371F S373P S375F T376A D405N R408S K417N N440K S477N T478K E484A Q493R Q498R N501Y Y505H D614G H655Y N679K P681H N764K D796Y Q954H N969K	BA.2	0.666666666666667	811.979505416092	1217.96925812414	12	6	0
BA.2	1	2021-07-11	T19I G142D V213G G339D S371F S373P S375F T376A D405N R408S K417N N440K S477N T478K E484A Q493R Q498R N501Y Y505H D614G H655Y N679K P681H N764K D796Y Q954H N969K	BA.2	0	0	63.8050873226775	0	1	1
BA.2	1	2021-07-18	T19I G142D V213G G339D S371F S373P S375F T376A D405N R408S K417N N440K S477N T478K E484A Q493R Q498R N501Y Y505H D614G H655Y N679K P681H N764K D796Y Q954H N969K	BA.2	0	0	0	0	0	0
BA.2	1	2021-07-25	T19I G142D V213G G339D S371F S373P S375F T376A D405N R408S K417N N440K S477N T478K E484A Q493R Q498R N501Y Y505H D614G H655Y N679K P681H N764K D796Y Q954H N969K	BA.2	0	0	0	0	0	0
BA.2	1	2021-08-01	T19I G142D V213G G339D S371F S373P S375F T376A D405N R408S K417N N440K S477N T478K E484A Q493R Q498R N501Y Y505H D614G H655Y N679K P681H N764K D796Y Q954H N969K	BA.2	0	0	0	0	0	0
BA.2	1	2021-08-08	T19I G142D V213G G339D S371F S373P S375F T376A D405N R408S K417N N440K S477N T478K E484A Q493R Q498R N501Y Y505H D614G H655Y N679K P681H N764K D796Y Q954H N969K	BA.2	0	0	0	0	0	3
BA.2	1	2021-08-15	T19I G142D V213G G339D S371F S373P S375F T376A D405N R408S K417N N440K S477N T478K E484A Q493R Q498R N501Y Y505H D614G H655Y N679K P681H N764K D796Y Q954H N969K	BA.2	0	0	48.8612951655046	0	1	0
BA.2	1	2021-08-22	T19I G142D V213G G339D S371F S373P S375F T376A D405N R408S K417N N440K S477N T478K E484A Q493R Q498R N501Y Y505H D614G H655Y N679K P681H N764K D796Y Q954H N969K	BA.2	0	0	0	0	0	1
BA.2	1	2021-08-29	T19I G142D V213G G339D S371F S373P S375F T376A D405N R408S K417N N440K S477N T478K E484A Q493R Q498R N501Y Y505H D614G H655Y N679K P681H N764K D796Y Q954H N969K	BA.2	0	0	0	0	0	2
BA.2	1	2021-09-05	T19I G142D V213G G339D S371F S373P S375F T376A D405N R408S K417N N440K S477N T478K E484A Q493R Q498R N501Y Y505H D614G H655Y N679K P681H N764K D796Y Q954H N969K	BA.2	0	0	0	0	0	1
BA.2	1	2021-09-12	T19I G142D V213G G339D S371F S373P S375F T376A D405N R408S K417N N440K S477N T478K E484A Q493R Q498R N501Y Y505H D614G H655Y N679K P681H N764K D796Y Q954H N969K	BA.2	0	0	0	0	0	1
BA.2	1	2021-09-19	T19I G142D V213G G339D S371F S373P S375F T376A D405N R408S K417N N440K S477N T478K E484A Q493R Q498R N501Y Y505H D614G H655Y N679K P681H N764K D796Y Q954H N969K	BA.2	0	0	0	0	0	0
BA.2	1	2021-09-26	T19I G142D V213G G339D S371F S373P S375F T376A D405N R408S K417N N440K S477N T478K E484A Q493R Q498R N501Y Y505H D614G H655Y N679K P681H N764K D796Y Q954H N969K	BA.2	0	0	0	0	0	0
BA.2	1	2021-10-03	T19I G142D V213G G339D S371F S373P S375F T376A D405N R408S K417N N440K S477N T478K E484A Q493R Q498R N501Y Y505H D614G H655Y N679K P681H N764K D796Y Q954H N969K	BA.2	0	0	43.961910533831	0	1	7
BA.2	1	2021-10-10	T19I G142D V213G G339D S371F S373P S375F T376A D405N R408S K417N N440K S477N T478K E484A Q493R Q498R N501Y Y505H D614G H655Y N679K P681H N764K D796Y Q954H N969K	BA.2	0	0	0	0	0	1
BA.2	1	2021-10-17	T19I G142D V213G G339D S371F S373P S375F T376A D405N R408S K417N N440K S477N T478K E484A Q493R Q498R N501Y Y505H D614G H655Y N679K P681H N764K D796Y Q954H N969K	BA.2	0	0	0	0	0	4
BA.2	1	2021-10-24	T19I G142D V213G G339D S371F S373P S375F T376A D405N R408S K417N N440K S477N T478K E484A Q493R Q498R N501Y Y505H D614G H655Y N679K P681H N764K D796Y Q954H N969K	BA.2	0	0	0	0	0	2
BA.2	1	2021-10-31	T19I G142D V213G G339D S371F S373P S375F T376A D405N R408S K417N N440K S477N T478K E484A Q493R Q498R N501Y Y505H D614G H655Y N679K P681H N764K D796Y Q954H N969K	BA.2	0	0	0	0	0	7
BA.2	1	2021-11-07	T19I G142D V213G G339D S371F S373P S375F T376A D405N R408S K417N N440K S477N T478K E484A Q493R Q498R N501Y Y505H D614G H655Y N679K P681H N764K D796Y Q954H N969K	BA.2	1	33.6732089575353	33.6732089575353	1	0	6
BA.2	1	2021-11-14	T19I G142D V213G G339D S371F S373P S375F T376A D405N R408S K417N N440K S477N T478K E484A Q493R Q498R N501Y Y505H D614G H655Y N679K P681H N764K D796Y Q954H N969K	BA.2	0	0	0	0	0	17
BA.2	1	2021-11-21	T19I G142D V213G G339D S371F S373P S375F T376A D405N R408S K417N N440K S477N T478K E484A Q493R Q498R N501Y Y505H D614G H655Y N679K P681H N764K D796Y Q954H N969K	BA.2	0.5	37.3427971798656	74.6855943597311	1	1	90
BA.2	1	2021-11-28	T19I G142D V213G G339D S371F S373P S375F T376A D405N R408S K417N N440K S477N T478K E484A Q493R Q498R N501Y Y505H D614G H655Y N679K P681H N764K D796Y Q954H N969K	BA.2	0.5	42.9290330310014	85.8580660620027	1	1	366
BA.2	1	2021-12-05	T19I G142D V213G G339D S371F S373P S375F T376A D405N R408S K417N N440K S477N T478K E484A Q493R Q498R N501Y Y505H D614G H655Y N679K P681H N764K D796Y Q954H N969K	BA.2	0.5	142.53768172356	285.07536344712	4	4	982
BA.2	1	2021-12-12	T19I G142D V213G G339D S371F S373P S375F T376A D405N R408S K417N N440K S477N T478K E484A Q493R Q498R N501Y Y505H D614G H655Y N679K P681H N764K D796Y Q954H N969K	BA.2	0.310344827586207	745.411200448766	2401.88053477936	18	40	4211
BA.2	1	2021-12-19	T19I G142D V213G G339D S371F S373P S375F T376A D405N R408S K417N N440K S477N T478K E484A Q493R Q498R N501Y Y505H D614G H655Y N679K P681H N764K D796Y Q954H N969K	BA.2	0.503597122302158	4221.47981346621	8382.65277245432	70	69	15777
BA.2	1	2021-12-26	T19I G142D V213G G339D S371F S373P S375F T376A D405N R408S K417N N440K S477N T478K E484A Q493R Q498R N501Y Y505H D614G H655Y N679K P681H N764K D796Y Q954H N969K	BA.2	0.539130434782609	26119.914428541	48448.2283755196	248	212	33014
BA.2	1	2022-01-02	T19I G142D V213G G339D S371F S373P S375F T376A D405N R408S K417N N440K S477N T478K E484A Q493R Q498R N501Y Y505H D614G H655Y N679K P681H N764K D796Y Q954H N969K	BA.2	0.623315758640891	156223.569940476	250633.11455676	1064	643	53534
BA.2	1	2022-01-09	T19I G142D V213G G339D S371F S373P S375F T376A D405N R408S K417N N440K S477N T478K E484A Q493R Q498R N501Y Y505H D614G H655Y N679K P681H N764K D796Y Q954H N969K	BA.2	0.634047619047619	447971.584944235	706526.720527896	2663	1537	77887
BA.2	1	2022-01-16	T19I G142D V213G G339D S371F S373P S375F T376A D405N R408S K417N N440K S477N T478K E484A Q493R Q498R N501Y Y505H D614G H655Y N679K P681H N764K D796Y Q954H N969K	BA.2	0.789939839572192	882488.949961615	1117159.69464149	4727	1257	97090
BA.2	1	2022-01-23	T19I G142D V213G G339D S371F S373P S375F T376A D405N R408S K417N N440K S477N T478K E484A Q493R Q498R N501Y Y505H D614G H655Y N679K P681H N764K D796Y Q954H N969K	BA.2	0.841421736158578	1620792.74653427	1926254.90510125	8617	1624	107037
BA.2	1	2022-01-30	T19I G142D V213G G339D S371F S373P S375F T376A D405N R408S K417N N440K S477N T478K E484A Q493R Q498R N501Y Y505H D614G H655Y N679K P681H N764K D796Y Q954H N969K	BA.2	0.819005298239617	2046457.77656046	2498711.2793521	9584	2118	91481
BA.2	1	2022-02-06	T19I G142D V213G G339D S371F S373P S375F T376A D405N R408S K417N N440K S477N T478K E484A Q493R Q498R N501Y Y505H D614G H655Y N679K P681H N764K D796Y Q954H N969K	BA.2	0.815285919699148	2735674.12056411	3355478.18803692	14742	3340	87540
BA.2	1	2022-02-13	T19I G142D V213G G339D S371F S373P S375F T376A D405N R408S K417N N440K S477N T478K E484A Q493R Q498R N501Y Y505H D614G H655Y N679K P681H N764K D796Y Q954H N969K	BA.2	0.802359253896602	3000440.36216989	3739522.34936964	18841	4641	77849
BA.2	1	2022-02-20	T19I G142D V213G G339D S371F S373P S375F T376A D405N R408S K417N N440K S477N T478K E484A Q493R Q498R N501Y Y505H D614G H655Y N679K P681H N764K D796Y Q954H N969K	BA.2	0.81401890474139	3871811.0630087	4756414.18209908	32122	7339	69776
BA.2	1	2022-02-27	T19I G142D V213G G339D S371F S373P S375F T376A D405N R408S K417N N440K S477N T478K E484A Q493R Q498R N501Y Y505H D614G H655Y N679K P681H N764K D796Y Q954H N969K	BA.2	0.805922082569218	4344152.88262654	5390288.93311586	36036	8678	49932
BA.2	1	2022-03-06	T19I G142D V213G G339D S371F S373P S375F T376A D405N R408S K417N N440K S477N T478K E484A Q493R Q498R N501Y Y505H D614G H655Y N679K P681H N764K D796Y Q954H N969K	BA.2	0.813835459536317	5570232.85860438	6844421.42859937	41211	9427	30829
BA.2	1	2022-03-13	T19I G142D V213G G339D S371F S373P S375F T376A D405N R408S K417N N440K S477N T478K E484A Q493R Q498R N501Y Y505H D614G H655Y N679K P681H N764K D796Y Q954H N969K	BA.2	0.810489976379383	6796515.22668019	8385686.9606723	53528	12516	24217
BA.2	1	2022-03-20	T19I G142D V213G G339D S371F S373P S375F T376A D405N R408S K417N N440K S477N T478K E484A Q493R Q498R N501Y Y505H D614G H655Y N679K P681H N764K D796Y Q954H N969K	BA.2	0.795633940223244	7622076.05726629	9579877.97142947	62797	16130	16400
BA.2	1	2022-03-27	T19I G142D V213G G339D S371F S373P S375F T376A D405N R408S K417N N440K S477N T478K E484A Q493R Q498R N501Y Y505H D614G H655Y N679K P681H N764K D796Y Q954H N969K	BA.2	0.783800753453328	7407556.26516126	9450815.44324179	59920	16528	10930
BA.2	1	2022-04-03	T19I G142D V213G G339D S371F S373P S375F T376A D405N R408S K417N N440K S477N T478K E484A Q493R Q498R N501Y Y505H D614G H655Y N679K P681H N764K D796Y Q954H N969K	BA.2	0.7564681724846	6216636.61946105	8217975.11856008	49734	16011	7120
BA.2	1	2022-04-10	T19I G142D V213G G339D S371F S373P S375F T376A D405N R408S K417N N440K S477N T478K E484A Q493R Q498R N501Y Y505H D614G H655Y N679K P681H N764K D796Y Q954H N969K	BA.2	0.685513447432763	4635824.68149137	6762558.34054381	40374	18522	5060
BA.2	1	2022-04-17	T19I G142D V213G G339D S371F S373P S375F T376A D405N R408S K417N N440K S477N T478K E484A Q493R Q498R N501Y Y505H D614G H655Y N679K P681H N764K D796Y Q954H N969K	BA.2	0.666589861751152	3671521.16121297	5507916.29438794	37609	18811	2861
BA.2	1	2022-04-24	T19I G142D V213G G339D S371F S373P S375F T376A D405N R408S K417N N440K S477N T478K E484A Q493R Q498R N501Y Y505H D614G H655Y N679K P681H N764K D796Y Q954H N969K	BA.2	0.63825367580651	2906658.58242463	4554080.44262608	35335	20027	1642
BA.2	1	2022-05-01	T19I G142D V213G G339D S371F S373P S375F T376A D405N R408S K417N N440K S477N T478K E484A Q493R Q498R N501Y Y505H D614G H655Y N679K P681H N764K D796Y Q954H N969K	BA.2	0.5697540200605	2185931.89944455	3836623.91572496	28629	21619	973
BA.2	1	2022-05-08	T19I G142D V213G G339D S371F S373P S375F T376A D405N R408S K417N N440K S477N T478K E484A Q493R Q498R N501Y Y505H D614G H655Y N679K P681H N764K D796Y Q954H N969K	BA.2	0.497603799991518	1729863.34847311	3476386.93374648	23466	23692	595
BA.2	1	2022-05-15	T19I G142D V213G G339D S371F S373P S375F T376A D405N R408S K417N N440K S477N T478K E484A Q493R Q498R N501Y Y505H D614G H655Y N679K P681H N764K D796Y Q954H N969K	BA.2	0.430678293439457	1379611.04523836	3203344.73841389	22077	29184	701
BA.2	1	2022-05-22	T19I G142D V213G G339D S371F S373P S375F T376A D405N R408S K417N N440K S477N T478K E484A Q493R Q498R N501Y Y505H D614G H655Y N679K P681H N764K D796Y Q954H N969K	BA.2	0.370625309212932	1093305.41511206	2949894.10581223	17230	29259	437
BA.2	1	2022-05-29	T19I G142D V213G G339D S371F S373P S375F T376A D405N R408S K417N N440K S477N T478K E484A Q493R Q498R N501Y Y505H D614G H655Y N679K P681H N764K D796Y Q954H N969K	BA.2	0.310002033392829	795085.250570438	2564774.30766694	13721	30540	187
BA.2	1	2022-06-05	T19I G142D V213G G339D S371F S373P S375F T376A D405N R408S K417N N440K S477N T478K E484A Q493R Q498R N501Y Y505H D614G H655Y N679K P681H N764K D796Y Q954H N969K	BA.2	0.263193294701987	584751.046430268	2221755.1062324	10174	28482	133
BA.2	1	2022-06-12	T19I G142D V213G G339D S371F S373P S375F T376A D405N R408S K417N N440K S477N T478K E484A Q493R Q498R N501Y Y505H D614G H655Y N679K P681H N764K D796Y Q954H N969K	BA.2	0.226282501756852	451273.901060157	1994294.28946771	8050	27525	85
BA.2	1	2022-06-19	T19I G142D V213G G339D S371F S373P S375F T376A D405N R408S K417N N440K S477N T478K E484A Q493R Q498R N501Y Y505H D614G H655Y N679K P681H N764K D796Y Q954H N969K	BA.2	0.200406678919173	338026.551128177	1686703.02282944	5125	20448	48
BA.2	1	2022-06-26	T19I G142D V213G G339D S371F S373P S375F T376A D405N R408S K417N N440K S477N T478K E484A Q493R Q498R N501Y Y505H D614G H655Y N679K P681H N764K D796Y Q954H N969K	BA.2	0.184262402803636	252468.959834155	1370159.92406875	3365	14897	38
BA.2	1	2022-07-03	T19I G142D V213G G339D S371F S373P S375F T376A D405N R408S K417N N440K S477N T478K E484A Q493R Q498R N501Y Y505H D614G H655Y N679K P681H N764K D796Y Q954H N969K	BA.2	0.164750692520776	188534.855510556	1144364.57064835	2379	12061	35
BA.2	1	2022-07-10	T19I G142D V213G G339D S371F S373P S375F T376A D405N R408S K417N N440K S477N T478K E484A Q493R Q498R N501Y Y505H D614G H655Y N679K P681H N764K D796Y Q954H N969K	BA.2	0.17432915921288	166252.189456578	953668.280207561	1949	9231	38
BA.2	1	2022-07-17	T19I G142D V213G G339D S371F S373P S375F T376A D405N R408S K417N N440K S477N T478K E484A Q493R Q498R N501Y Y505H D614G H655Y N679K P681H N764K D796Y Q954H N969K	BA.2	0.156580937972769	112613.865033024	719205.456877572	1242	6690	40
BA.2	1	2022-07-24	T19I G142D V213G G339D S371F S373P S375F T376A D405N R408S K417N N440K S477N T478K E484A Q493R Q498R N501Y Y505H D614G H655Y N679K P681H N764K D796Y Q954H N969K	BA.2	0.143313458262351	69701.8500283726	486359.417137055	673	4023	24
BA.2	1	2022-07-31	T19I G142D V213G G339D S371F S373P S375F T376A D405N R408S K417N N440K S477N T478K E484A Q493R Q498R N501Y Y505H D614G H655Y N679K P681H N764K D796Y Q954H N969K	BA.2	0.12987012987013	40493.8190856981	311802.406959875	330	2211	25
BA.2	1	2022-08-07	T19I G142D V213G G339D S371F S373P S375F T376A D405N R408S K417N N440K S477N T478K E484A Q493R Q498R N501Y Y505H D614G H655Y N679K P681H N764K D796Y Q954H N969K	BA.2	0.0924635845471818	18260.9164684267	197493.062353738	146	1433	20
BA.2	1	2022-08-14	T19I G142D V213G G339D S371F S373P S375F T376A D405N R408S K417N N440K S477N T478K E484A Q493R Q498R N501Y Y505H D614G H655Y N679K P681H N764K D796Y Q954H N969K	BA.2	0.0716332378223496	9688.43593643237	135250.565672596	75	972	34
BA.2	1	2022-08-21	T19I G142D V213G G339D S371F S373P S375F T376A D405N R408S K417N N440K S477N T478K E484A Q493R Q498R N501Y Y505H D614G H655Y N679K P681H N764K D796Y Q954H N969K	BA.2	0.06318347509113	5861.01659370715	92761.8587811728	52	771	18
BA.2	1	2022-08-28	T19I G142D V213G G339D S371F S373P S375F T376A D405N R408S K417N N440K S477N T478K E484A Q493R Q498R N501Y Y505H D614G H655Y N679K P681H N764K D796Y Q954H N969K	BA.2	0.0470914127423823	3484.42887614985	73992.8720170644	34	688	21
BA.2	1	2022-09-04	T19I G142D V213G G339D S371F S373P S375F T376A D405N R408S K417N N440K S477N T478K E484A Q493R Q498R N501Y Y505H D614G H655Y N679K P681H N764K D796Y Q954H N969K	BA.2	0.031413612565445	1743.08288783412	55488.138596053	18	555	15
BA.2	1	2022-09-11	T19I G142D V213G G339D S371F S373P S375F T376A D405N R408S K417N N440K S477N T478K E484A Q493R Q498R N501Y Y505H D614G H655Y N679K P681H N764K D796Y Q954H N969K	BA.2	0.0162337662337662	931.936629411441	57407.2963717448	10	606	15
BA.2	1	2022-09-18	T19I G142D V213G G339D S371F S373P S375F T376A D405N R408S K417N N440K S477N T478K E484A Q493R Q498R N501Y Y505H D614G H655Y N679K P681H N764K D796Y Q954H N969K	BA.2	0.00580046403712297	373.881850250907	64457.2309832563	5	857	10
BA.2	1	2022-09-25	T19I G142D V213G G339D S371F S373P S375F T376A D405N R408S K417N N440K S477N T478K E484A Q493R Q498R N501Y Y505H D614G H655Y N679K P681H N764K D796Y Q954H N969K	BA.2	0.00789177001127396	574.323159833924	72774.9489675273	7	880	10
BA.2	1	2022-10-02	T19I G142D V213G G339D S371F S373P S375F T376A D405N R408S K417N N440K S477N T478K E484A Q493R Q498R N501Y Y505H D614G H655Y N679K P681H N764K D796Y Q954H N969K	BA.2	0.00109289617486339	88.3945720672878	80881.0334415683	1	914	18
BA.2	1	2022-10-09	T19I G142D V213G G339D S371F S373P S375F T376A D405N R408S K417N N440K S477N T478K E484A Q493R Q498R N501Y Y505H D614G H655Y N679K P681H N764K D796Y Q954H N969K	BA.2	0	0	99067.5251472447	0	1113	11
BA.2	1	2022-10-16	T19I G142D V213G G339D S371F S373P S375F T376A D405N R408S K417N N440K S477N T478K E484A Q493R Q498R N501Y Y505H D614G H655Y N679K P681H N764K D796Y Q954H N969K	BA.2	0.00580912863070539	605.169205105889	104175.556021799	7	1198	15
BA.2	1	2022-10-23	T19I G142D V213G G339D S371F S373P S375F T376A D405N R408S K417N N440K S477N T478K E484A Q493R Q498R N501Y Y505H D614G H655Y N679K P681H N764K D796Y Q954H N969K	BA.2	0.0046801872074883	514.680904856953	109970.153337769	6	1276	8
BA.2	1	2022-10-30	T19I G142D V213G G339D S371F S373P S375F T376A D405N R408S K417N N440K S477N T478K E484A Q493R Q498R N501Y Y505H D614G H655Y N679K P681H N764K D796Y Q954H N969K	BA.2	0.00273972602739726	305.96243393177	111676.288385096	4	1456	11
BA.2	1	2022-11-06	T19I G142D V213G G339D S371F S373P S375F T376A D405N R408S K417N N440K S477N T478K E484A Q493R Q498R N501Y Y505H D614G H655Y N679K P681H N764K D796Y Q954H N969K	BA.2	0.00295159386068477	365.080531069757	123689.283926434	5	1689	9
BA.2	1	2022-11-13	T19I G142D V213G G339D S371F S373P S375F T376A D405N R408S K417N N440K S477N T478K E484A Q493R Q498R N501Y Y505H D614G H655Y N679K P681H N764K D796Y Q954H N969K	BA.2	0.00103896103896104	140.627447412843	135353.918134862	2	1923	5
BA.2	1	2022-11-20	T19I G142D V213G G339D S371F S373P S375F T376A D405N R408S K417N N440K S477N T478K E484A Q493R Q498R N501Y Y505H D614G H655Y N679K P681H N764K D796Y Q954H N969K	BA.2	0.0017636684303351	308.113021570458	174700.08323045	4	2264	8
BA.2	1	2022-11-27	T19I G142D V213G G339D S371F S373P S375F T376A D405N R408S K417N N440K S477N T478K E484A Q493R Q498R N501Y Y505H D614G H655Y N679K P681H N764K D796Y Q954H N969K	BA.2	0	0	195323.834973647	0	2347	9
BA.2	1	2022-12-04	T19I G142D V213G G339D S371F S373P S375F T376A D405N R408S K417N N440K S477N T478K E484A Q493R Q498R N501Y Y505H D614G H655Y N679K P681H N764K D796Y Q954H N969K	BA.2	0.000679809653297077	152.05747209916	223676.541457864	2	2940	19
BA.2	1	2022-12-11	T19I G142D V213G G339D S371F S373P S375F T376A D405N R408S K417N N440K S477N T478K E484A Q493R Q498R N501Y Y505H D614G H655Y N679K P681H N764K D796Y Q954H N969K	BA.2	0.000309693403530505	88.0624179707219	284353.547627461	1	3228	3
BA.2	1	2022-12-18	T19I G142D V213G G339D S371F S373P S375F T376A D405N R408S K417N N440K S477N T478K E484A Q493R Q498R N501Y Y505H D614G H655Y N679K P681H N764K D796Y Q954H N969K	BA.2	0.000285225328009127	92.7571585627905	325206.597921143	1	3505	6
BA.2	1	2022-12-25	T19I G142D V213G G339D S371F S373P S375F T376A D405N R408S K417N N440K S477N T478K E484A Q493R Q498R N501Y Y505H D614G H655Y N679K P681H N764K D796Y Q954H N969K	BA.2	0.000299490865528601	96.2439037519513	321358.394627766	1	3338	6
BA.2	1	2023-01-01	T19I G142D V213G G339D S371F S373P S375F T376A D405N R408S K417N N440K S477N T478K E484A Q493R Q498R N501Y Y505H D614G H655Y N679K P681H N764K D796Y Q954H N969K	BA.2	0	0	336027.82611465	0	3403	5
BA.2	1	2023-01-08	T19I G142D V213G G339D S371F S373P S375F T376A D405N R408S K417N N440K S477N T478K E484A Q493R Q498R N501Y Y505H D614G H655Y N679K P681H N764K D796Y Q954H N969K	BA.2	0.000547945205479452	179.318872564474	327256.942430166	2	3648	12
BA.2	1	2023-01-15	T19I G142D V213G G339D S371F S373P S375F T376A D405N R408S K417N N440K S477N T478K E484A Q493R Q498R N501Y Y505H D614G H655Y N679K P681H N764K D796Y Q954H N969K	BA.2	0	0	272347.409547057	0	2788	4
BA.2	1	2023-01-22	T19I G142D V213G G339D S371F S373P S375F T376A D405N R408S K417N N440K S477N T478K E484A Q493R Q498R N501Y Y505H D614G H655Y N679K P681H N764K D796Y Q954H N969K	BA.2	0	0	201008.650517816	0	2222	7
BA.2	1	2023-01-29	T19I G142D V213G G339D S371F S373P S375F T376A D405N R408S K417N N440K S477N T478K E484A Q493R Q498R N501Y Y505H D614G H655Y N679K P681H N764K D796Y Q954H N969K	BA.2	0	0	165652.257577225	0	2367	1
BA.2	1	2023-02-05	T19I G142D V213G G339D S371F S373P S375F T376A D405N R408S K417N N440K S477N T478K E484A Q493R Q498R N501Y Y505H D614G H655Y N679K P681H N764K D796Y Q954H N969K	BA.2	0	0	143849.528264304	0	2279	0
BA.2	1	2023-02-12	T19I G142D V213G G339D S371F S373P S375F T376A D405N R408S K417N N440K S477N T478K E484A Q493R Q498R N501Y Y505H D614G H655Y N679K P681H N764K D796Y Q954H N969K	BA.2	0	0	124445.690868224	0	2152	4
BA.2	1	2023-02-19	T19I G142D V213G G339D S371F S373P S375F T376A D405N R408S K417N N440K S477N T478K E484A Q493R Q498R N501Y Y505H D614G H655Y N679K P681H N764K D796Y Q954H N969K	BA.2	0	0	117838.895037519	0	2108	1
BA.2	1	2023-02-26	T19I G142D V213G G339D S371F S373P S375F T376A D405N R408S K417N N440K S477N T478K E484A Q493R Q498R N501Y Y505H D614G H655Y N679K P681H N764K D796Y Q954H N969K	BA.2	0	0	111028.531509757	0	1905	5
BA.2	1	2023-03-05	T19I G142D V213G G339D S371F S373P S375F T376A D405N R408S K417N N440K S477N T478K E484A Q493R Q498R N501Y Y505H D614G H655Y N679K P681H N764K D796Y Q954H N969K	BA.2	0	0	100853.491454545	0	1821	0
BA.2	1	2023-03-12	T19I G142D V213G G339D S371F S373P S375F T376A D405N R408S K417N N440K S477N T478K E484A Q493R Q498R N501Y Y505H D614G H655Y N679K P681H N764K D796Y Q954H N969K	BA.2	0	0	62114.1010114365	0	1101	2
BA.2	1	2023-03-19	T19I G142D V213G G339D S371F S373P S375F T376A D405N R408S K417N N440K S477N T478K E484A Q493R Q498R N501Y Y505H D614G H655Y N679K P681H N764K D796Y Q954H N969K	BA.2	0	0	67079.9111676922	0	1168	5
BA.2	1	2023-03-26	T19I G142D V213G G339D S371F S373P S375F T376A D405N R408S K417N N440K S477N T478K E484A Q493R Q498R N501Y Y505H D614G H655Y N679K P681H N764K D796Y Q954H N969K	BA.2	0	0	57025.9098751033	0	965	5
BA.2	1	2023-04-02	T19I G142D V213G G339D S371F S373P S375F T376A D405N R408S K417N N440K S477N T478K E484A Q493R Q498R N501Y Y505H D614G H655Y N679K P681H N764K D796Y Q954H N969K	BA.2	0	0	61308.9621509599	0	970	1
BA.2	1	2023-04-09	T19I G142D V213G G339D S371F S373P S375F T376A D405N R408S K417N N440K S477N T478K E484A Q493R Q498R N501Y Y505H D614G H655Y N679K P681H N764K D796Y Q954H N969K	BA.2	0.00139664804469274	69.868962219034	50026.1769488283	1	715	0
BA.2	1	2023-04-16	T19I G142D V213G G339D S371F S373P S375F T376A D405N R408S K417N N440K S477N T478K E484A Q493R Q498R N501Y Y505H D614G H655Y N679K P681H N764K D796Y Q954H N969K	BA.2	0	0	44484.268633779	0	680	10
BA.2	1	2023-04-23	T19I G142D V213G G339D S371F S373P S375F T376A D405N R408S K417N N440K S477N T478K E484A Q493R Q498R N501Y Y505H D614G H655Y N679K P681H N764K D796Y Q954H N969K	BA.2	0.00694444444444444	276.503325143325	39816.4788206388	4	572	7
BA.2	1	2023-04-30	T19I G142D V213G G339D S371F S373P S375F T376A D405N R408S K417N N440K S477N T478K E484A Q493R Q498R N501Y Y505H D614G H655Y N679K P681H N764K D796Y Q954H N969K	BA.2	0	0	37699.9981623679	0	568	1
BA.2	1	2023-05-07	T19I G142D V213G G339D S371F S373P S375F T376A D405N R408S K417N N440K S477N T478K E484A Q493R Q498R N501Y Y505H D614G H655Y N679K P681H N764K D796Y Q954H N969K	BA.2	0	0	32558.5641787633	0	462	1
BA.2	1	2023-05-14	T19I G142D V213G G339D S371F S373P S375F T376A D405N R408S K417N N440K S477N T478K E484A Q493R Q498R N501Y Y505H D614G H655Y N679K P681H N764K D796Y Q954H N969K	BA.2	0	0	22629.8130405855	0	353	1
BA.2	1	2023-05-21	T19I G142D V213G G339D S371F S373P S375F T376A D405N R408S K417N N440K S477N T478K E484A Q493R Q498R N501Y Y505H D614G H655Y N679K P681H N764K D796Y Q954H N969K	BA.2	0	0	19556.8902206483	0	336	1
BA.2	1	2023-05-28	T19I G142D V213G G339D S371F S373P S375F T376A D405N R408S K417N N440K S477N T478K E484A Q493R Q498R N501Y Y505H D614G H655Y N679K P681H N764K D796Y Q954H N969K	BA.2	0.0101694915254237	140.994265734266	13864.4361305361	3	292	2
BA.2	1	2023-06-04	T19I G142D V213G G339D S371F S373P S375F T376A D405N R408S K417N N440K S477N T478K E484A Q493R Q498R N501Y Y505H D614G H655Y N679K P681H N764K D796Y Q954H N969K	BA.2	0	0	10320.587392263	0	226	0
BA.2	1	2023-06-11	T19I G142D V213G G339D S371F S373P S375F T376A D405N R408S K417N N440K S477N T478K E484A Q493R Q498R N501Y Y505H D614G H655Y N679K P681H N764K D796Y Q954H N969K	BA.2	0	0	7894.43072218302	0	190	1
BA.2	1	2023-06-18	T19I G142D V213G G339D S371F S373P S375F T376A D405N R408S K417N N440K S477N T478K E484A Q493R Q498R N501Y Y505H D614G H655Y N679K P681H N764K D796Y Q954H N969K	BA.2	0	0	6965.98839385998	0	179	0
BA.2	1	2023-06-25	T19I G142D V213G G339D S371F S373P S375F T376A D405N R408S K417N N440K S477N T478K E484A Q493R Q498R N501Y Y505H D614G H655Y N679K P681H N764K D796Y Q954H N969K	BA.2	0	0	5468.70481452249	0	159	1
BA.2	1	2023-07-02	T19I G142D V213G G339D S371F S373P S375F T376A D405N R408S K417N N440K S477N T478K E484A Q493R Q498R N501Y Y505H D614G H655Y N679K P681H N764K D796Y Q954H N969K	BA.2	0	0	4417.56402737048	0	104	1
BA.2	1	2023-07-09	T19I G142D V213G G339D S371F S373P S375F T376A D405N R408S K417N N440K S477N T478K E484A Q493R Q498R N501Y Y505H D614G H655Y N679K P681H N764K D796Y Q954H N969K	BA.2	0	0	4397.77410228509	0	108	0
BA.2	1	2023-07-16	T19I G142D V213G G339D S371F S373P S375F T376A D405N R408S K417N N440K S477N T478K E484A Q493R Q498R N501Y Y505H D614G H655Y N679K P681H N764K D796Y Q954H N969K	BA.2	0	0	5750.35028025058	0	137	0
BA.2	1	2023-07-23	T19I G142D V213G G339D S371F S373P S375F T376A D405N R408S K417N N440K S477N T478K E484A Q493R Q498R N501Y Y505H D614G H655Y N679K P681H N764K D796Y Q954H N969K	BA.2	0	0	4683.07077360196	0	94	2
BA.2	1	2023-07-30	T19I G142D V213G G339D S371F S373P S375F T376A D405N R408S K417N N440K S477N T478K E484A Q493R Q498R N501Y Y505H D614G H655Y N679K P681H N764K D796Y Q954H N969K	BA.2	0	0	7430.41165991903	0	108	1
BA.2	1	2023-08-06	T19I G142D V213G G339D S371F S373P S375F T376A D405N R408S K417N N440K S477N T478K E484A Q493R Q498R N501Y Y505H D614G H655Y N679K P681H N764K D796Y Q954H N969K	BA.2	0	0	9112.21915285451	0	170	1
BA.2	1	2023-08-13	T19I G142D V213G G339D S371F S373P S375F T376A D405N R408S K417N N440K S477N T478K E484A Q493R Q498R N501Y Y505H D614G H655Y N679K P681H N764K D796Y Q954H N969K	BA.2	0	0	6677.4671111681	0	138	0
BA.2	1	2023-08-20	T19I G142D V213G G339D S371F S373P S375F T376A D405N R408S K417N N440K S477N T478K E484A Q493R Q498R N501Y Y505H D614G H655Y N679K P681H N764K D796Y Q954H N969K	BA.2	0	0	4540.6425199288	0	148	0
BA.2	1	2023-08-27	T19I G142D V213G G339D S371F S373P S375F T376A D405N R408S K417N N440K S477N T478K E484A Q493R Q498R N501Y Y505H D614G H655Y N679K P681H N764K D796Y Q954H N969K	BA.2	0	0	5684.43557117083	0	179	0
BA.2	1	2023-09-03	T19I G142D V213G G339D S371F S373P S375F T376A D405N R408S K417N N440K S477N T478K E484A Q493R Q498R N501Y Y505H D614G H655Y N679K P681H N764K D796Y Q954H N969K	BA.2	0	0	5955.46681525508	0	200	1
BA.2	1	2023-09-10	T19I G142D V213G G339D S371F S373P S375F T376A D405N R408S K417N N440K S477N T478K E484A Q493R Q498R N501Y Y505H D614G H655Y N679K P681H N764K D796Y Q954H N969K	BA.2	0	0	4221.52906976744	0	204	0
BA.2	1	2023-09-17	T19I G142D V213G G339D S371F S373P S375F T376A D405N R408S K417N N440K S477N T478K E484A Q493R Q498R N501Y Y505H D614G H655Y N679K P681H N764K D796Y Q954H N969K	BA.2	0	0	3131.1477124183	0	208	0
BA.2	1	2023-09-24	T19I G142D V213G G339D S371F S373P S375F T376A D405N R408S K417N N440K S477N T478K E484A Q493R Q498R N501Y Y505H D614G H655Y N679K P681H N764K D796Y Q954H N969K	BA.2	0	0	2290.89717965801	0	191	1
BA.2	1	2023-10-01	T19I G142D V213G G339D S371F S373P S375F T376A D405N R408S K417N N440K S477N T478K E484A Q493R Q498R N501Y Y505H D614G H655Y N679K P681H N764K D796Y Q954H N969K	BA.2	0	0	2988.84017238149	0	204	2
BA.2	1	2023-10-08	T19I G142D V213G G339D S371F S373P S375F T376A D405N R408S K417N N440K S477N T478K E484A Q493R Q498R N501Y Y505H D614G H655Y N679K P681H N764K D796Y Q954H N969K	BA.2	0	0	3147.738099864	0	204	1
BA.2	1	2023-10-15	T19I G142D V213G G339D S371F S373P S375F T376A D405N R408S K417N N440K S477N T478K E484A Q493R Q498R N501Y Y505H D614G H655Y N679K P681H N764K D796Y Q954H N969K	BA.2	0	0	3389.01890718617	0	206	1
BA.2	1	2023-10-22	T19I G142D V213G G339D S371F S373P S375F T376A D405N R408S K417N N440K S477N T478K E484A Q493R Q498R N501Y Y505H D614G H655Y N679K P681H N764K D796Y Q954H N969K	BA.2	0	0	2572.74798213012	0	158	0
BA.2	1	2023-10-29	T19I G142D V213G G339D S371F S373P S375F T376A D405N R408S K417N N440K S477N T478K E484A Q493R Q498R N501Y Y505H D614G H655Y N679K P681H N764K D796Y Q954H N969K	BA.2	0	0	2366.82038579108	0	153	1
BA.2	1	2023-11-05	T19I G142D V213G G339D S371F S373P S375F T376A D405N R408S K417N N440K S477N T478K E484A Q493R Q498R N501Y Y505H D614G H655Y N679K P681H N764K D796Y Q954H N969K	BA.2	0	0	1858.59515046547	0	111	0
BA.2	1	2023-11-12	T19I G142D V213G G339D S371F S373P S375F T376A D405N R408S K417N N440K S477N T478K E484A Q493R Q498R N501Y Y505H D614G H655Y N679K P681H N764K D796Y Q954H N969K	BA.2	0	0	1801.37636792287	0	95	1
BA.2	1	2023-11-19	T19I G142D V213G G339D S371F S373P S375F T376A D405N R408S K417N N440K S477N T478K E484A Q493R Q498R N501Y Y505H D614G H655Y N679K P681H N764K D796Y Q954H N969K	BA.2	0	0	1583.45973988017	0	70	1
BA.2	1	2023-11-26	T19I G142D V213G G339D S371F S373P S375F T376A D405N R408S K417N N440K S477N T478K E484A Q493R Q498R N501Y Y505H D614G H655Y N679K P681H N764K D796Y Q954H N969K	BA.2	0	0	2182.57717552403	0	84	0
BA.2	1	2023-12-03	T19I G142D V213G G339D S371F S373P S375F T376A D405N R408S K417N N440K S477N T478K E484A Q493R Q498R N501Y Y505H D614G H655Y N679K P681H N764K D796Y Q954H N969K	BA.2	0	0	1827.46593455142	0	68	1
BA.2	1	2023-12-10	T19I G142D V213G G339D S371F S373P S375F T376A D405N R408S K417N N440K S477N T478K E484A Q493R Q498R N501Y Y505H D614G H655Y N679K P681H N764K D796Y Q954H N969K	BA.2	0	0	1519.37905332042	0	52	0
BA.2	1	2023-12-17	T19I G142D V213G G339D S371F S373P S375F T376A D405N R408S K417N N440K S477N T478K E484A Q493R Q498R N501Y Y505H D614G H655Y N679K P681H N764K D796Y Q954H N969K	BA.2	0	0	1109.89212223157	0	37	0
BA.2	1	2023-12-24	T19I G142D V213G G339D S371F S373P S375F T376A D405N R408S K417N N440K S477N T478K E484A Q493R Q498R N501Y Y505H D614G H655Y N679K P681H N764K D796Y Q954H N969K	BA.2	0	0	1021.40167792101	0	30	1
BA.2	1	2023-12-31	T19I G142D V213G G339D S371F S373P S375F T376A D405N R408S K417N N440K S477N T478K E484A Q493R Q498R N501Y Y505H D614G H655Y N679K P681H N764K D796Y Q954H N969K	BA.2	0	0	484.217379156189	0	17	0
BA.2	1	2024-01-07	T19I G142D V213G G339D S371F S373P S375F T376A D405N R408S K417N N440K S477N T478K E484A Q493R Q498R N501Y Y505H D614G H655Y N679K P681H N764K D796Y Q954H N969K	BA.2	0	0	228.003536693192	0	10	1
BA.2	1	2024-01-14	T19I G142D V213G G339D S371F S373P S375F T376A D405N R408S K417N N440K S477N T478K E484A Q493R Q498R N501Y Y505H D614G H655Y N679K P681H N764K D796Y Q954H N969K	BA.2	0	0	102.960536763538	0	5	1
BA.2	1	2024-01-21	T19I G142D V213G G339D S371F S373P S375F T376A D405N R408S K417N N440K S477N T478K E484A Q493R Q498R N501Y Y505H D614G H655Y N679K P681H N764K D796Y Q954H N969K	BA.2	0	0	233.878763331983	0	12	2
BA.2	1	2024-01-28	T19I G142D V213G G339D S371F S373P S375F T376A D405N R408S K417N N440K S477N T478K E484A Q493R Q498R N501Y Y505H D614G H655Y N679K P681H N764K D796Y Q954H N969K	BA.2	0	0	106.17163949554	0	6	0
BA.2	1	2024-02-04	T19I G142D V213G G339D S371F S373P S375F T376A D405N R408S K417N N440K S477N T478K E484A Q493R Q498R N501Y Y505H D614G H655Y N679K P681H N764K D796Y Q954H N969K	BA.2	0	0	0	0	0	0
BA.2	1	2024-02-11	T19I G142D V213G G339D S371F S373P S375F T376A D405N R408S K417N N440K S477N T478K E484A Q493R Q498R N501Y Y505H D614G H655Y N679K P681H N764K D796Y Q954H N969K	BA.2	0	0	16.5543193298804	0	1	1
BA.2	1	2024-02-18	T19I G142D V213G G339D S371F S373P S375F T376A D405N R408S K417N N440K S477N T478K E484A Q493R Q498R N501Y Y505H D614G H655Y N679K P681H N764K D796Y Q954H N969K	BA.2	0	0	18.3106971626189	0	1	0
BA.2	1	2024-02-25	T19I G142D V213G G339D S371F S373P S375F T376A D405N R408S K417N N440K S477N T478K E484A Q493R Q498R N501Y Y505H D614G H655Y N679K P681H N764K D796Y Q954H N969K	BA.2	0	0	40.2607149541456	0	2	0
BA.2	1	2024-03-03	T19I G142D V213G G339D S371F S373P S375F T376A D405N R408S K417N N440K S477N T478K E484A Q493R Q498R N501Y Y505H D614G H655Y N679K P681H N764K D796Y Q954H N969K	BA.2	0	0	50.0274358974359	0	2	0
BA.2	1	2024-03-10	T19I G142D V213G G339D S371F S373P S375F T376A D405N R408S K417N N440K S477N T478K E484A Q493R Q498R N501Y Y505H D614G H655Y N679K P681H N764K D796Y Q954H N969K	BA.2	0	0	76.0786346943184	0	2	1
BA.2	1	2024-03-17	T19I G142D V213G G339D S371F S373P S375F T376A D405N R408S K417N N440K S477N T478K E484A Q493R Q498R N501Y Y505H D614G H655Y N679K P681H N764K D796Y Q954H N969K	BA.2	0	0	130.440606571188	0	3	1
BA.2	1	2024-03-24	T19I G142D V213G G339D S371F S373P S375F T376A D405N R408S K417N N440K S477N T478K E484A Q493R Q498R N501Y Y505H D614G H655Y N679K P681H N764K D796Y Q954H N969K	BA.2	0	0	0	0	0	2
BA.2	1	2024-03-31	T19I G142D V213G G339D S371F S373P S375F T376A D405N R408S K417N N440K S477N T478K E484A Q493R Q498R N501Y Y505H D614G H655Y N679K P681H N764K D796Y Q954H N969K	BA.2	0	0	272.334158415842	0	1	0
