VOC	TopK	Week	Mut	Lineage	Proportion	HaploWeeklyCases	VOCWeeklyCases	HaploCount	OtherCount	PreviousVOCCount
BA.2.86	1	2020-01-12	T19I R21T S50L V127F G142D F157S R158G V213G L216F H245N A264D I332V G339H K356T S371F S373P S375F T376A R403K D405N R408S K417N N440K V445H G446S N450D L452W L455S N460K S477N T478K N481K E484K F486P Q498R N501Y Y505H E554K A570V D614G P621S H655Y N679K P681R N764K D796Y S939F Q954H N969K P1143L	JN.1	0	0	0	0	0	0
BA.2.86	1	2020-01-19	T19I R21T S50L V127F G142D F157S R158G V213G L216F H245N A264D I332V G339H K356T S371F S373P S375F T376A R403K D405N R408S K417N N440K V445H G446S N450D L452W L455S N460K S477N T478K N481K E484K F486P Q498R N501Y Y505H E554K A570V D614G P621S H655Y N679K P681R N764K D796Y S939F Q954H N969K P1143L	JN.1	0	0	0	0	0	0
BA.2.86	1	2020-01-26	T19I R21T S50L V127F G142D F157S R158G V213G L216F H245N A264D I332V G339H K356T S371F S373P S375F T376A R403K D405N R408S K417N N440K V445H G446S N450D L452W L455S N460K S477N T478K N481K E484K F486P Q498R N501Y Y505H E554K A570V D614G P621S H655Y N679K P681R N764K D796Y S939F Q954H N969K P1143L	JN.1	0	0	0	0	0	0
BA.2.86	1	2020-02-02	T19I R21T S50L V127F G142D F157S R158G V213G L216F H245N A264D I332V G339H K356T S371F S373P S375F T376A R403K D405N R408S K417N N440K V445H G446S N450D L452W L455S N460K S477N T478K N481K E484K F486P Q498R N501Y Y505H E554K A570V D614G P621S H655Y N679K P681R N764K D796Y S939F Q954H N969K P1143L	JN.1	0	0	0	0	0	0
BA.2.86	1	2020-02-09	T19I R21T S50L V127F G142D F157S R158G V213G L216F H245N A264D I332V G339H K356T S371F S373P S375F T376A R403K D405N R408S K417N N440K V445H G446S N450D L452W L455S N460K S477N T478K N481K E484K F486P Q498R N501Y Y505H E554K A570V D614G P621S H655Y N679K P681R N764K D796Y S939F Q954H N969K P1143L	JN.1	0	0	0	0	0	0
BA.2.86	1	2020-02-16	T19I R21T S50L V127F G142D F157S R158G V213G L216F H245N A264D I332V G339H K356T S371F S373P S375F T376A R403K D405N R408S K417N N440K V445H G446S N450D L452W L455S N460K S477N T478K N481K E484K F486P Q498R N501Y Y505H E554K A570V D614G P621S H655Y N679K P681R N764K D796Y S939F Q954H N969K P1143L	JN.1	0	0	0	0	0	0
BA.2.86	1	2020-02-23	T19I R21T S50L V127F G142D F157S R158G V213G L216F H245N A264D I332V G339H K356T S371F S373P S375F T376A R403K D405N R408S K417N N440K V445H G446S N450D L452W L455S N460K S477N T478K N481K E484K F486P Q498R N501Y Y505H E554K A570V D614G P621S H655Y N679K P681R N764K D796Y S939F Q954H N969K P1143L	JN.1	0	0	0	0	0	0
BA.2.86	1	2020-03-01	T19I R21T S50L V127F G142D F157S R158G V213G L216F H245N A264D I332V G339H K356T S371F S373P S375F T376A R403K D405N R408S K417N N440K V445H G446S N450D L452W L455S N460K S477N T478K N481K E484K F486P Q498R N501Y Y505H E554K A570V D614G P621S H655Y N679K P681R N764K D796Y S939F Q954H N969K P1143L	JN.1	0	0	0	0	0	0
BA.2.86	1	2020-03-08	T19I R21T S50L V127F G142D F157S R158G V213G L216F H245N A264D I332V G339H K356T S371F S373P S375F T376A R403K D405N R408S K417N N440K V445H G446S N450D L452W L455S N460K S477N T478K N481K E484K F486P Q498R N501Y Y505H E554K A570V D614G P621S H655Y N679K P681R N764K D796Y S939F Q954H N969K P1143L	JN.1	0	0	0	0	0	0
BA.2.86	1	2020-03-15	T19I R21T S50L V127F G142D F157S R158G V213G L216F H245N A264D I332V G339H K356T S371F S373P S375F T376A R403K D405N R408S K417N N440K V445H G446S N450D L452W L455S N460K S477N T478K N481K E484K F486P Q498R N501Y Y505H E554K A570V D614G P621S H655Y N679K P681R N764K D796Y S939F Q954H N969K P1143L	JN.1	0	0	0	0	0	0
BA.2.86	1	2020-03-22	T19I R21T S50L V127F G142D F157S R158G V213G L216F H245N A264D I332V G339H K356T S371F S373P S375F T376A R403K D405N R408S K417N N440K V445H G446S N450D L452W L455S N460K S477N T478K N481K E484K F486P Q498R N501Y Y505H E554K A570V D614G P621S H655Y N679K P681R N764K D796Y S939F Q954H N969K P1143L	JN.1	0	0	0	0	0	0
BA.2.86	1	2020-03-29	T19I R21T S50L V127F G142D F157S R158G V213G L216F H245N A264D I332V G339H K356T S371F S373P S375F T376A R403K D405N R408S K417N N440K V445H G446S N450D L452W L455S N460K S477N T478K N481K E484K F486P Q498R N501Y Y505H E554K A570V D614G P621S H655Y N679K P681R N764K D796Y S939F Q954H N969K P1143L	JN.1	0	0	0	0	0	0
BA.2.86	1	2020-04-05	T19I R21T S50L V127F G142D F157S R158G V213G L216F H245N A264D I332V G339H K356T S371F S373P S375F T376A R403K D405N R408S K417N N440K V445H G446S N450D L452W L455S N460K S477N T478K N481K E484K F486P Q498R N501Y Y505H E554K A570V D614G P621S H655Y N679K P681R N764K D796Y S939F Q954H N969K P1143L	JN.1	0	0	0	0	0	0
BA.2.86	1	2020-04-12	T19I R21T S50L V127F G142D F157S R158G V213G L216F H245N A264D I332V G339H K356T S371F S373P S375F T376A R403K D405N R408S K417N N440K V445H G446S N450D L452W L455S N460K S477N T478K N481K E484K F486P Q498R N501Y Y505H E554K A570V D614G P621S H655Y N679K P681R N764K D796Y S939F Q954H N969K P1143L	JN.1	0	0	0	0	0	0
BA.2.86	1	2020-04-19	T19I R21T S50L V127F G142D F157S R158G V213G L216F H245N A264D I332V G339H K356T S371F S373P S375F T376A R403K D405N R408S K417N N440K V445H G446S N450D L452W L455S N460K S477N T478K N481K E484K F486P Q498R N501Y Y505H E554K A570V D614G P621S H655Y N679K P681R N764K D796Y S939F Q954H N969K P1143L	JN.1	0	0	0	0	0	0
BA.2.86	1	2020-04-26	T19I R21T S50L V127F G142D F157S R158G V213G L216F H245N A264D I332V G339H K356T S371F S373P S375F T376A R403K D405N R408S K417N N440K V445H G446S N450D L452W L455S N460K S477N T478K N481K E484K F486P Q498R N501Y Y505H E554K A570V D614G P621S H655Y N679K P681R N764K D796Y S939F Q954H N969K P1143L	JN.1	0	0	0	0	0	0
BA.2.86	1	2020-05-03	T19I R21T S50L V127F G142D F157S R158G V213G L216F H245N A264D I332V G339H K356T S371F S373P S375F T376A R403K D405N R408S K417N N440K V445H G446S N450D L452W L455S N460K S477N T478K N481K E484K F486P Q498R N501Y Y505H E554K A570V D614G P621S H655Y N679K P681R N764K D796Y S939F Q954H N969K P1143L	JN.1	0	0	0	0	0	0
BA.2.86	1	2020-05-10	T19I R21T S50L V127F G142D F157S R158G V213G L216F H245N A264D I332V G339H K356T S371F S373P S375F T376A R403K D405N R408S K417N N440K V445H G446S N450D L452W L455S N460K S477N T478K N481K E484K F486P Q498R N501Y Y505H E554K A570V D614G P621S H655Y N679K P681R N764K D796Y S939F Q954H N969K P1143L	JN.1	0	0	0	0	0	0
BA.2.86	1	2020-05-17	T19I R21T S50L V127F G142D F157S R158G V213G L216F H245N A264D I332V G339H K356T S371F S373P S375F T376A R403K D405N R408S K417N N440K V445H G446S N450D L452W L455S N460K S477N T478K N481K E484K F486P Q498R N501Y Y505H E554K A570V D614G P621S H655Y N679K P681R N764K D796Y S939F Q954H N969K P1143L	JN.1	0	0	0	0	0	0
BA.2.86	1	2020-05-24	T19I R21T S50L V127F G142D F157S R158G V213G L216F H245N A264D I332V G339H K356T S371F S373P S375F T376A R403K D405N R408S K417N N440K V445H G446S N450D L452W L455S N460K S477N T478K N481K E484K F486P Q498R N501Y Y505H E554K A570V D614G P621S H655Y N679K P681R N764K D796Y S939F Q954H N969K P1143L	JN.1	0	0	0	0	0	0
BA.2.86	1	2020-05-31	T19I R21T S50L V127F G142D F157S R158G V213G L216F H245N A264D I332V G339H K356T S371F S373P S375F T376A R403K D405N R408S K417N N440K V445H G446S N450D L452W L455S N460K S477N T478K N481K E484K F486P Q498R N501Y Y505H E554K A570V D614G P621S H655Y N679K P681R N764K D796Y S939F Q954H N969K P1143L	JN.1	0	0	0	0	0	0
BA.2.86	1	2020-06-07	T19I R21T S50L V127F G142D F157S R158G V213G L216F H245N A264D I332V G339H K356T S371F S373P S375F T376A R403K D405N R408S K417N N440K V445H G446S N450D L452W L455S N460K S477N T478K N481K E484K F486P Q498R N501Y Y505H E554K A570V D614G P621S H655Y N679K P681R N764K D796Y S939F Q954H N969K P1143L	JN.1	0	0	0	0	0	0
BA.2.86	1	2020-06-14	T19I R21T S50L V127F G142D F157S R158G V213G L216F H245N A264D I332V G339H K356T S371F S373P S375F T376A R403K D405N R408S K417N N440K V445H G446S N450D L452W L455S N460K S477N T478K N481K E484K F486P Q498R N501Y Y505H E554K A570V D614G P621S H655Y N679K P681R N764K D796Y S939F Q954H N969K P1143L	JN.1	0	0	0	0	0	0
BA.2.86	1	2020-06-21	T19I R21T S50L V127F G142D F157S R158G V213G L216F H245N A264D I332V G339H K356T S371F S373P S375F T376A R403K D405N R408S K417N N440K V445H G446S N450D L452W L455S N460K S477N T478K N481K E484K F486P Q498R N501Y Y505H E554K A570V D614G P621S H655Y N679K P681R N764K D796Y S939F Q954H N969K P1143L	JN.1	0	0	0	0	0	0
BA.2.86	1	2020-06-28	T19I R21T S50L V127F G142D F157S R158G V213G L216F H245N A264D I332V G339H K356T S371F S373P S375F T376A R403K D405N R408S K417N N440K V445H G446S N450D L452W L455S N460K S477N T478K N481K E484K F486P Q498R N501Y Y505H E554K A570V D614G P621S H655Y N679K P681R N764K D796Y S939F Q954H N969K P1143L	JN.1	0	0	0	0	0	0
BA.2.86	1	2020-07-05	T19I R21T S50L V127F G142D F157S R158G V213G L216F H245N A264D I332V G339H K356T S371F S373P S375F T376A R403K D405N R408S K417N N440K V445H G446S N450D L452W L455S N460K S477N T478K N481K E484K F486P Q498R N501Y Y505H E554K A570V D614G P621S H655Y N679K P681R N764K D796Y S939F Q954H N969K P1143L	JN.1	0	0	0	0	0	0
BA.2.86	1	2020-07-12	T19I R21T S50L V127F G142D F157S R158G V213G L216F H245N A264D I332V G339H K356T S371F S373P S375F T376A R403K D405N R408S K417N N440K V445H G446S N450D L452W L455S N460K S477N T478K N481K E484K F486P Q498R N501Y Y505H E554K A570V D614G P621S H655Y N679K P681R N764K D796Y S939F Q954H N969K P1143L	JN.1	0	0	0	0	0	0
BA.2.86	1	2020-07-19	T19I R21T S50L V127F G142D F157S R158G V213G L216F H245N A264D I332V G339H K356T S371F S373P S375F T376A R403K D405N R408S K417N N440K V445H G446S N450D L452W L455S N460K S477N T478K N481K E484K F486P Q498R N501Y Y505H E554K A570V D614G P621S H655Y N679K P681R N764K D796Y S939F Q954H N969K P1143L	JN.1	0	0	0	0	0	0
BA.2.86	1	2020-07-26	T19I R21T S50L V127F G142D F157S R158G V213G L216F H245N A264D I332V G339H K356T S371F S373P S375F T376A R403K D405N R408S K417N N440K V445H G446S N450D L452W L455S N460K S477N T478K N481K E484K F486P Q498R N501Y Y505H E554K A570V D614G P621S H655Y N679K P681R N764K D796Y S939F Q954H N969K P1143L	JN.1	0	0	0	0	0	0
BA.2.86	1	2020-08-02	T19I R21T S50L V127F G142D F157S R158G V213G L216F H245N A264D I332V G339H K356T S371F S373P S375F T376A R403K D405N R408S K417N N440K V445H G446S N450D L452W L455S N460K S477N T478K N481K E484K F486P Q498R N501Y Y505H E554K A570V D614G P621S H655Y N679K P681R N764K D796Y S939F Q954H N969K P1143L	JN.1	0	0	0	0	0	0
BA.2.86	1	2020-08-09	T19I R21T S50L V127F G142D F157S R158G V213G L216F H245N A264D I332V G339H K356T S371F S373P S375F T376A R403K D405N R408S K417N N440K V445H G446S N450D L452W L455S N460K S477N T478K N481K E484K F486P Q498R N501Y Y505H E554K A570V D614G P621S H655Y N679K P681R N764K D796Y S939F Q954H N969K P1143L	JN.1	0	0	0	0	0	0
BA.2.86	1	2020-08-16	T19I R21T S50L V127F G142D F157S R158G V213G L216F H245N A264D I332V G339H K356T S371F S373P S375F T376A R403K D405N R408S K417N N440K V445H G446S N450D L452W L455S N460K S477N T478K N481K E484K F486P Q498R N501Y Y505H E554K A570V D614G P621S H655Y N679K P681R N764K D796Y S939F Q954H N969K P1143L	JN.1	0	0	0	0	0	0
BA.2.86	1	2020-08-23	T19I R21T S50L V127F G142D F157S R158G V213G L216F H245N A264D I332V G339H K356T S371F S373P S375F T376A R403K D405N R408S K417N N440K V445H G446S N450D L452W L455S N460K S477N T478K N481K E484K F486P Q498R N501Y Y505H E554K A570V D614G P621S H655Y N679K P681R N764K D796Y S939F Q954H N969K P1143L	JN.1	0	0	0	0	0	0
BA.2.86	1	2020-08-30	T19I R21T S50L V127F G142D F157S R158G V213G L216F H245N A264D I332V G339H K356T S371F S373P S375F T376A R403K D405N R408S K417N N440K V445H G446S N450D L452W L455S N460K S477N T478K N481K E484K F486P Q498R N501Y Y505H E554K A570V D614G P621S H655Y N679K P681R N764K D796Y S939F Q954H N969K P1143L	JN.1	0	0	0	0	0	0
BA.2.86	1	2020-09-06	T19I R21T S50L V127F G142D F157S R158G V213G L216F H245N A264D I332V G339H K356T S371F S373P S375F T376A R403K D405N R408S K417N N440K V445H G446S N450D L452W L455S N460K S477N T478K N481K E484K F486P Q498R N501Y Y505H E554K A570V D614G P621S H655Y N679K P681R N764K D796Y S939F Q954H N969K P1143L	JN.1	0	0	0	0	0	0
BA.2.86	1	2020-09-13	T19I R21T S50L V127F G142D F157S R158G V213G L216F H245N A264D I332V G339H K356T S371F S373P S375F T376A R403K D405N R408S K417N N440K V445H G446S N450D L452W L455S N460K S477N T478K N481K E484K F486P Q498R N501Y Y505H E554K A570V D614G P621S H655Y N679K P681R N764K D796Y S939F Q954H N969K P1143L	JN.1	0	0	0	0	0	0
BA.2.86	1	2020-09-20	T19I R21T S50L V127F G142D F157S R158G V213G L216F H245N A264D I332V G339H K356T S371F S373P S375F T376A R403K D405N R408S K417N N440K V445H G446S N450D L452W L455S N460K S477N T478K N481K E484K F486P Q498R N501Y Y505H E554K A570V D614G P621S H655Y N679K P681R N764K D796Y S939F Q954H N969K P1143L	JN.1	0	0	0	0	0	0
BA.2.86	1	2020-09-27	T19I R21T S50L V127F G142D F157S R158G V213G L216F H245N A264D I332V G339H K356T S371F S373P S375F T376A R403K D405N R408S K417N N440K V445H G446S N450D L452W L455S N460K S477N T478K N481K E484K F486P Q498R N501Y Y505H E554K A570V D614G P621S H655Y N679K P681R N764K D796Y S939F Q954H N969K P1143L	JN.1	0	0	0	0	0	0
BA.2.86	1	2020-10-04	T19I R21T S50L V127F G142D F157S R158G V213G L216F H245N A264D I332V G339H K356T S371F S373P S375F T376A R403K D405N R408S K417N N440K V445H G446S N450D L452W L455S N460K S477N T478K N481K E484K F486P Q498R N501Y Y505H E554K A570V D614G P621S H655Y N679K P681R N764K D796Y S939F Q954H N969K P1143L	JN.1	0	0	0	0	0	0
BA.2.86	1	2020-10-11	T19I R21T S50L V127F G142D F157S R158G V213G L216F H245N A264D I332V G339H K356T S371F S373P S375F T376A R403K D405N R408S K417N N440K V445H G446S N450D L452W L455S N460K S477N T478K N481K E484K F486P Q498R N501Y Y505H E554K A570V D614G P621S H655Y N679K P681R N764K D796Y S939F Q954H N969K P1143L	JN.1	0	0	0	0	0	0
BA.2.86	1	2020-10-18	T19I R21T S50L V127F G142D F157S R158G V213G L216F H245N A264D I332V G339H K356T S371F S373P S375F T376A R403K D405N R408S K417N N440K V445H G446S N450D L452W L455S N460K S477N T478K N481K E484K F486P Q498R N501Y Y505H E554K A570V D614G P621S H655Y N679K P681R N764K D796Y S939F Q954H N969K P1143L	JN.1	0	0	0	0	0	0
BA.2.86	1	2020-10-25	T19I R21T S50L V127F G142D F157S R158G V213G L216F H245N A264D I332V G339H K356T S371F S373P S375F T376A R403K D405N R408S K417N N440K V445H G446S N450D L452W L455S N460K S477N T478K N481K E484K F486P Q498R N501Y Y505H E554K A570V D614G P621S H655Y N679K P681R N764K D796Y S939F Q954H N969K P1143L	JN.1	0	0	0	0	0	0
BA.2.86	1	2020-11-01	T19I R21T S50L V127F G142D F157S R158G V213G L216F H245N A264D I332V G339H K356T S371F S373P S375F T376A R403K D405N R408S K417N N440K V445H G446S N450D L452W L455S N460K S477N T478K N481K E484K F486P Q498R N501Y Y505H E554K A570V D614G P621S H655Y N679K P681R N764K D796Y S939F Q954H N969K P1143L	JN.1	0	0	0	0	0	0
BA.2.86	1	2020-11-08	T19I R21T S50L V127F G142D F157S R158G V213G L216F H245N A264D I332V G339H K356T S371F S373P S375F T376A R403K D405N R408S K417N N440K V445H G446S N450D L452W L455S N460K S477N T478K N481K E484K F486P Q498R N501Y Y505H E554K A570V D614G P621S H655Y N679K P681R N764K D796Y S939F Q954H N969K P1143L	JN.1	0	0	0	0	0	0
BA.2.86	1	2020-11-15	T19I R21T S50L V127F G142D F157S R158G V213G L216F H245N A264D I332V G339H K356T S371F S373P S375F T376A R403K D405N R408S K417N N440K V445H G446S N450D L452W L455S N460K S477N T478K N481K E484K F486P Q498R N501Y Y505H E554K A570V D614G P621S H655Y N679K P681R N764K D796Y S939F Q954H N969K P1143L	JN.1	0	0	0	0	0	0
BA.2.86	1	2020-11-22	T19I R21T S50L V127F G142D F157S R158G V213G L216F H245N A264D I332V G339H K356T S371F S373P S375F T376A R403K D405N R408S K417N N440K V445H G446S N450D L452W L455S N460K S477N T478K N481K E484K F486P Q498R N501Y Y505H E554K A570V D614G P621S H655Y N679K P681R N764K D796Y S939F Q954H N969K P1143L	JN.1	0	0	0	0	0	0
BA.2.86	1	2020-11-29	T19I R21T S50L V127F G142D F157S R158G V213G L216F H245N A264D I332V G339H K356T S371F S373P S375F T376A R403K D405N R408S K417N N440K V445H G446S N450D L452W L455S N460K S477N T478K N481K E484K F486P Q498R N501Y Y505H E554K A570V D614G P621S H655Y N679K P681R N764K D796Y S939F Q954H N969K P1143L	JN.1	0	0	0	0	0	0
BA.2.86	1	2020-12-06	T19I R21T S50L V127F G142D F157S R158G V213G L216F H245N A264D I332V G339H K356T S371F S373P S375F T376A R403K D405N R408S K417N N440K V445H G446S N450D L452W L455S N460K S477N T478K N481K E484K F486P Q498R N501Y Y505H E554K A570V D614G P621S H655Y N679K P681R N764K D796Y S939F Q954H N969K P1143L	JN.1	0	0	0	0	0	0
BA.2.86	1	2020-12-13	T19I R21T S50L V127F G142D F157S R158G V213G L216F H245N A264D I332V G339H K356T S371F S373P S375F T376A R403K D405N R408S K417N N440K V445H G446S N450D L452W L455S N460K S477N T478K N481K E484K F486P Q498R N501Y Y505H E554K A570V D614G P621S H655Y N679K P681R N764K D796Y S939F Q954H N969K P1143L	JN.1	0	0	185.677240150969	0	1	0
BA.2.86	1	2020-12-20	T19I R21T S50L V127F G142D F157S R158G V213G L216F H245N A264D I332V G339H K356T S371F S373P S375F T376A R403K D405N R408S K417N N440K V445H G446S N450D L452W L455S N460K S477N T478K N481K E484K F486P Q498R N501Y Y505H E554K A570V D614G P621S H655Y N679K P681R N764K D796Y S939F Q954H N969K P1143L	JN.1	0	0	0	0	0	0
BA.2.86	1	2020-12-27	T19I R21T S50L V127F G142D F157S R158G V213G L216F H245N A264D I332V G339H K356T S371F S373P S375F T376A R403K D405N R408S K417N N440K V445H G446S N450D L452W L455S N460K S477N T478K N481K E484K F486P Q498R N501Y Y505H E554K A570V D614G P621S H655Y N679K P681R N764K D796Y S939F Q954H N969K P1143L	JN.1	0	0	0	0	0	0
BA.2.86	1	2021-01-03	T19I R21T S50L V127F G142D F157S R158G V213G L216F H245N A264D I332V G339H K356T S371F S373P S375F T376A R403K D405N R408S K417N N440K V445H G446S N450D L452W L455S N460K S477N T478K N481K E484K F486P Q498R N501Y Y505H E554K A570V D614G P621S H655Y N679K P681R N764K D796Y S939F Q954H N969K P1143L	JN.1	0	0	0	0	0	0
BA.2.86	1	2021-01-10	T19I R21T S50L V127F G142D F157S R158G V213G L216F H245N A264D I332V G339H K356T S371F S373P S375F T376A R403K D405N R408S K417N N440K V445H G446S N450D L452W L455S N460K S477N T478K N481K E484K F486P Q498R N501Y Y505H E554K A570V D614G P621S H655Y N679K P681R N764K D796Y S939F Q954H N969K P1143L	JN.1	0	0	0	0	0	0
BA.2.86	1	2021-01-17	T19I R21T S50L V127F G142D F157S R158G V213G L216F H245N A264D I332V G339H K356T S371F S373P S375F T376A R403K D405N R408S K417N N440K V445H G446S N450D L452W L455S N460K S477N T478K N481K E484K F486P Q498R N501Y Y505H E554K A570V D614G P621S H655Y N679K P681R N764K D796Y S939F Q954H N969K P1143L	JN.1	0	0	0	0	0	0
BA.2.86	1	2021-01-24	T19I R21T S50L V127F G142D F157S R158G V213G L216F H245N A264D I332V G339H K356T S371F S373P S375F T376A R403K D405N R408S K417N N440K V445H G446S N450D L452W L455S N460K S477N T478K N481K E484K F486P Q498R N501Y Y505H E554K A570V D614G P621S H655Y N679K P681R N764K D796Y S939F Q954H N969K P1143L	JN.1	0	0	0	0	0	0
BA.2.86	1	2021-01-31	T19I R21T S50L V127F G142D F157S R158G V213G L216F H245N A264D I332V G339H K356T S371F S373P S375F T376A R403K D405N R408S K417N N440K V445H G446S N450D L452W L455S N460K S477N T478K N481K E484K F486P Q498R N501Y Y505H E554K A570V D614G P621S H655Y N679K P681R N764K D796Y S939F Q954H N969K P1143L	JN.1	0	0	0	0	0	0
BA.2.86	1	2021-02-07	T19I R21T S50L V127F G142D F157S R158G V213G L216F H245N A264D I332V G339H K356T S371F S373P S375F T376A R403K D405N R408S K417N N440K V445H G446S N450D L452W L455S N460K S477N T478K N481K E484K F486P Q498R N501Y Y505H E554K A570V D614G P621S H655Y N679K P681R N764K D796Y S939F Q954H N969K P1143L	JN.1	0	0	0	0	0	0
BA.2.86	1	2021-02-14	T19I R21T S50L V127F G142D F157S R158G V213G L216F H245N A264D I332V G339H K356T S371F S373P S375F T376A R403K D405N R408S K417N N440K V445H G446S N450D L452W L455S N460K S477N T478K N481K E484K F486P Q498R N501Y Y505H E554K A570V D614G P621S H655Y N679K P681R N764K D796Y S939F Q954H N969K P1143L	JN.1	0	0	0	0	0	0
BA.2.86	1	2021-02-21	T19I R21T S50L V127F G142D F157S R158G V213G L216F H245N A264D I332V G339H K356T S371F S373P S375F T376A R403K D405N R408S K417N N440K V445H G446S N450D L452W L455S N460K S477N T478K N481K E484K F486P Q498R N501Y Y505H E554K A570V D614G P621S H655Y N679K P681R N764K D796Y S939F Q954H N969K P1143L	JN.1	0	0	0	0	0	0
BA.2.86	1	2021-02-28	T19I R21T S50L V127F G142D F157S R158G V213G L216F H245N A264D I332V G339H K356T S371F S373P S375F T376A R403K D405N R408S K417N N440K V445H G446S N450D L452W L455S N460K S477N T478K N481K E484K F486P Q498R N501Y Y505H E554K A570V D614G P621S H655Y N679K P681R N764K D796Y S939F Q954H N969K P1143L	JN.1	0	0	0	0	0	0
BA.2.86	1	2021-03-07	T19I R21T S50L V127F G142D F157S R158G V213G L216F H245N A264D I332V G339H K356T S371F S373P S375F T376A R403K D405N R408S K417N N440K V445H G446S N450D L452W L455S N460K S477N T478K N481K E484K F486P Q498R N501Y Y505H E554K A570V D614G P621S H655Y N679K P681R N764K D796Y S939F Q954H N969K P1143L	JN.1	0	0	55.9961627322953	0	1	0
BA.2.86	1	2021-03-14	T19I R21T S50L V127F G142D F157S R158G V213G L216F H245N A264D I332V G339H K356T S371F S373P S375F T376A R403K D405N R408S K417N N440K V445H G446S N450D L452W L455S N460K S477N T478K N481K E484K F486P Q498R N501Y Y505H E554K A570V D614G P621S H655Y N679K P681R N764K D796Y S939F Q954H N969K P1143L	JN.1	0	0	0	0	0	0
BA.2.86	1	2021-03-21	T19I R21T S50L V127F G142D F157S R158G V213G L216F H245N A264D I332V G339H K356T S371F S373P S375F T376A R403K D405N R408S K417N N440K V445H G446S N450D L452W L455S N460K S477N T478K N481K E484K F486P Q498R N501Y Y505H E554K A570V D614G P621S H655Y N679K P681R N764K D796Y S939F Q954H N969K P1143L	JN.1	0	0	0	0	0	0
BA.2.86	1	2021-03-28	T19I R21T S50L V127F G142D F157S R158G V213G L216F H245N A264D I332V G339H K356T S371F S373P S375F T376A R403K D405N R408S K417N N440K V445H G446S N450D L452W L455S N460K S477N T478K N481K E484K F486P Q498R N501Y Y505H E554K A570V D614G P621S H655Y N679K P681R N764K D796Y S939F Q954H N969K P1143L	JN.1	0	0	0	0	0	0
BA.2.86	1	2021-04-04	T19I R21T S50L V127F G142D F157S R158G V213G L216F H245N A264D I332V G339H K356T S371F S373P S375F T376A R403K D405N R408S K417N N440K V445H G446S N450D L452W L455S N460K S477N T478K N481K E484K F486P Q498R N501Y Y505H E554K A570V D614G P621S H655Y N679K P681R N764K D796Y S939F Q954H N969K P1143L	JN.1	0	0	0	0	0	0
BA.2.86	1	2021-04-11	T19I R21T S50L V127F G142D F157S R158G V213G L216F H245N A264D I332V G339H K356T S371F S373P S375F T376A R403K D405N R408S K417N N440K V445H G446S N450D L452W L455S N460K S477N T478K N481K E484K F486P Q498R N501Y Y505H E554K A570V D614G P621S H655Y N679K P681R N764K D796Y S939F Q954H N969K P1143L	JN.1	0	0	0	0	0	0
BA.2.86	1	2021-04-18	T19I R21T S50L V127F G142D F157S R158G V213G L216F H245N A264D I332V G339H K356T S371F S373P S375F T376A R403K D405N R408S K417N N440K V445H G446S N450D L452W L455S N460K S477N T478K N481K E484K F486P Q498R N501Y Y505H E554K A570V D614G P621S H655Y N679K P681R N764K D796Y S939F Q954H N969K P1143L	JN.1	0	0	0	0	0	0
BA.2.86	1	2021-04-25	T19I R21T S50L V127F G142D F157S R158G V213G L216F H245N A264D I332V G339H K356T S371F S373P S375F T376A R403K D405N R408S K417N N440K V445H G446S N450D L452W L455S N460K S477N T478K N481K E484K F486P Q498R N501Y Y505H E554K A570V D614G P621S H655Y N679K P681R N764K D796Y S939F Q954H N969K P1143L	JN.1	0	0	0	0	0	0
BA.2.86	1	2021-05-02	T19I R21T S50L V127F G142D F157S R158G V213G L216F H245N A264D I332V G339H K356T S371F S373P S375F T376A R403K D405N R408S K417N N440K V445H G446S N450D L452W L455S N460K S477N T478K N481K E484K F486P Q498R N501Y Y505H E554K A570V D614G P621S H655Y N679K P681R N764K D796Y S939F Q954H N969K P1143L	JN.1	0	0	0	0	0	0
BA.2.86	1	2021-05-09	T19I R21T S50L V127F G142D F157S R158G V213G L216F H245N A264D I332V G339H K356T S371F S373P S375F T376A R403K D405N R408S K417N N440K V445H G446S N450D L452W L455S N460K S477N T478K N481K E484K F486P Q498R N501Y Y505H E554K A570V D614G P621S H655Y N679K P681R N764K D796Y S939F Q954H N969K P1143L	JN.1	0	0	0	0	0	0
BA.2.86	1	2021-05-16	T19I R21T S50L V127F G142D F157S R158G V213G L216F H245N A264D I332V G339H K356T S371F S373P S375F T376A R403K D405N R408S K417N N440K V445H G446S N450D L452W L455S N460K S477N T478K N481K E484K F486P Q498R N501Y Y505H E554K A570V D614G P621S H655Y N679K P681R N764K D796Y S939F Q954H N969K P1143L	JN.1	0	0	0	0	0	0
BA.2.86	1	2021-05-23	T19I R21T S50L V127F G142D F157S R158G V213G L216F H245N A264D I332V G339H K356T S371F S373P S375F T376A R403K D405N R408S K417N N440K V445H G446S N450D L452W L455S N460K S477N T478K N481K E484K F486P Q498R N501Y Y505H E554K A570V D614G P621S H655Y N679K P681R N764K D796Y S939F Q954H N969K P1143L	JN.1	0	0	0	0	0	0
BA.2.86	1	2021-05-30	T19I R21T S50L V127F G142D F157S R158G V213G L216F H245N A264D I332V G339H K356T S371F S373P S375F T376A R403K D405N R408S K417N N440K V445H G446S N450D L452W L455S N460K S477N T478K N481K E484K F486P Q498R N501Y Y505H E554K A570V D614G P621S H655Y N679K P681R N764K D796Y S939F Q954H N969K P1143L	JN.1	0	0	0	0	0	0
BA.2.86	1	2021-06-06	T19I R21T S50L V127F G142D F157S R158G V213G L216F H245N A264D I332V G339H K356T S371F S373P S375F T376A R403K D405N R408S K417N N440K V445H G446S N450D L452W L455S N460K S477N T478K N481K E484K F486P Q498R N501Y Y505H E554K A570V D614G P621S H655Y N679K P681R N764K D796Y S939F Q954H N969K P1143L	JN.1	0	0	0	0	0	0
BA.2.86	1	2021-06-13	T19I R21T S50L V127F G142D F157S R158G V213G L216F H245N A264D I332V G339H K356T S371F S373P S375F T376A R403K D405N R408S K417N N440K V445H G446S N450D L452W L455S N460K S477N T478K N481K E484K F486P Q498R N501Y Y505H E554K A570V D614G P621S H655Y N679K P681R N764K D796Y S939F Q954H N969K P1143L	JN.1	0	0	0	0	0	0
BA.2.86	1	2021-06-20	T19I R21T S50L V127F G142D F157S R158G V213G L216F H245N A264D I332V G339H K356T S371F S373P S375F T376A R403K D405N R408S K417N N440K V445H G446S N450D L452W L455S N460K S477N T478K N481K E484K F486P Q498R N501Y Y505H E554K A570V D614G P621S H655Y N679K P681R N764K D796Y S939F Q954H N969K P1143L	JN.1	0	0	0	0	0	0
BA.2.86	1	2021-06-27	T19I R21T S50L V127F G142D F157S R158G V213G L216F H245N A264D I332V G339H K356T S371F S373P S375F T376A R403K D405N R408S K417N N440K V445H G446S N450D L452W L455S N460K S477N T478K N481K E484K F486P Q498R N501Y Y505H E554K A570V D614G P621S H655Y N679K P681R N764K D796Y S939F Q954H N969K P1143L	JN.1	0	0	0	0	0	0
BA.2.86	1	2021-07-04	T19I R21T S50L V127F G142D F157S R158G V213G L216F H245N A264D I332V G339H K356T S371F S373P S375F T376A R403K D405N R408S K417N N440K V445H G446S N450D L452W L455S N460K S477N T478K N481K E484K F486P Q498R N501Y Y505H E554K A570V D614G P621S H655Y N679K P681R N764K D796Y S939F Q954H N969K P1143L	JN.1	0	0	0	0	0	0
BA.2.86	1	2021-07-11	T19I R21T S50L V127F G142D F157S R158G V213G L216F H245N A264D I332V G339H K356T S371F S373P S375F T376A R403K D405N R408S K417N N440K V445H G446S N450D L452W L455S N460K S477N T478K N481K E484K F486P Q498R N501Y Y505H E554K A570V D614G P621S H655Y N679K P681R N764K D796Y S939F Q954H N969K P1143L	JN.1	0	0	0	0	0	0
BA.2.86	1	2021-07-18	T19I R21T S50L V127F G142D F157S R158G V213G L216F H245N A264D I332V G339H K356T S371F S373P S375F T376A R403K D405N R408S K417N N440K V445H G446S N450D L452W L455S N460K S477N T478K N481K E484K F486P Q498R N501Y Y505H E554K A570V D614G P621S H655Y N679K P681R N764K D796Y S939F Q954H N969K P1143L	JN.1	0	0	0	0	0	0
BA.2.86	1	2021-07-25	T19I R21T S50L V127F G142D F157S R158G V213G L216F H245N A264D I332V G339H K356T S371F S373P S375F T376A R403K D405N R408S K417N N440K V445H G446S N450D L452W L455S N460K S477N T478K N481K E484K F486P Q498R N501Y Y505H E554K A570V D614G P621S H655Y N679K P681R N764K D796Y S939F Q954H N969K P1143L	JN.1	0	0	53.9889739691834	0	1	0
BA.2.86	1	2021-08-01	T19I R21T S50L V127F G142D F157S R158G V213G L216F H245N A264D I332V G339H K356T S371F S373P S375F T376A R403K D405N R408S K417N N440K V445H G446S N450D L452W L455S N460K S477N T478K N481K E484K F486P Q498R N501Y Y505H E554K A570V D614G P621S H655Y N679K P681R N764K D796Y S939F Q954H N969K P1143L	JN.1	0	0	0	0	0	0
BA.2.86	1	2021-08-08	T19I R21T S50L V127F G142D F157S R158G V213G L216F H245N A264D I332V G339H K356T S371F S373P S375F T376A R403K D405N R408S K417N N440K V445H G446S N450D L452W L455S N460K S477N T478K N481K E484K F486P Q498R N501Y Y505H E554K A570V D614G P621S H655Y N679K P681R N764K D796Y S939F Q954H N969K P1143L	JN.1	0	0	0	0	0	0
BA.2.86	1	2021-08-15	T19I R21T S50L V127F G142D F157S R158G V213G L216F H245N A264D I332V G339H K356T S371F S373P S375F T376A R403K D405N R408S K417N N440K V445H G446S N450D L452W L455S N460K S477N T478K N481K E484K F486P Q498R N501Y Y505H E554K A570V D614G P621S H655Y N679K P681R N764K D796Y S939F Q954H N969K P1143L	JN.1	0	0	0	0	0	0
BA.2.86	1	2021-08-22	T19I R21T S50L V127F G142D F157S R158G V213G L216F H245N A264D I332V G339H K356T S371F S373P S375F T376A R403K D405N R408S K417N N440K V445H G446S N450D L452W L455S N460K S477N T478K N481K E484K F486P Q498R N501Y Y505H E554K A570V D614G P621S H655Y N679K P681R N764K D796Y S939F Q954H N969K P1143L	JN.1	0	0	0	0	0	0
BA.2.86	1	2021-08-29	T19I R21T S50L V127F G142D F157S R158G V213G L216F H245N A264D I332V G339H K356T S371F S373P S375F T376A R403K D405N R408S K417N N440K V445H G446S N450D L452W L455S N460K S477N T478K N481K E484K F486P Q498R N501Y Y505H E554K A570V D614G P621S H655Y N679K P681R N764K D796Y S939F Q954H N969K P1143L	JN.1	0	0	0	0	0	0
BA.2.86	1	2021-09-05	T19I R21T S50L V127F G142D F157S R158G V213G L216F H245N A264D I332V G339H K356T S371F S373P S375F T376A R403K D405N R408S K417N N440K V445H G446S N450D L452W L455S N460K S477N T478K N481K E484K F486P Q498R N501Y Y505H E554K A570V D614G P621S H655Y N679K P681R N764K D796Y S939F Q954H N969K P1143L	JN.1	0	0	0	0	0	0
BA.2.86	1	2021-09-12	T19I R21T S50L V127F G142D F157S R158G V213G L216F H245N A264D I332V G339H K356T S371F S373P S375F T376A R403K D405N R408S K417N N440K V445H G446S N450D L452W L455S N460K S477N T478K N481K E484K F486P Q498R N501Y Y505H E554K A570V D614G P621S H655Y N679K P681R N764K D796Y S939F Q954H N969K P1143L	JN.1	0	0	0	0	0	0
BA.2.86	1	2021-09-19	T19I R21T S50L V127F G142D F157S R158G V213G L216F H245N A264D I332V G339H K356T S371F S373P S375F T376A R403K D405N R408S K417N N440K V445H G446S N450D L452W L455S N460K S477N T478K N481K E484K F486P Q498R N501Y Y505H E554K A570V D614G P621S H655Y N679K P681R N764K D796Y S939F Q954H N969K P1143L	JN.1	0	0	0	0	0	0
BA.2.86	1	2021-09-26	T19I R21T S50L V127F G142D F157S R158G V213G L216F H245N A264D I332V G339H K356T S371F S373P S375F T376A R403K D405N R408S K417N N440K V445H G446S N450D L452W L455S N460K S477N T478K N481K E484K F486P Q498R N501Y Y505H E554K A570V D614G P621S H655Y N679K P681R N764K D796Y S939F Q954H N969K P1143L	JN.1	0	0	0	0	0	0
BA.2.86	1	2021-10-03	T19I R21T S50L V127F G142D F157S R158G V213G L216F H245N A264D I332V G339H K356T S371F S373P S375F T376A R403K D405N R408S K417N N440K V445H G446S N450D L452W L455S N460K S477N T478K N481K E484K F486P Q498R N501Y Y505H E554K A570V D614G P621S H655Y N679K P681R N764K D796Y S939F Q954H N969K P1143L	JN.1	0	0	0	0	0	0
BA.2.86	1	2021-10-10	T19I R21T S50L V127F G142D F157S R158G V213G L216F H245N A264D I332V G339H K356T S371F S373P S375F T376A R403K D405N R408S K417N N440K V445H G446S N450D L452W L455S N460K S477N T478K N481K E484K F486P Q498R N501Y Y505H E554K A570V D614G P621S H655Y N679K P681R N764K D796Y S939F Q954H N969K P1143L	JN.1	0	0	0	0	0	1
BA.2.86	1	2021-10-17	T19I R21T S50L V127F G142D F157S R158G V213G L216F H245N A264D I332V G339H K356T S371F S373P S375F T376A R403K D405N R408S K417N N440K V445H G446S N450D L452W L455S N460K S477N T478K N481K E484K F486P Q498R N501Y Y505H E554K A570V D614G P621S H655Y N679K P681R N764K D796Y S939F Q954H N969K P1143L	JN.1	0	0	0	0	0	0
BA.2.86	1	2021-10-24	T19I R21T S50L V127F G142D F157S R158G V213G L216F H245N A264D I332V G339H K356T S371F S373P S375F T376A R403K D405N R408S K417N N440K V445H G446S N450D L452W L455S N460K S477N T478K N481K E484K F486P Q498R N501Y Y505H E554K A570V D614G P621S H655Y N679K P681R N764K D796Y S939F Q954H N969K P1143L	JN.1	0	0	0	0	0	0
BA.2.86	1	2021-10-31	T19I R21T S50L V127F G142D F157S R158G V213G L216F H245N A264D I332V G339H K356T S371F S373P S375F T376A R403K D405N R408S K417N N440K V445H G446S N450D L452W L455S N460K S477N T478K N481K E484K F486P Q498R N501Y Y505H E554K A570V D614G P621S H655Y N679K P681R N764K D796Y S939F Q954H N969K P1143L	JN.1	0	0	0	0	0	0
BA.2.86	1	2021-11-07	T19I R21T S50L V127F G142D F157S R158G V213G L216F H245N A264D I332V G339H K356T S371F S373P S375F T376A R403K D405N R408S K417N N440K V445H G446S N450D L452W L455S N460K S477N T478K N481K E484K F486P Q498R N501Y Y505H E554K A570V D614G P621S H655Y N679K P681R N764K D796Y S939F Q954H N969K P1143L	JN.1	0	0	0	0	0	0
BA.2.86	1	2021-11-14	T19I R21T S50L V127F G142D F157S R158G V213G L216F H245N A264D I332V G339H K356T S371F S373P S375F T376A R403K D405N R408S K417N N440K V445H G446S N450D L452W L455S N460K S477N T478K N481K E484K F486P Q498R N501Y Y505H E554K A570V D614G P621S H655Y N679K P681R N764K D796Y S939F Q954H N969K P1143L	JN.1	0	0	0	0	0	0
BA.2.86	1	2021-11-21	T19I R21T S50L V127F G142D F157S R158G V213G L216F H245N A264D I332V G339H K356T S371F S373P S375F T376A R403K D405N R408S K417N N440K V445H G446S N450D L452W L455S N460K S477N T478K N481K E484K F486P Q498R N501Y Y505H E554K A570V D614G P621S H655Y N679K P681R N764K D796Y S939F Q954H N969K P1143L	JN.1	1	74.6855943597311	74.6855943597311	2	0	0
BA.2.86	1	2021-11-28	T19I R21T S50L V127F G142D F157S R158G V213G L216F H245N A264D I332V G339H K356T S371F S373P S375F T376A R403K D405N R408S K417N N440K V445H G446S N450D L452W L455S N460K S477N T478K N481K E484K F486P Q498R N501Y Y505H E554K A570V D614G P621S H655Y N679K P681R N764K D796Y S939F Q954H N969K P1143L	JN.1	0	0	0	0	0	1
BA.2.86	1	2021-12-05	T19I R21T S50L V127F G142D F157S R158G V213G L216F H245N A264D I332V G339H K356T S371F S373P S375F T376A R403K D405N R408S K417N N440K V445H G446S N450D L452W L455S N460K S477N T478K N481K E484K F486P Q498R N501Y Y505H E554K A570V D614G P621S H655Y N679K P681R N764K D796Y S939F Q954H N969K P1143L	JN.1	0	0	0	0	0	0
BA.2.86	1	2021-12-12	T19I R21T S50L V127F G142D F157S R158G V213G L216F H245N A264D I332V G339H K356T S371F S373P S375F T376A R403K D405N R408S K417N N440K V445H G446S N450D L452W L455S N460K S477N T478K N481K E484K F486P Q498R N501Y Y505H E554K A570V D614G P621S H655Y N679K P681R N764K D796Y S939F Q954H N969K P1143L	JN.1	0	0	0	0	0	0
BA.2.86	1	2021-12-19	T19I R21T S50L V127F G142D F157S R158G V213G L216F H245N A264D I332V G339H K356T S371F S373P S375F T376A R403K D405N R408S K417N N440K V445H G446S N450D L452W L455S N460K S477N T478K N481K E484K F486P Q498R N501Y Y505H E554K A570V D614G P621S H655Y N679K P681R N764K D796Y S939F Q954H N969K P1143L	JN.1	0	0	0	0	0	0
BA.2.86	1	2021-12-26	T19I R21T S50L V127F G142D F157S R158G V213G L216F H245N A264D I332V G339H K356T S371F S373P S375F T376A R403K D405N R408S K417N N440K V445H G446S N450D L452W L455S N460K S477N T478K N481K E484K F486P Q498R N501Y Y505H E554K A570V D614G P621S H655Y N679K P681R N764K D796Y S939F Q954H N969K P1143L	JN.1	0	0	0	0	0	0
BA.2.86	1	2022-01-02	T19I R21T S50L V127F G142D F157S R158G V213G L216F H245N A264D I332V G339H K356T S371F S373P S375F T376A R403K D405N R408S K417N N440K V445H G446S N450D L452W L455S N460K S477N T478K N481K E484K F486P Q498R N501Y Y505H E554K A570V D614G P621S H655Y N679K P681R N764K D796Y S939F Q954H N969K P1143L	JN.1	0	0	0	0	0	0
BA.2.86	1	2022-01-09	T19I R21T S50L V127F G142D F157S R158G V213G L216F H245N A264D I332V G339H K356T S371F S373P S375F T376A R403K D405N R408S K417N N440K V445H G446S N450D L452W L455S N460K S477N T478K N481K E484K F486P Q498R N501Y Y505H E554K A570V D614G P621S H655Y N679K P681R N764K D796Y S939F Q954H N969K P1143L	JN.1	0	0	0	0	0	2
BA.2.86	1	2022-01-16	T19I R21T S50L V127F G142D F157S R158G V213G L216F H245N A264D I332V G339H K356T S371F S373P S375F T376A R403K D405N R408S K417N N440K V445H G446S N450D L452W L455S N460K S477N T478K N481K E484K F486P Q498R N501Y Y505H E554K A570V D614G P621S H655Y N679K P681R N764K D796Y S939F Q954H N969K P1143L	JN.1	0	0	0	0	0	2
BA.2.86	1	2022-01-23	T19I R21T S50L V127F G142D F157S R158G V213G L216F H245N A264D I332V G339H K356T S371F S373P S375F T376A R403K D405N R408S K417N N440K V445H G446S N450D L452W L455S N460K S477N T478K N481K E484K F486P Q498R N501Y Y505H E554K A570V D614G P621S H655Y N679K P681R N764K D796Y S939F Q954H N969K P1143L	JN.1	0	0	0	0	0	0
BA.2.86	1	2022-01-30	T19I R21T S50L V127F G142D F157S R158G V213G L216F H245N A264D I332V G339H K356T S371F S373P S375F T376A R403K D405N R408S K417N N440K V445H G446S N450D L452W L455S N460K S477N T478K N481K E484K F486P Q498R N501Y Y505H E554K A570V D614G P621S H655Y N679K P681R N764K D796Y S939F Q954H N969K P1143L	JN.1	0	0	0	0	0	1
BA.2.86	1	2022-02-06	T19I R21T S50L V127F G142D F157S R158G V213G L216F H245N A264D I332V G339H K356T S371F S373P S375F T376A R403K D405N R408S K417N N440K V445H G446S N450D L452W L455S N460K S477N T478K N481K E484K F486P Q498R N501Y Y505H E554K A570V D614G P621S H655Y N679K P681R N764K D796Y S939F Q954H N969K P1143L	JN.1	0	0	0	0	0	1
BA.2.86	1	2022-02-13	T19I R21T S50L V127F G142D F157S R158G V213G L216F H245N A264D I332V G339H K356T S371F S373P S375F T376A R403K D405N R408S K417N N440K V445H G446S N450D L452W L455S N460K S477N T478K N481K E484K F486P Q498R N501Y Y505H E554K A570V D614G P621S H655Y N679K P681R N764K D796Y S939F Q954H N969K P1143L	JN.1	0	0	159.25058978663	0	1	0
BA.2.86	1	2022-02-20	T19I R21T S50L V127F G142D F157S R158G V213G L216F H245N A264D I332V G339H K356T S371F S373P S375F T376A R403K D405N R408S K417N N440K V445H G446S N450D L452W L455S N460K S477N T478K N481K E484K F486P Q498R N501Y Y505H E554K A570V D614G P621S H655Y N679K P681R N764K D796Y S939F Q954H N969K P1143L	JN.1	0	0	0	0	0	3
BA.2.86	1	2022-02-27	T19I R21T S50L V127F G142D F157S R158G V213G L216F H245N A264D I332V G339H K356T S371F S373P S375F T376A R403K D405N R408S K417N N440K V445H G446S N450D L452W L455S N460K S477N T478K N481K E484K F486P Q498R N501Y Y505H E554K A570V D614G P621S H655Y N679K P681R N764K D796Y S939F Q954H N969K P1143L	JN.1	0	0	0	0	0	3
BA.2.86	1	2022-03-06	T19I R21T S50L V127F G142D F157S R158G V213G L216F H245N A264D I332V G339H K356T S371F S373P S375F T376A R403K D405N R408S K417N N440K V445H G446S N450D L452W L455S N460K S477N T478K N481K E484K F486P Q498R N501Y Y505H E554K A570V D614G P621S H655Y N679K P681R N764K D796Y S939F Q954H N969K P1143L	JN.1	0	0	0	0	0	0
BA.2.86	1	2022-03-13	T19I R21T S50L V127F G142D F157S R158G V213G L216F H245N A264D I332V G339H K356T S371F S373P S375F T376A R403K D405N R408S K417N N440K V445H G446S N450D L452W L455S N460K S477N T478K N481K E484K F486P Q498R N501Y Y505H E554K A570V D614G P621S H655Y N679K P681R N764K D796Y S939F Q954H N969K P1143L	JN.1	0	0	0	0	0	1
BA.2.86	1	2022-03-20	T19I R21T S50L V127F G142D F157S R158G V213G L216F H245N A264D I332V G339H K356T S371F S373P S375F T376A R403K D405N R408S K417N N440K V445H G446S N450D L452W L455S N460K S477N T478K N481K E484K F486P Q498R N501Y Y505H E554K A570V D614G P621S H655Y N679K P681R N764K D796Y S939F Q954H N969K P1143L	JN.1	0	0	0	0	0	0
BA.2.86	1	2022-03-27	T19I R21T S50L V127F G142D F157S R158G V213G L216F H245N A264D I332V G339H K356T S371F S373P S375F T376A R403K D405N R408S K417N N440K V445H G446S N450D L452W L455S N460K S477N T478K N481K E484K F486P Q498R N501Y Y505H E554K A570V D614G P621S H655Y N679K P681R N764K D796Y S939F Q954H N969K P1143L	JN.1	1	247.248206447305	247.248206447305	2	0	11
BA.2.86	1	2022-04-03	T19I R21T S50L V127F G142D F157S R158G V213G L216F H245N A264D I332V G339H K356T S371F S373P S375F T376A R403K D405N R408S K417N N440K V445H G446S N450D L452W L455S N460K S477N T478K N481K E484K F486P Q498R N501Y Y505H E554K A570V D614G P621S H655Y N679K P681R N764K D796Y S939F Q954H N969K P1143L	JN.1	0	0	0	0	0	5
BA.2.86	1	2022-04-10	T19I R21T S50L V127F G142D F157S R158G V213G L216F H245N A264D I332V G339H K356T S371F S373P S375F T376A R403K D405N R408S K417N N440K V445H G446S N450D L452W L455S N460K S477N T478K N481K E484K F486P Q498R N501Y Y505H E554K A570V D614G P621S H655Y N679K P681R N764K D796Y S939F Q954H N969K P1143L	JN.1	0	0	0	0	0	0
BA.2.86	1	2022-04-17	T19I R21T S50L V127F G142D F157S R158G V213G L216F H245N A264D I332V G339H K356T S371F S373P S375F T376A R403K D405N R408S K417N N440K V445H G446S N450D L452W L455S N460K S477N T478K N481K E484K F486P Q498R N501Y Y505H E554K A570V D614G P621S H655Y N679K P681R N764K D796Y S939F Q954H N969K P1143L	JN.1	0	0	97.6234720735189	0	1	2
BA.2.86	1	2022-04-24	T19I R21T S50L V127F G142D F157S R158G V213G L216F H245N A264D I332V G339H K356T S371F S373P S375F T376A R403K D405N R408S K417N N440K V445H G446S N450D L452W L455S N460K S477N T478K N481K E484K F486P Q498R N501Y Y505H E554K A570V D614G P621S H655Y N679K P681R N764K D796Y S939F Q954H N969K P1143L	JN.1	0	0	0	0	0	0
BA.2.86	1	2022-05-01	T19I R21T S50L V127F G142D F157S R158G V213G L216F H245N A264D I332V G339H K356T S371F S373P S375F T376A R403K D405N R408S K417N N440K V445H G446S N450D L452W L455S N460K S477N T478K N481K E484K F486P Q498R N501Y Y505H E554K A570V D614G P621S H655Y N679K P681R N764K D796Y S939F Q954H N969K P1143L	JN.1	0	0	0	0	0	0
BA.2.86	1	2022-05-08	T19I R21T S50L V127F G142D F157S R158G V213G L216F H245N A264D I332V G339H K356T S371F S373P S375F T376A R403K D405N R408S K417N N440K V445H G446S N450D L452W L455S N460K S477N T478K N481K E484K F486P Q498R N501Y Y505H E554K A570V D614G P621S H655Y N679K P681R N764K D796Y S939F Q954H N969K P1143L	JN.1	0	0	0	0	0	0
BA.2.86	1	2022-05-15	T19I R21T S50L V127F G142D F157S R158G V213G L216F H245N A264D I332V G339H K356T S371F S373P S375F T376A R403K D405N R408S K417N N440K V445H G446S N450D L452W L455S N460K S477N T478K N481K E484K F486P Q498R N501Y Y505H E554K A570V D614G P621S H655Y N679K P681R N764K D796Y S939F Q954H N969K P1143L	JN.1	0	0	0	0	0	4
BA.2.86	1	2022-05-22	T19I R21T S50L V127F G142D F157S R158G V213G L216F H245N A264D I332V G339H K356T S371F S373P S375F T376A R403K D405N R408S K417N N440K V445H G446S N450D L452W L455S N460K S477N T478K N481K E484K F486P Q498R N501Y Y505H E554K A570V D614G P621S H655Y N679K P681R N764K D796Y S939F Q954H N969K P1143L	JN.1	0	0	63.4535934481755	0	1	2
BA.2.86	1	2022-05-29	T19I R21T S50L V127F G142D F157S R158G V213G L216F H245N A264D I332V G339H K356T S371F S373P S375F T376A R403K D405N R408S K417N N440K V445H G446S N450D L452W L455S N460K S477N T478K N481K E484K F486P Q498R N501Y Y505H E554K A570V D614G P621S H655Y N679K P681R N764K D796Y S939F Q954H N969K P1143L	JN.1	0	0	0	0	0	0
BA.2.86	1	2022-06-05	T19I R21T S50L V127F G142D F157S R158G V213G L216F H245N A264D I332V G339H K356T S371F S373P S375F T376A R403K D405N R408S K417N N440K V445H G446S N450D L452W L455S N460K S477N T478K N481K E484K F486P Q498R N501Y Y505H E554K A570V D614G P621S H655Y N679K P681R N764K D796Y S939F Q954H N969K P1143L	JN.1	0	0	0	0	0	1
BA.2.86	1	2022-06-12	T19I R21T S50L V127F G142D F157S R158G V213G L216F H245N A264D I332V G339H K356T S371F S373P S375F T376A R403K D405N R408S K417N N440K V445H G446S N450D L452W L455S N460K S477N T478K N481K E484K F486P Q498R N501Y Y505H E554K A570V D614G P621S H655Y N679K P681R N764K D796Y S939F Q954H N969K P1143L	JN.1	0	0	0	0	0	0
BA.2.86	1	2022-06-19	T19I R21T S50L V127F G142D F157S R158G V213G L216F H245N A264D I332V G339H K356T S371F S373P S375F T376A R403K D405N R408S K417N N440K V445H G446S N450D L452W L455S N460K S477N T478K N481K E484K F486P Q498R N501Y Y505H E554K A570V D614G P621S H655Y N679K P681R N764K D796Y S939F Q954H N969K P1143L	JN.1	0	0	0	0	0	2
BA.2.86	1	2022-06-26	T19I R21T S50L V127F G142D F157S R158G V213G L216F H245N A264D I332V G339H K356T S371F S373P S375F T376A R403K D405N R408S K417N N440K V445H G446S N450D L452W L455S N460K S477N T478K N481K E484K F486P Q498R N501Y Y505H E554K A570V D614G P621S H655Y N679K P681R N764K D796Y S939F Q954H N969K P1143L	JN.1	0	0	75.0279226847416	0	1	0
BA.2.86	1	2022-07-03	T19I R21T S50L V127F G142D F157S R158G V213G L216F H245N A264D I332V G339H K356T S371F S373P S375F T376A R403K D405N R408S K417N N440K V445H G446S N450D L452W L455S N460K S477N T478K N481K E484K F486P Q498R N501Y Y505H E554K A570V D614G P621S H655Y N679K P681R N764K D796Y S939F Q954H N969K P1143L	JN.1	0	0	0	0	0	1
BA.2.86	1	2022-07-10	T19I R21T S50L V127F G142D F157S R158G V213G L216F H245N A264D I332V G339H K356T S371F S373P S375F T376A R403K D405N R408S K417N N440K V445H G446S N450D L452W L455S N460K S477N T478K N481K E484K F486P Q498R N501Y Y505H E554K A570V D614G P621S H655Y N679K P681R N764K D796Y S939F Q954H N969K P1143L	JN.1	0	0	0	0	0	0
BA.2.86	1	2022-07-17	T19I R21T S50L V127F G142D F157S R158G V213G L216F H245N A264D I332V G339H K356T S371F S373P S375F T376A R403K D405N R408S K417N N440K V445H G446S N450D L452W L455S N460K S477N T478K N481K E484K F486P Q498R N501Y Y505H E554K A570V D614G P621S H655Y N679K P681R N764K D796Y S939F Q954H N969K P1143L	JN.1	0	0	90.6713889154781	0	1	0
BA.2.86	1	2022-07-24	T19I R21T S50L V127F G142D F157S R158G V213G L216F H245N A264D I332V G339H K356T S371F S373P S375F T376A R403K D405N R408S K417N N440K V445H G446S N450D L452W L455S N460K S477N T478K N481K E484K F486P Q498R N501Y Y505H E554K A570V D614G P621S H655Y N679K P681R N764K D796Y S939F Q954H N969K P1143L	JN.1	0	0	0	0	0	1
BA.2.86	1	2022-07-31	T19I R21T S50L V127F G142D F157S R158G V213G L216F H245N A264D I332V G339H K356T S371F S373P S375F T376A R403K D405N R408S K417N N440K V445H G446S N450D L452W L455S N460K S477N T478K N481K E484K F486P Q498R N501Y Y505H E554K A570V D614G P621S H655Y N679K P681R N764K D796Y S939F Q954H N969K P1143L	JN.1	0	0	0	0	0	2
BA.2.86	1	2022-08-07	T19I R21T S50L V127F G142D F157S R158G V213G L216F H245N A264D I332V G339H K356T S371F S373P S375F T376A R403K D405N R408S K417N N440K V445H G446S N450D L452W L455S N460K S477N T478K N481K E484K F486P Q498R N501Y Y505H E554K A570V D614G P621S H655Y N679K P681R N764K D796Y S939F Q954H N969K P1143L	JN.1	0	0	0	0	0	4
BA.2.86	1	2022-08-14	T19I R21T S50L V127F G142D F157S R158G V213G L216F H245N A264D I332V G339H K356T S371F S373P S375F T376A R403K D405N R408S K417N N440K V445H G446S N450D L452W L455S N460K S477N T478K N481K E484K F486P Q498R N501Y Y505H E554K A570V D614G P621S H655Y N679K P681R N764K D796Y S939F Q954H N969K P1143L	JN.1	0	0	0	0	0	3
BA.2.86	1	2022-08-21	T19I R21T S50L V127F G142D F157S R158G V213G L216F H245N A264D I332V G339H K356T S371F S373P S375F T376A R403K D405N R408S K417N N440K V445H G446S N450D L452W L455S N460K S477N T478K N481K E484K F486P Q498R N501Y Y505H E554K A570V D614G P621S H655Y N679K P681R N764K D796Y S939F Q954H N969K P1143L	JN.1	0	0	0	0	0	1
BA.2.86	1	2022-08-28	T19I R21T S50L V127F G142D F157S R158G V213G L216F H245N A264D I332V G339H K356T S371F S373P S375F T376A R403K D405N R408S K417N N440K V445H G446S N450D L452W L455S N460K S477N T478K N481K E484K F486P Q498R N501Y Y505H E554K A570V D614G P621S H655Y N679K P681R N764K D796Y S939F Q954H N969K P1143L	JN.1	0	0	0	0	0	6
BA.2.86	1	2022-09-04	T19I R21T S50L V127F G142D F157S R158G V213G L216F H245N A264D I332V G339H K356T S371F S373P S375F T376A R403K D405N R408S K417N N440K V445H G446S N450D L452W L455S N460K S477N T478K N481K E484K F486P Q498R N501Y Y505H E554K A570V D614G P621S H655Y N679K P681R N764K D796Y S939F Q954H N969K P1143L	JN.1	0	0	0	0	0	5
BA.2.86	1	2022-09-11	T19I R21T S50L V127F G142D F157S R158G V213G L216F H245N A264D I332V G339H K356T S371F S373P S375F T376A R403K D405N R408S K417N N440K V445H G446S N450D L452W L455S N460K S477N T478K N481K E484K F486P Q498R N501Y Y505H E554K A570V D614G P621S H655Y N679K P681R N764K D796Y S939F Q954H N969K P1143L	JN.1	0	0	0	0	0	15
BA.2.86	1	2022-09-18	T19I R21T S50L V127F G142D F157S R158G V213G L216F H245N A264D I332V G339H K356T S371F S373P S375F T376A R403K D405N R408S K417N N440K V445H G446S N450D L452W L455S N460K S477N T478K N481K E484K F486P Q498R N501Y Y505H E554K A570V D614G P621S H655Y N679K P681R N764K D796Y S939F Q954H N969K P1143L	JN.1	0	0	0	0	0	39
BA.2.86	1	2022-09-25	T19I R21T S50L V127F G142D F157S R158G V213G L216F H245N A264D I332V G339H K356T S371F S373P S375F T376A R403K D405N R408S K417N N440K V445H G446S N450D L452W L455S N460K S477N T478K N481K E484K F486P Q498R N501Y Y505H E554K A570V D614G P621S H655Y N679K P681R N764K D796Y S939F Q954H N969K P1143L	JN.1	0	0	0	0	0	111
BA.2.86	1	2022-10-02	T19I R21T S50L V127F G142D F157S R158G V213G L216F H245N A264D I332V G339H K356T S371F S373P S375F T376A R403K D405N R408S K417N N440K V445H G446S N450D L452W L455S N460K S477N T478K N481K E484K F486P Q498R N501Y Y505H E554K A570V D614G P621S H655Y N679K P681R N764K D796Y S939F Q954H N969K P1143L	JN.1	0	0	0	0	0	286
BA.2.86	1	2022-10-09	T19I R21T S50L V127F G142D F157S R158G V213G L216F H245N A264D I332V G339H K356T S371F S373P S375F T376A R403K D405N R408S K417N N440K V445H G446S N450D L452W L455S N460K S477N T478K N481K E484K F486P Q498R N501Y Y505H E554K A570V D614G P621S H655Y N679K P681R N764K D796Y S939F Q954H N969K P1143L	JN.1	0	0	0	0	0	477
BA.2.86	1	2022-10-16	T19I R21T S50L V127F G142D F157S R158G V213G L216F H245N A264D I332V G339H K356T S371F S373P S375F T376A R403K D405N R408S K417N N440K V445H G446S N450D L452W L455S N460K S477N T478K N481K E484K F486P Q498R N501Y Y505H E554K A570V D614G P621S H655Y N679K P681R N764K D796Y S939F Q954H N969K P1143L	JN.1	0	0	0	0	0	490
BA.2.86	1	2022-10-23	T19I R21T S50L V127F G142D F157S R158G V213G L216F H245N A264D I332V G339H K356T S371F S373P S375F T376A R403K D405N R408S K417N N440K V445H G446S N450D L452W L455S N460K S477N T478K N481K E484K F486P Q498R N501Y Y505H E554K A570V D614G P621S H655Y N679K P681R N764K D796Y S939F Q954H N969K P1143L	JN.1	0	0	0	0	0	508
BA.2.86	1	2022-10-30	T19I R21T S50L V127F G142D F157S R158G V213G L216F H245N A264D I332V G339H K356T S371F S373P S375F T376A R403K D405N R408S K417N N440K V445H G446S N450D L452W L455S N460K S477N T478K N481K E484K F486P Q498R N501Y Y505H E554K A570V D614G P621S H655Y N679K P681R N764K D796Y S939F Q954H N969K P1143L	JN.1	0	0	0	0	0	489
BA.2.86	1	2022-11-06	T19I R21T S50L V127F G142D F157S R158G V213G L216F H245N A264D I332V G339H K356T S371F S373P S375F T376A R403K D405N R408S K417N N440K V445H G446S N450D L452W L455S N460K S477N T478K N481K E484K F486P Q498R N501Y Y505H E554K A570V D614G P621S H655Y N679K P681R N764K D796Y S939F Q954H N969K P1143L	JN.1	0	0	0	0	0	717
BA.2.86	1	2022-11-13	T19I R21T S50L V127F G142D F157S R158G V213G L216F H245N A264D I332V G339H K356T S371F S373P S375F T376A R403K D405N R408S K417N N440K V445H G446S N450D L452W L455S N460K S477N T478K N481K E484K F486P Q498R N501Y Y505H E554K A570V D614G P621S H655Y N679K P681R N764K D796Y S939F Q954H N969K P1143L	JN.1	0	0	0	0	0	984
BA.2.86	1	2022-11-20	T19I R21T S50L V127F G142D F157S R158G V213G L216F H245N A264D I332V G339H K356T S371F S373P S375F T376A R403K D405N R408S K417N N440K V445H G446S N450D L452W L455S N460K S477N T478K N481K E484K F486P Q498R N501Y Y505H E554K A570V D614G P621S H655Y N679K P681R N764K D796Y S939F Q954H N969K P1143L	JN.1	0	0	0	0	0	1080
BA.2.86	1	2022-11-27	T19I R21T S50L V127F G142D F157S R158G V213G L216F H245N A264D I332V G339H K356T S371F S373P S375F T376A R403K D405N R408S K417N N440K V445H G446S N450D L452W L455S N460K S477N T478K N481K E484K F486P Q498R N501Y Y505H E554K A570V D614G P621S H655Y N679K P681R N764K D796Y S939F Q954H N969K P1143L	JN.1	0	0	0	0	0	1381
BA.2.86	1	2022-12-04	T19I R21T S50L V127F G142D F157S R158G V213G L216F H245N A264D I332V G339H K356T S371F S373P S375F T376A R403K D405N R408S K417N N440K V445H G446S N450D L452W L455S N460K S477N T478K N481K E484K F486P Q498R N501Y Y505H E554K A570V D614G P621S H655Y N679K P681R N764K D796Y S939F Q954H N969K P1143L	JN.1	0	0	0	0	0	2225
BA.2.86	1	2022-12-11	T19I R21T S50L V127F G142D F157S R158G V213G L216F H245N A264D I332V G339H K356T S371F S373P S375F T376A R403K D405N R408S K417N N440K V445H G446S N450D L452W L455S N460K S477N T478K N481K E484K F486P Q498R N501Y Y505H E554K A570V D614G P621S H655Y N679K P681R N764K D796Y S939F Q954H N969K P1143L	JN.1	0	0	0	0	0	2585
BA.2.86	1	2022-12-18	T19I R21T S50L V127F G142D F157S R158G V213G L216F H245N A264D I332V G339H K356T S371F S373P S375F T376A R403K D405N R408S K417N N440K V445H G446S N450D L452W L455S N460K S477N T478K N481K E484K F486P Q498R N501Y Y505H E554K A570V D614G P621S H655Y N679K P681R N764K D796Y S939F Q954H N969K P1143L	JN.1	0	0	0	0	0	2721
BA.2.86	1	2022-12-25	T19I R21T S50L V127F G142D F157S R158G V213G L216F H245N A264D I332V G339H K356T S371F S373P S375F T376A R403K D405N R408S K417N N440K V445H G446S N450D L452W L455S N460K S477N T478K N481K E484K F486P Q498R N501Y Y505H E554K A570V D614G P621S H655Y N679K P681R N764K D796Y S939F Q954H N969K P1143L	JN.1	0	0	0	0	0	2680
BA.2.86	1	2023-01-01	T19I R21T S50L V127F G142D F157S R158G V213G L216F H245N A264D I332V G339H K356T S371F S373P S375F T376A R403K D405N R408S K417N N440K V445H G446S N450D L452W L455S N460K S477N T478K N481K E484K F486P Q498R N501Y Y505H E554K A570V D614G P621S H655Y N679K P681R N764K D796Y S939F Q954H N969K P1143L	JN.1	0	0	0	0	0	2995
BA.2.86	1	2023-01-08	T19I R21T S50L V127F G142D F157S R158G V213G L216F H245N A264D I332V G339H K356T S371F S373P S375F T376A R403K D405N R408S K417N N440K V445H G446S N450D L452W L455S N460K S477N T478K N481K E484K F486P Q498R N501Y Y505H E554K A570V D614G P621S H655Y N679K P681R N764K D796Y S939F Q954H N969K P1143L	JN.1	0.5	448.297181411186	896.594362822372	5	5	3787
BA.2.86	1	2023-01-15	T19I R21T S50L V127F G142D F157S R158G V213G L216F H245N A264D I332V G339H K356T S371F S373P S375F T376A R403K D405N R408S K417N N440K V445H G446S N450D L452W L455S N460K S477N T478K N481K E484K F486P Q498R N501Y Y505H E554K A570V D614G P621S H655Y N679K P681R N764K D796Y S939F Q954H N969K P1143L	JN.1	0	0	97.685584486032	0	1	4376
BA.2.86	1	2023-01-22	T19I R21T S50L V127F G142D F157S R158G V213G L216F H245N A264D I332V G339H K356T S371F S373P S375F T376A R403K D405N R408S K417N N440K V445H G446S N450D L452W L455S N460K S477N T478K N481K E484K F486P Q498R N501Y Y505H E554K A570V D614G P621S H655Y N679K P681R N764K D796Y S939F Q954H N969K P1143L	JN.1	0	0	0	0	0	5139
BA.2.86	1	2023-01-29	T19I R21T S50L V127F G142D F157S R158G V213G L216F H245N A264D I332V G339H K356T S371F S373P S375F T376A R403K D405N R408S K417N N440K V445H G446S N450D L452W L455S N460K S477N T478K N481K E484K F486P Q498R N501Y Y505H E554K A570V D614G P621S H655Y N679K P681R N764K D796Y S939F Q954H N969K P1143L	JN.1	0	0	0	0	0	6746
BA.2.86	1	2023-02-05	T19I R21T S50L V127F G142D F157S R158G V213G L216F H245N A264D I332V G339H K356T S371F S373P S375F T376A R403K D405N R408S K417N N440K V445H G446S N450D L452W L455S N460K S477N T478K N481K E484K F486P Q498R N501Y Y505H E554K A570V D614G P621S H655Y N679K P681R N764K D796Y S939F Q954H N969K P1143L	JN.1	0	0	0	0	0	7609
BA.2.86	1	2023-02-12	T19I R21T S50L V127F G142D F157S R158G V213G L216F H245N A264D I332V G339H K356T S371F S373P S375F T376A R403K D405N R408S K417N N440K V445H G446S N450D L452W L455S N460K S477N T478K N481K E484K F486P Q498R N501Y Y505H E554K A570V D614G P621S H655Y N679K P681R N764K D796Y S939F Q954H N969K P1143L	JN.1	0	0	0	0	0	9181
BA.2.86	1	2023-02-19	T19I R21T S50L V127F G142D F157S R158G V213G L216F H245N A264D I332V G339H K356T S371F S373P S375F T376A R403K D405N R408S K417N N440K V445H G446S N450D L452W L455S N460K S477N T478K N481K E484K F486P Q498R N501Y Y505H E554K A570V D614G P621S H655Y N679K P681R N764K D796Y S939F Q954H N969K P1143L	JN.1	0	0	0	0	0	9958
BA.2.86	1	2023-02-26	T19I R21T S50L V127F G142D F157S R158G V213G L216F H245N A264D I332V G339H K356T S371F S373P S375F T376A R403K D405N R408S K417N N440K V445H G446S N450D L452W L455S N460K S477N T478K N481K E484K F486P Q498R N501Y Y505H E554K A570V D614G P621S H655Y N679K P681R N764K D796Y S939F Q954H N969K P1143L	JN.1	0	0	0	0	0	10261
BA.2.86	1	2023-03-05	T19I R21T S50L V127F G142D F157S R158G V213G L216F H245N A264D I332V G339H K356T S371F S373P S375F T376A R403K D405N R408S K417N N440K V445H G446S N450D L452W L455S N460K S477N T478K N481K E484K F486P Q498R N501Y Y505H E554K A570V D614G P621S H655Y N679K P681R N764K D796Y S939F Q954H N969K P1143L	JN.1	0	0	0	0	0	11123
BA.2.86	1	2023-03-12	T19I R21T S50L V127F G142D F157S R158G V213G L216F H245N A264D I332V G339H K356T S371F S373P S375F T376A R403K D405N R408S K417N N440K V445H G446S N450D L452W L455S N460K S477N T478K N481K E484K F486P Q498R N501Y Y505H E554K A570V D614G P621S H655Y N679K P681R N764K D796Y S939F Q954H N969K P1143L	JN.1	0	0	0	0	0	10367
BA.2.86	1	2023-03-19	T19I R21T S50L V127F G142D F157S R158G V213G L216F H245N A264D I332V G339H K356T S371F S373P S375F T376A R403K D405N R408S K417N N440K V445H G446S N450D L452W L455S N460K S477N T478K N481K E484K F486P Q498R N501Y Y505H E554K A570V D614G P621S H655Y N679K P681R N764K D796Y S939F Q954H N969K P1143L	JN.1	0	0	0	0	0	9874
BA.2.86	1	2023-03-26	T19I R21T S50L V127F G142D F157S R158G V213G L216F H245N A264D I332V G339H K356T S371F S373P S375F T376A R403K D405N R408S K417N N440K V445H G446S N450D L452W L455S N460K S477N T478K N481K E484K F486P Q498R N501Y Y505H E554K A570V D614G P621S H655Y N679K P681R N764K D796Y S939F Q954H N969K P1143L	JN.1	0	0	0	0	0	9443
BA.2.86	1	2023-04-02	T19I R21T S50L V127F G142D F157S R158G V213G L216F H245N A264D I332V G339H K356T S371F S373P S375F T376A R403K D405N R408S K417N N440K V445H G446S N450D L452W L455S N460K S477N T478K N481K E484K F486P Q498R N501Y Y505H E554K A570V D614G P621S H655Y N679K P681R N764K D796Y S939F Q954H N969K P1143L	JN.1	0	0	0	0	0	9646
BA.2.86	1	2023-04-09	T19I R21T S50L V127F G142D F157S R158G V213G L216F H245N A264D I332V G339H K356T S371F S373P S375F T376A R403K D405N R408S K417N N440K V445H G446S N450D L452W L455S N460K S477N T478K N481K E484K F486P Q498R N501Y Y505H E554K A570V D614G P621S H655Y N679K P681R N764K D796Y S939F Q954H N969K P1143L	JN.1	0	0	0	0	0	8888
BA.2.86	1	2023-04-16	T19I R21T S50L V127F G142D F157S R158G V213G L216F H245N A264D I332V G339H K356T S371F S373P S375F T376A R403K D405N R408S K417N N440K V445H G446S N450D L452W L455S N460K S477N T478K N481K E484K F486P Q498R N501Y Y505H E554K A570V D614G P621S H655Y N679K P681R N764K D796Y S939F Q954H N969K P1143L	JN.1	0.625	327.090210542493	523.344336867988	5	3	9423
BA.2.86	1	2023-04-23	T19I R21T S50L V127F G142D F157S R158G V213G L216F H245N A264D I332V G339H K356T S371F S373P S375F T376A R403K D405N R408S K417N N440K V445H G446S N450D L452W L455S N460K S477N T478K N481K E484K F486P Q498R N501Y Y505H E554K A570V D614G P621S H655Y N679K P681R N764K D796Y S939F Q954H N969K P1143L	JN.1	0	0	0	0	0	8907
BA.2.86	1	2023-04-30	T19I R21T S50L V127F G142D F157S R158G V213G L216F H245N A264D I332V G339H K356T S371F S373P S375F T376A R403K D405N R408S K417N N440K V445H G446S N450D L452W L455S N460K S477N T478K N481K E484K F486P Q498R N501Y Y505H E554K A570V D614G P621S H655Y N679K P681R N764K D796Y S939F Q954H N969K P1143L	JN.1	0	0	0	0	0	9035
BA.2.86	1	2023-05-07	T19I R21T S50L V127F G142D F157S R158G V213G L216F H245N A264D I332V G339H K356T S371F S373P S375F T376A R403K D405N R408S K417N N440K V445H G446S N450D L452W L455S N460K S477N T478K N481K E484K F486P Q498R N501Y Y505H E554K A570V D614G P621S H655Y N679K P681R N764K D796Y S939F Q954H N969K P1143L	JN.1	0	0	0	0	0	7918
BA.2.86	1	2023-05-14	T19I R21T S50L V127F G142D F157S R158G V213G L216F H245N A264D I332V G339H K356T S371F S373P S375F T376A R403K D405N R408S K417N N440K V445H G446S N450D L452W L455S N460K S477N T478K N481K E484K F486P Q498R N501Y Y505H E554K A570V D614G P621S H655Y N679K P681R N764K D796Y S939F Q954H N969K P1143L	JN.1	0	0	0	0	0	7366
BA.2.86	1	2023-05-21	T19I R21T S50L V127F G142D F157S R158G V213G L216F H245N A264D I332V G339H K356T S371F S373P S375F T376A R403K D405N R408S K417N N440K V445H G446S N450D L452W L455S N460K S477N T478K N481K E484K F486P Q498R N501Y Y505H E554K A570V D614G P621S H655Y N679K P681R N764K D796Y S939F Q954H N969K P1143L	JN.1	0	0	0	0	0	6767
BA.2.86	1	2023-05-28	T19I R21T S50L V127F G142D F157S R158G V213G L216F H245N A264D I332V G339H K356T S371F S373P S375F T376A R403K D405N R408S K417N N440K V445H G446S N450D L452W L455S N460K S477N T478K N481K E484K F486P Q498R N501Y Y505H E554K A570V D614G P621S H655Y N679K P681R N764K D796Y S939F Q954H N969K P1143L	JN.1	0	0	0	0	0	6602
BA.2.86	1	2023-06-04	T19I R21T S50L V127F G142D F157S R158G V213G L216F H245N A264D I332V G339H K356T S371F S373P S375F T376A R403K D405N R408S K417N N440K V445H G446S N450D L452W L455S N460K S477N T478K N481K E484K F486P Q498R N501Y Y505H E554K A570V D614G P621S H655Y N679K P681R N764K D796Y S939F Q954H N969K P1143L	JN.1	0	0	0	0	0	6006
BA.2.86	1	2023-06-11	T19I R21T S50L V127F G142D F157S R158G V213G L216F H245N A264D I332V G339H K356T S371F S373P S375F T376A R403K D405N R408S K417N N440K V445H G446S N450D L452W L455S N460K S477N T478K N481K E484K F486P Q498R N501Y Y505H E554K A570V D614G P621S H655Y N679K P681R N764K D796Y S939F Q954H N969K P1143L	JN.1	0	0	0	0	0	5085
BA.2.86	1	2023-06-18	T19I R21T S50L V127F G142D F157S R158G V213G L216F H245N A264D I332V G339H K356T S371F S373P S375F T376A R403K D405N R408S K417N N440K V445H G446S N450D L452W L455S N460K S477N T478K N481K E484K F486P Q498R N501Y Y505H E554K A570V D614G P621S H655Y N679K P681R N764K D796Y S939F Q954H N969K P1143L	JN.1	0	0	0	0	0	4939
BA.2.86	1	2023-06-25	T19I R21T S50L V127F G142D F157S R158G V213G L216F H245N A264D I332V G339H K356T S371F S373P S375F T376A R403K D405N R408S K417N N440K V445H G446S N450D L452W L455S N460K S477N T478K N481K E484K F486P Q498R N501Y Y505H E554K A570V D614G P621S H655Y N679K P681R N764K D796Y S939F Q954H N969K P1143L	JN.1	0	0	0	0	0	4738
BA.2.86	1	2023-07-02	T19I R21T S50L V127F G142D F157S R158G V213G L216F H245N A264D I332V G339H K356T S371F S373P S375F T376A R403K D405N R408S K417N N440K V445H G446S N450D L452W L455S N460K S477N T478K N481K E484K F486P Q498R N501Y Y505H E554K A570V D614G P621S H655Y N679K P681R N764K D796Y S939F Q954H N969K P1143L	JN.1	0	0	0	0	0	4185
BA.2.86	1	2023-07-09	T19I R21T S50L V127F G142D F157S R158G V213G L216F H245N A264D I332V G339H K356T S371F S373P S375F T376A R403K D405N R408S K417N N440K V445H G446S N450D L452W L455S N460K S477N T478K N481K E484K F486P Q498R N501Y Y505H E554K A570V D614G P621S H655Y N679K P681R N764K D796Y S939F Q954H N969K P1143L	JN.1	0	0	0	0	0	4334
BA.2.86	1	2023-07-16	T19I R21T S50L V127F G142D F157S R158G V213G L216F H245N A264D I332V G339H K356T S371F S373P S375F T376A R403K D405N R408S K417N N440K V445H G446S N450D L452W L455S N460K S477N T478K N481K E484K F486P Q498R N501Y Y505H E554K A570V D614G P621S H655Y N679K P681R N764K D796Y S939F Q954H N969K P1143L	JN.1	0	0	0	0	0	4784
BA.2.86	1	2023-07-23	T19I R21T S50L V127F G142D F157S R158G V213G L216F H245N A264D I332V G339H K356T S371F S373P S375F T376A R403K D405N R408S K417N N440K V445H G446S N450D L452W L455S N460K S477N T478K N481K E484K F486P Q498R N501Y Y505H E554K A570V D614G P621S H655Y N679K P681R N764K D796Y S939F Q954H N969K P1143L	JN.1	0	0	0	0	0	4959
BA.2.86	1	2023-07-30	T19I R21T S50L V127F G142D F157S R158G V213G L216F H245N A264D I332V G339H K356T S371F S373P S375F T376A R403K D405N R408S K417N N440K V445H G446S N450D L452W L455S N460K S477N T478K N481K E484K F486P Q498R N501Y Y505H E554K A570V D614G P621S H655Y N679K P681R N764K D796Y S939F Q954H N969K P1143L	JN.1	0	0	137.600215924426	0	2	5971
BA.2.86	1	2023-08-06	T19I R21T S50L V127F G142D F157S R158G V213G L216F H245N A264D I332V G339H K356T S371F S373P S375F T376A R403K D405N R408S K417N N440K V445H G446S N450D L452W L455S N460K S477N T478K N481K E484K F486P Q498R N501Y Y505H E554K A570V D614G P621S H655Y N679K P681R N764K D796Y S939F Q954H N969K P1143L	JN.1	0	0	0	0	0	6947
BA.2.86	1	2023-08-13	T19I R21T S50L V127F G142D F157S R158G V213G L216F H245N A264D I332V G339H K356T S371F S373P S375F T376A R403K D405N R408S K417N N440K V445H G446S N450D L452W L455S N460K S477N T478K N481K E484K F486P Q498R N501Y Y505H E554K A570V D614G P621S H655Y N679K P681R N764K D796Y S939F Q954H N969K P1143L	JN.1	0	0	48.3874428345514	0	1	7528
BA.2.86	1	2023-08-20	T19I R21T S50L V127F G142D F157S R158G V213G L216F H245N A264D I332V G339H K356T S371F S373P S375F T376A R403K D405N R408S K417N N440K V445H G446S N450D L452W L455S N460K S477N T478K N481K E484K F486P Q498R N501Y Y505H E554K A570V D614G P621S H655Y N679K P681R N764K D796Y S939F Q954H N969K P1143L	JN.1	0	0	184.080102159276	0	6	8334
BA.2.86	1	2023-08-27	T19I R21T S50L V127F G142D F157S R158G V213G L216F H245N A264D I332V G339H K356T S371F S373P S375F T376A R403K D405N R408S K417N N440K V445H G446S N450D L452W L455S N460K S477N T478K N481K E484K F486P Q498R N501Y Y505H E554K A570V D614G P621S H655Y N679K P681R N764K D796Y S939F Q954H N969K P1143L	JN.1	0.025	31.7566233026303	1270.26493210521	1	39	10180
BA.2.86	1	2023-09-03	T19I R21T S50L V127F G142D F157S R158G V213G L216F H245N A264D I332V G339H K356T S371F S373P S375F T376A R403K D405N R408S K417N N440K V445H G446S N450D L452W L455S N460K S477N T478K N481K E484K F486P Q498R N501Y Y505H E554K A570V D614G P621S H655Y N679K P681R N764K D796Y S939F Q954H N969K P1143L	JN.1	0	0	416.882677067855	0	14	10370
BA.2.86	1	2023-09-10	T19I R21T S50L V127F G142D F157S R158G V213G L216F H245N A264D I332V G339H K356T S371F S373P S375F T376A R403K D405N R408S K417N N440K V445H G446S N450D L452W L455S N460K S477N T478K N481K E484K F486P Q498R N501Y Y505H E554K A570V D614G P621S H655Y N679K P681R N764K D796Y S939F Q954H N969K P1143L	JN.1	0	0	807.057028043776	0	39	11302
BA.2.86	1	2023-09-17	T19I R21T S50L V127F G142D F157S R158G V213G L216F H245N A264D I332V G339H K356T S371F S373P S375F T376A R403K D405N R408S K417N N440K V445H G446S N450D L452W L455S N460K S477N T478K N481K E484K F486P Q498R N501Y Y505H E554K A570V D614G P621S H655Y N679K P681R N764K D796Y S939F Q954H N969K P1143L	JN.1	0.0294117647058824	15.0535947712418	511.822222222222	1	33	11084
BA.2.86	1	2023-09-24	T19I R21T S50L V127F G142D F157S R158G V213G L216F H245N A264D I332V G339H K356T S371F S373P S375F T376A R403K D405N R408S K417N N440K V445H G446S N450D L452W L455S N460K S477N T478K N481K E484K F486P Q498R N501Y Y505H E554K A570V D614G P621S H655Y N679K P681R N764K D796Y S939F Q954H N969K P1143L	JN.1	0.0487804878048781	47.9769042860315	983.526537863646	4	78	11585
BA.2.86	1	2023-10-01	T19I R21T S50L V127F G142D F157S R158G V213G L216F H245N A264D I332V G339H K356T S371F S373P S375F T376A R403K D405N R408S K417N N440K V445H G446S N450D L452W L455S N460K S477N T478K N481K E484K F486P Q498R N501Y Y505H E554K A570V D614G P621S H655Y N679K P681R N764K D796Y S939F Q954H N969K P1143L	JN.1	0.122448979591837	175.814127787146	1435.81537692836	12	86	10209
BA.2.86	1	2023-10-08	T19I R21T S50L V127F G142D F157S R158G V213G L216F H245N A264D I332V G339H K356T S371F S373P S375F T376A R403K D405N R408S K417N N440K V445H G446S N450D L452W L455S N460K S477N T478K N481K E484K F486P Q498R N501Y Y505H E554K A570V D614G P621S H655Y N679K P681R N764K D796Y S939F Q954H N969K P1143L	JN.1	0.152866242038217	370.322129395765	2422.52392979729	24	133	9745
BA.2.86	1	2023-10-15	T19I R21T S50L V127F G142D F157S R158G V213G L216F H245N A264D I332V G339H K356T S371F S373P S375F T376A R403K D405N R408S K417N N440K V445H G446S N450D L452W L455S N460K S477N T478K N481K E484K F486P Q498R N501Y Y505H E554K A570V D614G P621S H655Y N679K P681R N764K D796Y S939F Q954H N969K P1143L	JN.1	0.225641025641026	723.868116098016	3208.05187816166	44	151	8702
BA.2.86	1	2023-10-22	T19I R21T S50L V127F G142D F157S R158G V213G L216F H245N A264D I332V G339H K356T S371F S373P S375F T376A R403K D405N R408S K417N N440K V445H G446S N450D L452W L455S N460K S477N T478K N481K E484K F486P Q498R N501Y Y505H E554K A570V D614G P621S H655Y N679K P681R N764K D796Y S939F Q954H N969K P1143L	JN.1	0.275590551181102	1139.8250553741	4135.93662950032	70	184	8292
BA.2.86	1	2023-10-29	T19I R21T S50L V127F G142D F157S R158G V213G L216F H245N A264D I332V G339H K356T S371F S373P S375F T376A R403K D405N R408S K417N N440K V445H G446S N450D L452W L455S N460K S477N T478K N481K E484K F486P Q498R N501Y Y505H E554K A570V D614G P621S H655Y N679K P681R N764K D796Y S939F Q954H N969K P1143L	JN.1	0.321867321867322	2026.49327149433	6296.05161449	131	276	8733
BA.2.86	1	2023-11-05	T19I R21T S50L V127F G142D F157S R158G V213G L216F H245N A264D I332V G339H K356T S371F S373P S375F T376A R403K D405N R408S K417N N440K V445H G446S N450D L452W L455S N460K S477N T478K N481K E484K F486P Q498R N501Y Y505H E554K A570V D614G P621S H655Y N679K P681R N764K D796Y S939F Q954H N969K P1143L	JN.1	0.370165745856354	3365.56419138342	9092.04654687162	201	342	8422
BA.2.86	1	2023-11-12	T19I R21T S50L V127F G142D F157S R158G V213G L216F H245N A264D I332V G339H K356T S371F S373P S375F T376A R403K D405N R408S K417N N440K V445H G446S N450D L452W L455S N460K S477N T478K N481K E484K F486P Q498R N501Y Y505H E554K A570V D614G P621S H655Y N679K P681R N764K D796Y S939F Q954H N969K P1143L	JN.1	0.399759903961585	6314.29821598226	15795.2264682079	333	500	8399
BA.2.86	1	2023-11-19	T19I R21T S50L V127F G142D F157S R158G V213G L216F H245N A264D I332V G339H K356T S371F S373P S375F T376A R403K D405N R408S K417N N440K V445H G446S N450D L452W L455S N460K S477N T478K N481K E484K F486P Q498R N501Y Y505H E554K A570V D614G P621S H655Y N679K P681R N764K D796Y S939F Q954H N969K P1143L	JN.1	0.436688311688312	12170.0191436504	27868.891421891	538	694	7701
BA.2.86	1	2023-11-26	T19I R21T S50L V127F G142D F157S R158G V213G L216F H245N A264D I332V G339H K356T S371F S373P S375F T376A R403K D405N R408S K417N N440K V445H G446S N450D L452W L455S N460K S477N T478K N481K E484K F486P Q498R N501Y Y505H E554K A570V D614G P621S H655Y N679K P681R N764K D796Y S939F Q954H N969K P1143L	JN.1	0.486252545824847	24813.8238407792	51030.7330086809	955	1009	7293
BA.2.86	1	2023-12-03	T19I R21T S50L V127F G142D F157S R158G V213G L216F H245N A264D I332V G339H K356T S371F S373P S375F T376A R403K D405N R408S K417N N440K V445H G446S N450D L452W L455S N460K S477N T478K N481K E484K F486P Q498R N501Y Y505H E554K A570V D614G P621S H655Y N679K P681R N764K D796Y S939F Q954H N969K P1143L	JN.1	0.547222222222222	47648.4867935246	87073.3768815677	1773	1467	7161
BA.2.86	1	2023-12-10	T19I R21T S50L V127F G142D F157S R158G V213G L216F H245N A264D I332V G339H K356T S371F S373P S375F T376A R403K D405N R408S K417N N440K V445H G446S N450D L452W L455S N460K S477N T478K N481K E484K F486P Q498R N501Y Y505H E554K A570V D614G P621S H655Y N679K P681R N764K D796Y S939F Q954H N969K P1143L	JN.1	0.571368861024033	79884.275611116	139812.091733427	2734	2051	6411
BA.2.86	1	2023-12-17	T19I R21T S50L V127F G142D F157S R158G V213G L216F H245N A264D I332V G339H K356T S371F S373P S375F T376A R403K D405N R408S K417N N440K V445H G446S N450D L452W L455S N460K S477N T478K N481K E484K F486P Q498R N501Y Y505H E554K A570V D614G P621S H655Y N679K P681R N764K D796Y S939F Q954H N969K P1143L	JN.1	0.571291866028708	107449.55626577	188081.719091674	3582	2688	5452
BA.2.86	1	2023-12-24	T19I R21T S50L V127F G142D F157S R158G V213G L216F H245N A264D I332V G339H K356T S371F S373P S375F T376A R403K D405N R408S K417N N440K V445H G446S N450D L452W L455S N460K S477N T478K N481K E484K F486P Q498R N501Y Y505H E554K A570V D614G P621S H655Y N679K P681R N764K D796Y S939F Q954H N969K P1143L	JN.1	0.582535684298908	118108.080690267	202748.233067322	3469	2486	3669
BA.2.86	1	2023-12-31	T19I R21T S50L V127F G142D F157S R158G V213G L216F H245N A264D I332V G339H K356T S371F S373P S375F T376A R403K D405N R408S K417N N440K V445H G446S N450D L452W L455S N460K S477N T478K N481K E484K F486P Q498R N501Y Y505H E554K A570V D614G P621S H655Y N679K P681R N764K D796Y S939F Q954H N969K P1143L	JN.1	0.606721162579473	114161.367979883	188161.176865046	4008	2598	2805
BA.2.86	1	2024-01-07	T19I R21T S50L V127F G142D F157S R158G V213G L216F H245N A264D I332V G339H K356T S371F S373P S375F T376A R403K D405N R408S K417N N440K V445H G446S N450D L452W L455S N460K S477N T478K N481K E484K F486P Q498R N501Y Y505H E554K A570V D614G P621S H655Y N679K P681R N764K D796Y S939F Q954H N969K P1143L	JN.1	0.608455100014186	97790.71688771	160719.693015031	4289	2760	2223
BA.2.86	1	2024-01-14	T19I R21T S50L V127F G142D F157S R158G V213G L216F H245N A264D I332V G339H K356T S371F S373P S375F T376A R403K D405N R408S K417N N440K V445H G446S N450D L452W L455S N460K S477N T478K N481K E484K F486P Q498R N501Y Y505H E554K A570V D614G P621S H655Y N679K P681R N764K D796Y S939F Q954H N969K P1143L	JN.1	0.568053491827637	78723.6264094013	138584.882483722	3823	2907	1513
BA.2.86	1	2024-01-21	T19I R21T S50L V127F G142D F157S R158G V213G L216F H245N A264D I332V G339H K356T S371F S373P S375F T376A R403K D405N R408S K417N N440K V445H G446S N450D L452W L455S N460K S477N T478K N481K E484K F486P Q498R N501Y Y505H E554K A570V D614G P621S H655Y N679K P681R N764K D796Y S939F Q954H N969K P1143L	JN.1	0.586091127098321	71449.9621979209	121909.305386796	3666	2589	984
BA.2.86	1	2024-01-28	T19I R21T S50L V127F G142D F157S R158G V213G L216F H245N A264D I332V G339H K356T S371F S373P S375F T376A R403K D405N R408S K417N N440K V445H G446S N450D L452W L455S N460K S477N T478K N481K E484K F486P Q498R N501Y Y505H E554K A570V D614G P621S H655Y N679K P681R N764K D796Y S939F Q954H N969K P1143L	JN.1	0.575725960702486	58589.0497282887	101765.516456475	3311	2440	615
BA.2.86	1	2024-02-04	T19I R21T S50L V127F G142D F157S R158G V213G L216F H245N A264D I332V G339H K356T S371F S373P S375F T376A R403K D405N R408S K417N N440K V445H G446S N450D L452W L455S N460K S477N T478K N481K E484K F486P Q498R N501Y Y505H E554K A570V D614G P621S H655Y N679K P681R N764K D796Y S939F Q954H N969K P1143L	JN.1	0.545181255526083	49314.1666666667	90454.6261758028	3083	2572	407
BA.2.86	1	2024-02-11	T19I R21T S50L V127F G142D F157S R158G V213G L216F H245N A264D I332V G339H K356T S371F S373P S375F T376A R403K D405N R408S K417N N440K V445H G446S N450D L452W L455S N460K S477N T478K N481K E484K F486P Q498R N501Y Y505H E554K A570V D614G P621S H655Y N679K P681R N764K D796Y S939F Q954H N969K P1143L	JN.1	0.535595337218984	42594.2636357823	79526.9500607456	2573	2231	292
BA.2.86	1	2024-02-18	T19I R21T S50L V127F G142D F157S R158G V213G L216F H245N A264D I332V G339H K356T S371F S373P S375F T376A R403K D405N R408S K417N N440K V445H G446S N450D L452W L455S N460K S477N T478K N481K E484K F486P Q498R N501Y Y505H E554K A570V D614G P621S H655Y N679K P681R N764K D796Y S939F Q954H N969K P1143L	JN.1	0.503675538656527	36383.3552621237	72235.7003065315	1987	1958	183
BA.2.86	1	2024-02-25	T19I R21T S50L V127F G142D F157S R158G V213G L216F H245N A264D I332V G339H K356T S371F S373P S375F T376A R403K D405N R408S K417N N440K V445H G446S N450D L452W L455S N460K S477N T478K N481K E484K F486P Q498R N501Y Y505H E554K A570V D614G P621S H655Y N679K P681R N764K D796Y S939F Q954H N969K P1143L	JN.1	0.472527472527473	32027.3987460228	67778.9136253041	1591	1776	100
BA.2.86	1	2024-03-03	T19I R21T S50L V127F G142D F157S R158G V213G L216F H245N A264D I332V G339H K356T S371F S373P S375F T376A R403K D405N R408S K417N N440K V445H G446S N450D L452W L455S N460K S477N T478K N481K E484K F486P Q498R N501Y Y505H E554K A570V D614G P621S H655Y N679K P681R N764K D796Y S939F Q954H N969K P1143L	JN.1	0.457627118644068	28365.5561538462	61983.9930769231	1134	1344	52
BA.2.86	1	2024-03-10	T19I R21T S50L V127F G142D F157S R158G V213G L216F H245N A264D I332V G339H K356T S371F S373P S375F T376A R403K D405N R408S K417N N440K V445H G446S N450D L452W L455S N460K S477N T478K N481K E484K F486P Q498R N501Y Y505H E554K A570V D614G P621S H655Y N679K P681R N764K D796Y S939F Q954H N969K P1143L	JN.1	0.394470667565745	22253.0006480881	56412.3076258371	585	898	22
BA.2.86	1	2024-03-17	T19I R21T S50L V127F G142D F157S R158G V213G L216F H245N A264D I332V G339H K356T S371F S373P S375F T376A R403K D405N R408S K417N N440K V445H G446S N450D L452W L455S N460K S477N T478K N481K E484K F486P Q498R N501Y Y505H E554K A570V D614G P621S H655Y N679K P681R N764K D796Y S939F Q954H N969K P1143L	JN.1	0.383669885864794	19000.848357203	49523.950294861	437	702	16
BA.2.86	1	2024-03-24	T19I R21T S50L V127F G142D F157S R158G V213G L216F H245N A264D I332V G339H K356T S371F S373P S375F T376A R403K D405N R408S K417N N440K V445H G446S N450D L452W L455S N460K S477N T478K N481K E484K F486P Q498R N501Y Y505H E554K A570V D614G P621S H655Y N679K P681R N764K D796Y S939F Q954H N969K P1143L	JN.1	0.297602256699577	20149.244047619	67705.2797619048	211	498	6
BA.2.86	1	2024-03-31	T19I R21T S50L V127F G142D F157S R158G V213G L216F H245N A264D I332V G339H K356T S371F S373P S375F T376A R403K D405N R408S K417N N440K V445H G446S N450D L452W L455S N460K S477N T478K N481K E484K F486P Q498R N501Y Y505H E554K A570V D614G P621S H655Y N679K P681R N764K D796Y S939F Q954H N969K P1143L	JN.1	0.2475	26961.0816831683	108933.663366337	99	301	1
