VOC	TopK	Week	Mut	Lineage	Proportion	HaploWeeklyCases	VOCWeeklyCases	HaploCount	OtherCount	PreviousVOCCount
BA.2.86	2	2020-01-12	T19I R21T S50L V127F G142D F157S R158G V213G L216F H245N A264D I332V G339H K356T S371F S373P S375F T376A R403K D405N R408S K417N N440K V445H G446S N450D L452W N460K S477N T478K N481K E484K F486P Q498R N501Y Y505H E554K A570V D614G P621S H655Y N679K P681R N764K D796Y S939F Q954H N969K P1143L	BA.2.86.1	0	0	0	0	0	0
BA.2.86	2	2020-01-19	T19I R21T S50L V127F G142D F157S R158G V213G L216F H245N A264D I332V G339H K356T S371F S373P S375F T376A R403K D405N R408S K417N N440K V445H G446S N450D L452W N460K S477N T478K N481K E484K F486P Q498R N501Y Y505H E554K A570V D614G P621S H655Y N679K P681R N764K D796Y S939F Q954H N969K P1143L	BA.2.86.1	0	0	0	0	0	0
BA.2.86	2	2020-01-26	T19I R21T S50L V127F G142D F157S R158G V213G L216F H245N A264D I332V G339H K356T S371F S373P S375F T376A R403K D405N R408S K417N N440K V445H G446S N450D L452W N460K S477N T478K N481K E484K F486P Q498R N501Y Y505H E554K A570V D614G P621S H655Y N679K P681R N764K D796Y S939F Q954H N969K P1143L	BA.2.86.1	0	0	0	0	0	0
BA.2.86	2	2020-02-02	T19I R21T S50L V127F G142D F157S R158G V213G L216F H245N A264D I332V G339H K356T S371F S373P S375F T376A R403K D405N R408S K417N N440K V445H G446S N450D L452W N460K S477N T478K N481K E484K F486P Q498R N501Y Y505H E554K A570V D614G P621S H655Y N679K P681R N764K D796Y S939F Q954H N969K P1143L	BA.2.86.1	0	0	0	0	0	0
BA.2.86	2	2020-02-09	T19I R21T S50L V127F G142D F157S R158G V213G L216F H245N A264D I332V G339H K356T S371F S373P S375F T376A R403K D405N R408S K417N N440K V445H G446S N450D L452W N460K S477N T478K N481K E484K F486P Q498R N501Y Y505H E554K A570V D614G P621S H655Y N679K P681R N764K D796Y S939F Q954H N969K P1143L	BA.2.86.1	0	0	0	0	0	0
BA.2.86	2	2020-02-16	T19I R21T S50L V127F G142D F157S R158G V213G L216F H245N A264D I332V G339H K356T S371F S373P S375F T376A R403K D405N R408S K417N N440K V445H G446S N450D L452W N460K S477N T478K N481K E484K F486P Q498R N501Y Y505H E554K A570V D614G P621S H655Y N679K P681R N764K D796Y S939F Q954H N969K P1143L	BA.2.86.1	0	0	0	0	0	0
BA.2.86	2	2020-02-23	T19I R21T S50L V127F G142D F157S R158G V213G L216F H245N A264D I332V G339H K356T S371F S373P S375F T376A R403K D405N R408S K417N N440K V445H G446S N450D L452W N460K S477N T478K N481K E484K F486P Q498R N501Y Y505H E554K A570V D614G P621S H655Y N679K P681R N764K D796Y S939F Q954H N969K P1143L	BA.2.86.1	0	0	0	0	0	0
BA.2.86	2	2020-03-01	T19I R21T S50L V127F G142D F157S R158G V213G L216F H245N A264D I332V G339H K356T S371F S373P S375F T376A R403K D405N R408S K417N N440K V445H G446S N450D L452W N460K S477N T478K N481K E484K F486P Q498R N501Y Y505H E554K A570V D614G P621S H655Y N679K P681R N764K D796Y S939F Q954H N969K P1143L	BA.2.86.1	0	0	0	0	0	0
BA.2.86	2	2020-03-08	T19I R21T S50L V127F G142D F157S R158G V213G L216F H245N A264D I332V G339H K356T S371F S373P S375F T376A R403K D405N R408S K417N N440K V445H G446S N450D L452W N460K S477N T478K N481K E484K F486P Q498R N501Y Y505H E554K A570V D614G P621S H655Y N679K P681R N764K D796Y S939F Q954H N969K P1143L	BA.2.86.1	0	0	0	0	0	0
BA.2.86	2	2020-03-15	T19I R21T S50L V127F G142D F157S R158G V213G L216F H245N A264D I332V G339H K356T S371F S373P S375F T376A R403K D405N R408S K417N N440K V445H G446S N450D L452W N460K S477N T478K N481K E484K F486P Q498R N501Y Y505H E554K A570V D614G P621S H655Y N679K P681R N764K D796Y S939F Q954H N969K P1143L	BA.2.86.1	0	0	0	0	0	0
BA.2.86	2	2020-03-22	T19I R21T S50L V127F G142D F157S R158G V213G L216F H245N A264D I332V G339H K356T S371F S373P S375F T376A R403K D405N R408S K417N N440K V445H G446S N450D L452W N460K S477N T478K N481K E484K F486P Q498R N501Y Y505H E554K A570V D614G P621S H655Y N679K P681R N764K D796Y S939F Q954H N969K P1143L	BA.2.86.1	0	0	0	0	0	0
BA.2.86	2	2020-03-29	T19I R21T S50L V127F G142D F157S R158G V213G L216F H245N A264D I332V G339H K356T S371F S373P S375F T376A R403K D405N R408S K417N N440K V445H G446S N450D L452W N460K S477N T478K N481K E484K F486P Q498R N501Y Y505H E554K A570V D614G P621S H655Y N679K P681R N764K D796Y S939F Q954H N969K P1143L	BA.2.86.1	0	0	0	0	0	0
BA.2.86	2	2020-04-05	T19I R21T S50L V127F G142D F157S R158G V213G L216F H245N A264D I332V G339H K356T S371F S373P S375F T376A R403K D405N R408S K417N N440K V445H G446S N450D L452W N460K S477N T478K N481K E484K F486P Q498R N501Y Y505H E554K A570V D614G P621S H655Y N679K P681R N764K D796Y S939F Q954H N969K P1143L	BA.2.86.1	0	0	0	0	0	0
BA.2.86	2	2020-04-12	T19I R21T S50L V127F G142D F157S R158G V213G L216F H245N A264D I332V G339H K356T S371F S373P S375F T376A R403K D405N R408S K417N N440K V445H G446S N450D L452W N460K S477N T478K N481K E484K F486P Q498R N501Y Y505H E554K A570V D614G P621S H655Y N679K P681R N764K D796Y S939F Q954H N969K P1143L	BA.2.86.1	0	0	0	0	0	0
BA.2.86	2	2020-04-19	T19I R21T S50L V127F G142D F157S R158G V213G L216F H245N A264D I332V G339H K356T S371F S373P S375F T376A R403K D405N R408S K417N N440K V445H G446S N450D L452W N460K S477N T478K N481K E484K F486P Q498R N501Y Y505H E554K A570V D614G P621S H655Y N679K P681R N764K D796Y S939F Q954H N969K P1143L	BA.2.86.1	0	0	0	0	0	0
BA.2.86	2	2020-04-26	T19I R21T S50L V127F G142D F157S R158G V213G L216F H245N A264D I332V G339H K356T S371F S373P S375F T376A R403K D405N R408S K417N N440K V445H G446S N450D L452W N460K S477N T478K N481K E484K F486P Q498R N501Y Y505H E554K A570V D614G P621S H655Y N679K P681R N764K D796Y S939F Q954H N969K P1143L	BA.2.86.1	0	0	0	0	0	0
BA.2.86	2	2020-05-03	T19I R21T S50L V127F G142D F157S R158G V213G L216F H245N A264D I332V G339H K356T S371F S373P S375F T376A R403K D405N R408S K417N N440K V445H G446S N450D L452W N460K S477N T478K N481K E484K F486P Q498R N501Y Y505H E554K A570V D614G P621S H655Y N679K P681R N764K D796Y S939F Q954H N969K P1143L	BA.2.86.1	0	0	0	0	0	0
BA.2.86	2	2020-05-10	T19I R21T S50L V127F G142D F157S R158G V213G L216F H245N A264D I332V G339H K356T S371F S373P S375F T376A R403K D405N R408S K417N N440K V445H G446S N450D L452W N460K S477N T478K N481K E484K F486P Q498R N501Y Y505H E554K A570V D614G P621S H655Y N679K P681R N764K D796Y S939F Q954H N969K P1143L	BA.2.86.1	0	0	0	0	0	0
BA.2.86	2	2020-05-17	T19I R21T S50L V127F G142D F157S R158G V213G L216F H245N A264D I332V G339H K356T S371F S373P S375F T376A R403K D405N R408S K417N N440K V445H G446S N450D L452W N460K S477N T478K N481K E484K F486P Q498R N501Y Y505H E554K A570V D614G P621S H655Y N679K P681R N764K D796Y S939F Q954H N969K P1143L	BA.2.86.1	0	0	0	0	0	0
BA.2.86	2	2020-05-24	T19I R21T S50L V127F G142D F157S R158G V213G L216F H245N A264D I332V G339H K356T S371F S373P S375F T376A R403K D405N R408S K417N N440K V445H G446S N450D L452W N460K S477N T478K N481K E484K F486P Q498R N501Y Y505H E554K A570V D614G P621S H655Y N679K P681R N764K D796Y S939F Q954H N969K P1143L	BA.2.86.1	0	0	0	0	0	0
BA.2.86	2	2020-05-31	T19I R21T S50L V127F G142D F157S R158G V213G L216F H245N A264D I332V G339H K356T S371F S373P S375F T376A R403K D405N R408S K417N N440K V445H G446S N450D L452W N460K S477N T478K N481K E484K F486P Q498R N501Y Y505H E554K A570V D614G P621S H655Y N679K P681R N764K D796Y S939F Q954H N969K P1143L	BA.2.86.1	0	0	0	0	0	0
BA.2.86	2	2020-06-07	T19I R21T S50L V127F G142D F157S R158G V213G L216F H245N A264D I332V G339H K356T S371F S373P S375F T376A R403K D405N R408S K417N N440K V445H G446S N450D L452W N460K S477N T478K N481K E484K F486P Q498R N501Y Y505H E554K A570V D614G P621S H655Y N679K P681R N764K D796Y S939F Q954H N969K P1143L	BA.2.86.1	0	0	0	0	0	0
BA.2.86	2	2020-06-14	T19I R21T S50L V127F G142D F157S R158G V213G L216F H245N A264D I332V G339H K356T S371F S373P S375F T376A R403K D405N R408S K417N N440K V445H G446S N450D L452W N460K S477N T478K N481K E484K F486P Q498R N501Y Y505H E554K A570V D614G P621S H655Y N679K P681R N764K D796Y S939F Q954H N969K P1143L	BA.2.86.1	0	0	0	0	0	0
BA.2.86	2	2020-06-21	T19I R21T S50L V127F G142D F157S R158G V213G L216F H245N A264D I332V G339H K356T S371F S373P S375F T376A R403K D405N R408S K417N N440K V445H G446S N450D L452W N460K S477N T478K N481K E484K F486P Q498R N501Y Y505H E554K A570V D614G P621S H655Y N679K P681R N764K D796Y S939F Q954H N969K P1143L	BA.2.86.1	0	0	0	0	0	0
BA.2.86	2	2020-06-28	T19I R21T S50L V127F G142D F157S R158G V213G L216F H245N A264D I332V G339H K356T S371F S373P S375F T376A R403K D405N R408S K417N N440K V445H G446S N450D L452W N460K S477N T478K N481K E484K F486P Q498R N501Y Y505H E554K A570V D614G P621S H655Y N679K P681R N764K D796Y S939F Q954H N969K P1143L	BA.2.86.1	0	0	0	0	0	0
BA.2.86	2	2020-07-05	T19I R21T S50L V127F G142D F157S R158G V213G L216F H245N A264D I332V G339H K356T S371F S373P S375F T376A R403K D405N R408S K417N N440K V445H G446S N450D L452W N460K S477N T478K N481K E484K F486P Q498R N501Y Y505H E554K A570V D614G P621S H655Y N679K P681R N764K D796Y S939F Q954H N969K P1143L	BA.2.86.1	0	0	0	0	0	0
BA.2.86	2	2020-07-12	T19I R21T S50L V127F G142D F157S R158G V213G L216F H245N A264D I332V G339H K356T S371F S373P S375F T376A R403K D405N R408S K417N N440K V445H G446S N450D L452W N460K S477N T478K N481K E484K F486P Q498R N501Y Y505H E554K A570V D614G P621S H655Y N679K P681R N764K D796Y S939F Q954H N969K P1143L	BA.2.86.1	0	0	0	0	0	0
BA.2.86	2	2020-07-19	T19I R21T S50L V127F G142D F157S R158G V213G L216F H245N A264D I332V G339H K356T S371F S373P S375F T376A R403K D405N R408S K417N N440K V445H G446S N450D L452W N460K S477N T478K N481K E484K F486P Q498R N501Y Y505H E554K A570V D614G P621S H655Y N679K P681R N764K D796Y S939F Q954H N969K P1143L	BA.2.86.1	0	0	0	0	0	0
BA.2.86	2	2020-07-26	T19I R21T S50L V127F G142D F157S R158G V213G L216F H245N A264D I332V G339H K356T S371F S373P S375F T376A R403K D405N R408S K417N N440K V445H G446S N450D L452W N460K S477N T478K N481K E484K F486P Q498R N501Y Y505H E554K A570V D614G P621S H655Y N679K P681R N764K D796Y S939F Q954H N969K P1143L	BA.2.86.1	0	0	0	0	0	0
BA.2.86	2	2020-08-02	T19I R21T S50L V127F G142D F157S R158G V213G L216F H245N A264D I332V G339H K356T S371F S373P S375F T376A R403K D405N R408S K417N N440K V445H G446S N450D L452W N460K S477N T478K N481K E484K F486P Q498R N501Y Y505H E554K A570V D614G P621S H655Y N679K P681R N764K D796Y S939F Q954H N969K P1143L	BA.2.86.1	0	0	0	0	0	0
BA.2.86	2	2020-08-09	T19I R21T S50L V127F G142D F157S R158G V213G L216F H245N A264D I332V G339H K356T S371F S373P S375F T376A R403K D405N R408S K417N N440K V445H G446S N450D L452W N460K S477N T478K N481K E484K F486P Q498R N501Y Y505H E554K A570V D614G P621S H655Y N679K P681R N764K D796Y S939F Q954H N969K P1143L	BA.2.86.1	0	0	0	0	0	0
BA.2.86	2	2020-08-16	T19I R21T S50L V127F G142D F157S R158G V213G L216F H245N A264D I332V G339H K356T S371F S373P S375F T376A R403K D405N R408S K417N N440K V445H G446S N450D L452W N460K S477N T478K N481K E484K F486P Q498R N501Y Y505H E554K A570V D614G P621S H655Y N679K P681R N764K D796Y S939F Q954H N969K P1143L	BA.2.86.1	0	0	0	0	0	0
BA.2.86	2	2020-08-23	T19I R21T S50L V127F G142D F157S R158G V213G L216F H245N A264D I332V G339H K356T S371F S373P S375F T376A R403K D405N R408S K417N N440K V445H G446S N450D L452W N460K S477N T478K N481K E484K F486P Q498R N501Y Y505H E554K A570V D614G P621S H655Y N679K P681R N764K D796Y S939F Q954H N969K P1143L	BA.2.86.1	0	0	0	0	0	0
BA.2.86	2	2020-08-30	T19I R21T S50L V127F G142D F157S R158G V213G L216F H245N A264D I332V G339H K356T S371F S373P S375F T376A R403K D405N R408S K417N N440K V445H G446S N450D L452W N460K S477N T478K N481K E484K F486P Q498R N501Y Y505H E554K A570V D614G P621S H655Y N679K P681R N764K D796Y S939F Q954H N969K P1143L	BA.2.86.1	0	0	0	0	0	0
BA.2.86	2	2020-09-06	T19I R21T S50L V127F G142D F157S R158G V213G L216F H245N A264D I332V G339H K356T S371F S373P S375F T376A R403K D405N R408S K417N N440K V445H G446S N450D L452W N460K S477N T478K N481K E484K F486P Q498R N501Y Y505H E554K A570V D614G P621S H655Y N679K P681R N764K D796Y S939F Q954H N969K P1143L	BA.2.86.1	0	0	0	0	0	0
BA.2.86	2	2020-09-13	T19I R21T S50L V127F G142D F157S R158G V213G L216F H245N A264D I332V G339H K356T S371F S373P S375F T376A R403K D405N R408S K417N N440K V445H G446S N450D L452W N460K S477N T478K N481K E484K F486P Q498R N501Y Y505H E554K A570V D614G P621S H655Y N679K P681R N764K D796Y S939F Q954H N969K P1143L	BA.2.86.1	0	0	0	0	0	0
BA.2.86	2	2020-09-20	T19I R21T S50L V127F G142D F157S R158G V213G L216F H245N A264D I332V G339H K356T S371F S373P S375F T376A R403K D405N R408S K417N N440K V445H G446S N450D L452W N460K S477N T478K N481K E484K F486P Q498R N501Y Y505H E554K A570V D614G P621S H655Y N679K P681R N764K D796Y S939F Q954H N969K P1143L	BA.2.86.1	0	0	0	0	0	0
BA.2.86	2	2020-09-27	T19I R21T S50L V127F G142D F157S R158G V213G L216F H245N A264D I332V G339H K356T S371F S373P S375F T376A R403K D405N R408S K417N N440K V445H G446S N450D L452W N460K S477N T478K N481K E484K F486P Q498R N501Y Y505H E554K A570V D614G P621S H655Y N679K P681R N764K D796Y S939F Q954H N969K P1143L	BA.2.86.1	0	0	0	0	0	0
BA.2.86	2	2020-10-04	T19I R21T S50L V127F G142D F157S R158G V213G L216F H245N A264D I332V G339H K356T S371F S373P S375F T376A R403K D405N R408S K417N N440K V445H G446S N450D L452W N460K S477N T478K N481K E484K F486P Q498R N501Y Y505H E554K A570V D614G P621S H655Y N679K P681R N764K D796Y S939F Q954H N969K P1143L	BA.2.86.1	0	0	0	0	0	0
BA.2.86	2	2020-10-11	T19I R21T S50L V127F G142D F157S R158G V213G L216F H245N A264D I332V G339H K356T S371F S373P S375F T376A R403K D405N R408S K417N N440K V445H G446S N450D L452W N460K S477N T478K N481K E484K F486P Q498R N501Y Y505H E554K A570V D614G P621S H655Y N679K P681R N764K D796Y S939F Q954H N969K P1143L	BA.2.86.1	0	0	0	0	0	0
BA.2.86	2	2020-10-18	T19I R21T S50L V127F G142D F157S R158G V213G L216F H245N A264D I332V G339H K356T S371F S373P S375F T376A R403K D405N R408S K417N N440K V445H G446S N450D L452W N460K S477N T478K N481K E484K F486P Q498R N501Y Y505H E554K A570V D614G P621S H655Y N679K P681R N764K D796Y S939F Q954H N969K P1143L	BA.2.86.1	0	0	0	0	0	0
BA.2.86	2	2020-10-25	T19I R21T S50L V127F G142D F157S R158G V213G L216F H245N A264D I332V G339H K356T S371F S373P S375F T376A R403K D405N R408S K417N N440K V445H G446S N450D L452W N460K S477N T478K N481K E484K F486P Q498R N501Y Y505H E554K A570V D614G P621S H655Y N679K P681R N764K D796Y S939F Q954H N969K P1143L	BA.2.86.1	0	0	0	0	0	0
BA.2.86	2	2020-11-01	T19I R21T S50L V127F G142D F157S R158G V213G L216F H245N A264D I332V G339H K356T S371F S373P S375F T376A R403K D405N R408S K417N N440K V445H G446S N450D L452W N460K S477N T478K N481K E484K F486P Q498R N501Y Y505H E554K A570V D614G P621S H655Y N679K P681R N764K D796Y S939F Q954H N969K P1143L	BA.2.86.1	0	0	0	0	0	0
BA.2.86	2	2020-11-08	T19I R21T S50L V127F G142D F157S R158G V213G L216F H245N A264D I332V G339H K356T S371F S373P S375F T376A R403K D405N R408S K417N N440K V445H G446S N450D L452W N460K S477N T478K N481K E484K F486P Q498R N501Y Y505H E554K A570V D614G P621S H655Y N679K P681R N764K D796Y S939F Q954H N969K P1143L	BA.2.86.1	0	0	0	0	0	0
BA.2.86	2	2020-11-15	T19I R21T S50L V127F G142D F157S R158G V213G L216F H245N A264D I332V G339H K356T S371F S373P S375F T376A R403K D405N R408S K417N N440K V445H G446S N450D L452W N460K S477N T478K N481K E484K F486P Q498R N501Y Y505H E554K A570V D614G P621S H655Y N679K P681R N764K D796Y S939F Q954H N969K P1143L	BA.2.86.1	0	0	0	0	0	0
BA.2.86	2	2020-11-22	T19I R21T S50L V127F G142D F157S R158G V213G L216F H245N A264D I332V G339H K356T S371F S373P S375F T376A R403K D405N R408S K417N N440K V445H G446S N450D L452W N460K S477N T478K N481K E484K F486P Q498R N501Y Y505H E554K A570V D614G P621S H655Y N679K P681R N764K D796Y S939F Q954H N969K P1143L	BA.2.86.1	0	0	0	0	0	0
BA.2.86	2	2020-11-29	T19I R21T S50L V127F G142D F157S R158G V213G L216F H245N A264D I332V G339H K356T S371F S373P S375F T376A R403K D405N R408S K417N N440K V445H G446S N450D L452W N460K S477N T478K N481K E484K F486P Q498R N501Y Y505H E554K A570V D614G P621S H655Y N679K P681R N764K D796Y S939F Q954H N969K P1143L	BA.2.86.1	0	0	0	0	0	0
BA.2.86	2	2020-12-06	T19I R21T S50L V127F G142D F157S R158G V213G L216F H245N A264D I332V G339H K356T S371F S373P S375F T376A R403K D405N R408S K417N N440K V445H G446S N450D L452W N460K S477N T478K N481K E484K F486P Q498R N501Y Y505H E554K A570V D614G P621S H655Y N679K P681R N764K D796Y S939F Q954H N969K P1143L	BA.2.86.1	0	0	0	0	0	0
BA.2.86	2	2020-12-13	T19I R21T S50L V127F G142D F157S R158G V213G L216F H245N A264D I332V G339H K356T S371F S373P S375F T376A R403K D405N R408S K417N N440K V445H G446S N450D L452W N460K S477N T478K N481K E484K F486P Q498R N501Y Y505H E554K A570V D614G P621S H655Y N679K P681R N764K D796Y S939F Q954H N969K P1143L	BA.2.86.1	0	0	185.677240150969	0	1	0
BA.2.86	2	2020-12-20	T19I R21T S50L V127F G142D F157S R158G V213G L216F H245N A264D I332V G339H K356T S371F S373P S375F T376A R403K D405N R408S K417N N440K V445H G446S N450D L452W N460K S477N T478K N481K E484K F486P Q498R N501Y Y505H E554K A570V D614G P621S H655Y N679K P681R N764K D796Y S939F Q954H N969K P1143L	BA.2.86.1	0	0	0	0	0	0
BA.2.86	2	2020-12-27	T19I R21T S50L V127F G142D F157S R158G V213G L216F H245N A264D I332V G339H K356T S371F S373P S375F T376A R403K D405N R408S K417N N440K V445H G446S N450D L452W N460K S477N T478K N481K E484K F486P Q498R N501Y Y505H E554K A570V D614G P621S H655Y N679K P681R N764K D796Y S939F Q954H N969K P1143L	BA.2.86.1	0	0	0	0	0	0
BA.2.86	2	2021-01-03	T19I R21T S50L V127F G142D F157S R158G V213G L216F H245N A264D I332V G339H K356T S371F S373P S375F T376A R403K D405N R408S K417N N440K V445H G446S N450D L452W N460K S477N T478K N481K E484K F486P Q498R N501Y Y505H E554K A570V D614G P621S H655Y N679K P681R N764K D796Y S939F Q954H N969K P1143L	BA.2.86.1	0	0	0	0	0	0
BA.2.86	2	2021-01-10	T19I R21T S50L V127F G142D F157S R158G V213G L216F H245N A264D I332V G339H K356T S371F S373P S375F T376A R403K D405N R408S K417N N440K V445H G446S N450D L452W N460K S477N T478K N481K E484K F486P Q498R N501Y Y505H E554K A570V D614G P621S H655Y N679K P681R N764K D796Y S939F Q954H N969K P1143L	BA.2.86.1	0	0	0	0	0	0
BA.2.86	2	2021-01-17	T19I R21T S50L V127F G142D F157S R158G V213G L216F H245N A264D I332V G339H K356T S371F S373P S375F T376A R403K D405N R408S K417N N440K V445H G446S N450D L452W N460K S477N T478K N481K E484K F486P Q498R N501Y Y505H E554K A570V D614G P621S H655Y N679K P681R N764K D796Y S939F Q954H N969K P1143L	BA.2.86.1	0	0	0	0	0	0
BA.2.86	2	2021-01-24	T19I R21T S50L V127F G142D F157S R158G V213G L216F H245N A264D I332V G339H K356T S371F S373P S375F T376A R403K D405N R408S K417N N440K V445H G446S N450D L452W N460K S477N T478K N481K E484K F486P Q498R N501Y Y505H E554K A570V D614G P621S H655Y N679K P681R N764K D796Y S939F Q954H N969K P1143L	BA.2.86.1	0	0	0	0	0	0
BA.2.86	2	2021-01-31	T19I R21T S50L V127F G142D F157S R158G V213G L216F H245N A264D I332V G339H K356T S371F S373P S375F T376A R403K D405N R408S K417N N440K V445H G446S N450D L452W N460K S477N T478K N481K E484K F486P Q498R N501Y Y505H E554K A570V D614G P621S H655Y N679K P681R N764K D796Y S939F Q954H N969K P1143L	BA.2.86.1	0	0	0	0	0	0
BA.2.86	2	2021-02-07	T19I R21T S50L V127F G142D F157S R158G V213G L216F H245N A264D I332V G339H K356T S371F S373P S375F T376A R403K D405N R408S K417N N440K V445H G446S N450D L452W N460K S477N T478K N481K E484K F486P Q498R N501Y Y505H E554K A570V D614G P621S H655Y N679K P681R N764K D796Y S939F Q954H N969K P1143L	BA.2.86.1	0	0	0	0	0	0
BA.2.86	2	2021-02-14	T19I R21T S50L V127F G142D F157S R158G V213G L216F H245N A264D I332V G339H K356T S371F S373P S375F T376A R403K D405N R408S K417N N440K V445H G446S N450D L452W N460K S477N T478K N481K E484K F486P Q498R N501Y Y505H E554K A570V D614G P621S H655Y N679K P681R N764K D796Y S939F Q954H N969K P1143L	BA.2.86.1	0	0	0	0	0	0
BA.2.86	2	2021-02-21	T19I R21T S50L V127F G142D F157S R158G V213G L216F H245N A264D I332V G339H K356T S371F S373P S375F T376A R403K D405N R408S K417N N440K V445H G446S N450D L452W N460K S477N T478K N481K E484K F486P Q498R N501Y Y505H E554K A570V D614G P621S H655Y N679K P681R N764K D796Y S939F Q954H N969K P1143L	BA.2.86.1	0	0	0	0	0	0
BA.2.86	2	2021-02-28	T19I R21T S50L V127F G142D F157S R158G V213G L216F H245N A264D I332V G339H K356T S371F S373P S375F T376A R403K D405N R408S K417N N440K V445H G446S N450D L452W N460K S477N T478K N481K E484K F486P Q498R N501Y Y505H E554K A570V D614G P621S H655Y N679K P681R N764K D796Y S939F Q954H N969K P1143L	BA.2.86.1	0	0	0	0	0	0
BA.2.86	2	2021-03-07	T19I R21T S50L V127F G142D F157S R158G V213G L216F H245N A264D I332V G339H K356T S371F S373P S375F T376A R403K D405N R408S K417N N440K V445H G446S N450D L452W N460K S477N T478K N481K E484K F486P Q498R N501Y Y505H E554K A570V D614G P621S H655Y N679K P681R N764K D796Y S939F Q954H N969K P1143L	BA.2.86.1	0	0	55.9961627322953	0	1	0
BA.2.86	2	2021-03-14	T19I R21T S50L V127F G142D F157S R158G V213G L216F H245N A264D I332V G339H K356T S371F S373P S375F T376A R403K D405N R408S K417N N440K V445H G446S N450D L452W N460K S477N T478K N481K E484K F486P Q498R N501Y Y505H E554K A570V D614G P621S H655Y N679K P681R N764K D796Y S939F Q954H N969K P1143L	BA.2.86.1	0	0	0	0	0	0
BA.2.86	2	2021-03-21	T19I R21T S50L V127F G142D F157S R158G V213G L216F H245N A264D I332V G339H K356T S371F S373P S375F T376A R403K D405N R408S K417N N440K V445H G446S N450D L452W N460K S477N T478K N481K E484K F486P Q498R N501Y Y505H E554K A570V D614G P621S H655Y N679K P681R N764K D796Y S939F Q954H N969K P1143L	BA.2.86.1	0	0	0	0	0	0
BA.2.86	2	2021-03-28	T19I R21T S50L V127F G142D F157S R158G V213G L216F H245N A264D I332V G339H K356T S371F S373P S375F T376A R403K D405N R408S K417N N440K V445H G446S N450D L452W N460K S477N T478K N481K E484K F486P Q498R N501Y Y505H E554K A570V D614G P621S H655Y N679K P681R N764K D796Y S939F Q954H N969K P1143L	BA.2.86.1	0	0	0	0	0	0
BA.2.86	2	2021-04-04	T19I R21T S50L V127F G142D F157S R158G V213G L216F H245N A264D I332V G339H K356T S371F S373P S375F T376A R403K D405N R408S K417N N440K V445H G446S N450D L452W N460K S477N T478K N481K E484K F486P Q498R N501Y Y505H E554K A570V D614G P621S H655Y N679K P681R N764K D796Y S939F Q954H N969K P1143L	BA.2.86.1	0	0	0	0	0	0
BA.2.86	2	2021-04-11	T19I R21T S50L V127F G142D F157S R158G V213G L216F H245N A264D I332V G339H K356T S371F S373P S375F T376A R403K D405N R408S K417N N440K V445H G446S N450D L452W N460K S477N T478K N481K E484K F486P Q498R N501Y Y505H E554K A570V D614G P621S H655Y N679K P681R N764K D796Y S939F Q954H N969K P1143L	BA.2.86.1	0	0	0	0	0	0
BA.2.86	2	2021-04-18	T19I R21T S50L V127F G142D F157S R158G V213G L216F H245N A264D I332V G339H K356T S371F S373P S375F T376A R403K D405N R408S K417N N440K V445H G446S N450D L452W N460K S477N T478K N481K E484K F486P Q498R N501Y Y505H E554K A570V D614G P621S H655Y N679K P681R N764K D796Y S939F Q954H N969K P1143L	BA.2.86.1	0	0	0	0	0	0
BA.2.86	2	2021-04-25	T19I R21T S50L V127F G142D F157S R158G V213G L216F H245N A264D I332V G339H K356T S371F S373P S375F T376A R403K D405N R408S K417N N440K V445H G446S N450D L452W N460K S477N T478K N481K E484K F486P Q498R N501Y Y505H E554K A570V D614G P621S H655Y N679K P681R N764K D796Y S939F Q954H N969K P1143L	BA.2.86.1	0	0	0	0	0	0
BA.2.86	2	2021-05-02	T19I R21T S50L V127F G142D F157S R158G V213G L216F H245N A264D I332V G339H K356T S371F S373P S375F T376A R403K D405N R408S K417N N440K V445H G446S N450D L452W N460K S477N T478K N481K E484K F486P Q498R N501Y Y505H E554K A570V D614G P621S H655Y N679K P681R N764K D796Y S939F Q954H N969K P1143L	BA.2.86.1	0	0	0	0	0	0
BA.2.86	2	2021-05-09	T19I R21T S50L V127F G142D F157S R158G V213G L216F H245N A264D I332V G339H K356T S371F S373P S375F T376A R403K D405N R408S K417N N440K V445H G446S N450D L452W N460K S477N T478K N481K E484K F486P Q498R N501Y Y505H E554K A570V D614G P621S H655Y N679K P681R N764K D796Y S939F Q954H N969K P1143L	BA.2.86.1	0	0	0	0	0	0
BA.2.86	2	2021-05-16	T19I R21T S50L V127F G142D F157S R158G V213G L216F H245N A264D I332V G339H K356T S371F S373P S375F T376A R403K D405N R408S K417N N440K V445H G446S N450D L452W N460K S477N T478K N481K E484K F486P Q498R N501Y Y505H E554K A570V D614G P621S H655Y N679K P681R N764K D796Y S939F Q954H N969K P1143L	BA.2.86.1	0	0	0	0	0	0
BA.2.86	2	2021-05-23	T19I R21T S50L V127F G142D F157S R158G V213G L216F H245N A264D I332V G339H K356T S371F S373P S375F T376A R403K D405N R408S K417N N440K V445H G446S N450D L452W N460K S477N T478K N481K E484K F486P Q498R N501Y Y505H E554K A570V D614G P621S H655Y N679K P681R N764K D796Y S939F Q954H N969K P1143L	BA.2.86.1	0	0	0	0	0	0
BA.2.86	2	2021-05-30	T19I R21T S50L V127F G142D F157S R158G V213G L216F H245N A264D I332V G339H K356T S371F S373P S375F T376A R403K D405N R408S K417N N440K V445H G446S N450D L452W N460K S477N T478K N481K E484K F486P Q498R N501Y Y505H E554K A570V D614G P621S H655Y N679K P681R N764K D796Y S939F Q954H N969K P1143L	BA.2.86.1	0	0	0	0	0	0
BA.2.86	2	2021-06-06	T19I R21T S50L V127F G142D F157S R158G V213G L216F H245N A264D I332V G339H K356T S371F S373P S375F T376A R403K D405N R408S K417N N440K V445H G446S N450D L452W N460K S477N T478K N481K E484K F486P Q498R N501Y Y505H E554K A570V D614G P621S H655Y N679K P681R N764K D796Y S939F Q954H N969K P1143L	BA.2.86.1	0	0	0	0	0	0
BA.2.86	2	2021-06-13	T19I R21T S50L V127F G142D F157S R158G V213G L216F H245N A264D I332V G339H K356T S371F S373P S375F T376A R403K D405N R408S K417N N440K V445H G446S N450D L452W N460K S477N T478K N481K E484K F486P Q498R N501Y Y505H E554K A570V D614G P621S H655Y N679K P681R N764K D796Y S939F Q954H N969K P1143L	BA.2.86.1	0	0	0	0	0	0
BA.2.86	2	2021-06-20	T19I R21T S50L V127F G142D F157S R158G V213G L216F H245N A264D I332V G339H K356T S371F S373P S375F T376A R403K D405N R408S K417N N440K V445H G446S N450D L452W N460K S477N T478K N481K E484K F486P Q498R N501Y Y505H E554K A570V D614G P621S H655Y N679K P681R N764K D796Y S939F Q954H N969K P1143L	BA.2.86.1	0	0	0	0	0	0
BA.2.86	2	2021-06-27	T19I R21T S50L V127F G142D F157S R158G V213G L216F H245N A264D I332V G339H K356T S371F S373P S375F T376A R403K D405N R408S K417N N440K V445H G446S N450D L452W N460K S477N T478K N481K E484K F486P Q498R N501Y Y505H E554K A570V D614G P621S H655Y N679K P681R N764K D796Y S939F Q954H N969K P1143L	BA.2.86.1	0	0	0	0	0	0
BA.2.86	2	2021-07-04	T19I R21T S50L V127F G142D F157S R158G V213G L216F H245N A264D I332V G339H K356T S371F S373P S375F T376A R403K D405N R408S K417N N440K V445H G446S N450D L452W N460K S477N T478K N481K E484K F486P Q498R N501Y Y505H E554K A570V D614G P621S H655Y N679K P681R N764K D796Y S939F Q954H N969K P1143L	BA.2.86.1	0	0	0	0	0	0
BA.2.86	2	2021-07-11	T19I R21T S50L V127F G142D F157S R158G V213G L216F H245N A264D I332V G339H K356T S371F S373P S375F T376A R403K D405N R408S K417N N440K V445H G446S N450D L452W N460K S477N T478K N481K E484K F486P Q498R N501Y Y505H E554K A570V D614G P621S H655Y N679K P681R N764K D796Y S939F Q954H N969K P1143L	BA.2.86.1	0	0	0	0	0	0
BA.2.86	2	2021-07-18	T19I R21T S50L V127F G142D F157S R158G V213G L216F H245N A264D I332V G339H K356T S371F S373P S375F T376A R403K D405N R408S K417N N440K V445H G446S N450D L452W N460K S477N T478K N481K E484K F486P Q498R N501Y Y505H E554K A570V D614G P621S H655Y N679K P681R N764K D796Y S939F Q954H N969K P1143L	BA.2.86.1	0	0	0	0	0	0
BA.2.86	2	2021-07-25	T19I R21T S50L V127F G142D F157S R158G V213G L216F H245N A264D I332V G339H K356T S371F S373P S375F T376A R403K D405N R408S K417N N440K V445H G446S N450D L452W N460K S477N T478K N481K E484K F486P Q498R N501Y Y505H E554K A570V D614G P621S H655Y N679K P681R N764K D796Y S939F Q954H N969K P1143L	BA.2.86.1	0	0	53.9889739691834	0	1	0
BA.2.86	2	2021-08-01	T19I R21T S50L V127F G142D F157S R158G V213G L216F H245N A264D I332V G339H K356T S371F S373P S375F T376A R403K D405N R408S K417N N440K V445H G446S N450D L452W N460K S477N T478K N481K E484K F486P Q498R N501Y Y505H E554K A570V D614G P621S H655Y N679K P681R N764K D796Y S939F Q954H N969K P1143L	BA.2.86.1	0	0	0	0	0	0
BA.2.86	2	2021-08-08	T19I R21T S50L V127F G142D F157S R158G V213G L216F H245N A264D I332V G339H K356T S371F S373P S375F T376A R403K D405N R408S K417N N440K V445H G446S N450D L452W N460K S477N T478K N481K E484K F486P Q498R N501Y Y505H E554K A570V D614G P621S H655Y N679K P681R N764K D796Y S939F Q954H N969K P1143L	BA.2.86.1	0	0	0	0	0	0
BA.2.86	2	2021-08-15	T19I R21T S50L V127F G142D F157S R158G V213G L216F H245N A264D I332V G339H K356T S371F S373P S375F T376A R403K D405N R408S K417N N440K V445H G446S N450D L452W N460K S477N T478K N481K E484K F486P Q498R N501Y Y505H E554K A570V D614G P621S H655Y N679K P681R N764K D796Y S939F Q954H N969K P1143L	BA.2.86.1	0	0	0	0	0	0
BA.2.86	2	2021-08-22	T19I R21T S50L V127F G142D F157S R158G V213G L216F H245N A264D I332V G339H K356T S371F S373P S375F T376A R403K D405N R408S K417N N440K V445H G446S N450D L452W N460K S477N T478K N481K E484K F486P Q498R N501Y Y505H E554K A570V D614G P621S H655Y N679K P681R N764K D796Y S939F Q954H N969K P1143L	BA.2.86.1	0	0	0	0	0	0
BA.2.86	2	2021-08-29	T19I R21T S50L V127F G142D F157S R158G V213G L216F H245N A264D I332V G339H K356T S371F S373P S375F T376A R403K D405N R408S K417N N440K V445H G446S N450D L452W N460K S477N T478K N481K E484K F486P Q498R N501Y Y505H E554K A570V D614G P621S H655Y N679K P681R N764K D796Y S939F Q954H N969K P1143L	BA.2.86.1	0	0	0	0	0	0
BA.2.86	2	2021-09-05	T19I R21T S50L V127F G142D F157S R158G V213G L216F H245N A264D I332V G339H K356T S371F S373P S375F T376A R403K D405N R408S K417N N440K V445H G446S N450D L452W N460K S477N T478K N481K E484K F486P Q498R N501Y Y505H E554K A570V D614G P621S H655Y N679K P681R N764K D796Y S939F Q954H N969K P1143L	BA.2.86.1	0	0	0	0	0	0
BA.2.86	2	2021-09-12	T19I R21T S50L V127F G142D F157S R158G V213G L216F H245N A264D I332V G339H K356T S371F S373P S375F T376A R403K D405N R408S K417N N440K V445H G446S N450D L452W N460K S477N T478K N481K E484K F486P Q498R N501Y Y505H E554K A570V D614G P621S H655Y N679K P681R N764K D796Y S939F Q954H N969K P1143L	BA.2.86.1	0	0	0	0	0	0
BA.2.86	2	2021-09-19	T19I R21T S50L V127F G142D F157S R158G V213G L216F H245N A264D I332V G339H K356T S371F S373P S375F T376A R403K D405N R408S K417N N440K V445H G446S N450D L452W N460K S477N T478K N481K E484K F486P Q498R N501Y Y505H E554K A570V D614G P621S H655Y N679K P681R N764K D796Y S939F Q954H N969K P1143L	BA.2.86.1	0	0	0	0	0	0
BA.2.86	2	2021-09-26	T19I R21T S50L V127F G142D F157S R158G V213G L216F H245N A264D I332V G339H K356T S371F S373P S375F T376A R403K D405N R408S K417N N440K V445H G446S N450D L452W N460K S477N T478K N481K E484K F486P Q498R N501Y Y505H E554K A570V D614G P621S H655Y N679K P681R N764K D796Y S939F Q954H N969K P1143L	BA.2.86.1	0	0	0	0	0	0
BA.2.86	2	2021-10-03	T19I R21T S50L V127F G142D F157S R158G V213G L216F H245N A264D I332V G339H K356T S371F S373P S375F T376A R403K D405N R408S K417N N440K V445H G446S N450D L452W N460K S477N T478K N481K E484K F486P Q498R N501Y Y505H E554K A570V D614G P621S H655Y N679K P681R N764K D796Y S939F Q954H N969K P1143L	BA.2.86.1	0	0	0	0	0	0
BA.2.86	2	2021-10-10	T19I R21T S50L V127F G142D F157S R158G V213G L216F H245N A264D I332V G339H K356T S371F S373P S375F T376A R403K D405N R408S K417N N440K V445H G446S N450D L452W N460K S477N T478K N481K E484K F486P Q498R N501Y Y505H E554K A570V D614G P621S H655Y N679K P681R N764K D796Y S939F Q954H N969K P1143L	BA.2.86.1	0	0	0	0	0	1
BA.2.86	2	2021-10-17	T19I R21T S50L V127F G142D F157S R158G V213G L216F H245N A264D I332V G339H K356T S371F S373P S375F T376A R403K D405N R408S K417N N440K V445H G446S N450D L452W N460K S477N T478K N481K E484K F486P Q498R N501Y Y505H E554K A570V D614G P621S H655Y N679K P681R N764K D796Y S939F Q954H N969K P1143L	BA.2.86.1	0	0	0	0	0	0
BA.2.86	2	2021-10-24	T19I R21T S50L V127F G142D F157S R158G V213G L216F H245N A264D I332V G339H K356T S371F S373P S375F T376A R403K D405N R408S K417N N440K V445H G446S N450D L452W N460K S477N T478K N481K E484K F486P Q498R N501Y Y505H E554K A570V D614G P621S H655Y N679K P681R N764K D796Y S939F Q954H N969K P1143L	BA.2.86.1	0	0	0	0	0	0
BA.2.86	2	2021-10-31	T19I R21T S50L V127F G142D F157S R158G V213G L216F H245N A264D I332V G339H K356T S371F S373P S375F T376A R403K D405N R408S K417N N440K V445H G446S N450D L452W N460K S477N T478K N481K E484K F486P Q498R N501Y Y505H E554K A570V D614G P621S H655Y N679K P681R N764K D796Y S939F Q954H N969K P1143L	BA.2.86.1	0	0	0	0	0	0
BA.2.86	2	2021-11-07	T19I R21T S50L V127F G142D F157S R158G V213G L216F H245N A264D I332V G339H K356T S371F S373P S375F T376A R403K D405N R408S K417N N440K V445H G446S N450D L452W N460K S477N T478K N481K E484K F486P Q498R N501Y Y505H E554K A570V D614G P621S H655Y N679K P681R N764K D796Y S939F Q954H N969K P1143L	BA.2.86.1	0	0	0	0	0	0
BA.2.86	2	2021-11-14	T19I R21T S50L V127F G142D F157S R158G V213G L216F H245N A264D I332V G339H K356T S371F S373P S375F T376A R403K D405N R408S K417N N440K V445H G446S N450D L452W N460K S477N T478K N481K E484K F486P Q498R N501Y Y505H E554K A570V D614G P621S H655Y N679K P681R N764K D796Y S939F Q954H N969K P1143L	BA.2.86.1	0	0	0	0	0	0
BA.2.86	2	2021-11-21	T19I R21T S50L V127F G142D F157S R158G V213G L216F H245N A264D I332V G339H K356T S371F S373P S375F T376A R403K D405N R408S K417N N440K V445H G446S N450D L452W N460K S477N T478K N481K E484K F486P Q498R N501Y Y505H E554K A570V D614G P621S H655Y N679K P681R N764K D796Y S939F Q954H N969K P1143L	BA.2.86.1	0	0	74.6855943597311	0	2	0
BA.2.86	2	2021-11-28	T19I R21T S50L V127F G142D F157S R158G V213G L216F H245N A264D I332V G339H K356T S371F S373P S375F T376A R403K D405N R408S K417N N440K V445H G446S N450D L452W N460K S477N T478K N481K E484K F486P Q498R N501Y Y505H E554K A570V D614G P621S H655Y N679K P681R N764K D796Y S939F Q954H N969K P1143L	BA.2.86.1	0	0	0	0	0	1
BA.2.86	2	2021-12-05	T19I R21T S50L V127F G142D F157S R158G V213G L216F H245N A264D I332V G339H K356T S371F S373P S375F T376A R403K D405N R408S K417N N440K V445H G446S N450D L452W N460K S477N T478K N481K E484K F486P Q498R N501Y Y505H E554K A570V D614G P621S H655Y N679K P681R N764K D796Y S939F Q954H N969K P1143L	BA.2.86.1	0	0	0	0	0	0
BA.2.86	2	2021-12-12	T19I R21T S50L V127F G142D F157S R158G V213G L216F H245N A264D I332V G339H K356T S371F S373P S375F T376A R403K D405N R408S K417N N440K V445H G446S N450D L452W N460K S477N T478K N481K E484K F486P Q498R N501Y Y505H E554K A570V D614G P621S H655Y N679K P681R N764K D796Y S939F Q954H N969K P1143L	BA.2.86.1	0	0	0	0	0	0
BA.2.86	2	2021-12-19	T19I R21T S50L V127F G142D F157S R158G V213G L216F H245N A264D I332V G339H K356T S371F S373P S375F T376A R403K D405N R408S K417N N440K V445H G446S N450D L452W N460K S477N T478K N481K E484K F486P Q498R N501Y Y505H E554K A570V D614G P621S H655Y N679K P681R N764K D796Y S939F Q954H N969K P1143L	BA.2.86.1	0	0	0	0	0	0
BA.2.86	2	2021-12-26	T19I R21T S50L V127F G142D F157S R158G V213G L216F H245N A264D I332V G339H K356T S371F S373P S375F T376A R403K D405N R408S K417N N440K V445H G446S N450D L452W N460K S477N T478K N481K E484K F486P Q498R N501Y Y505H E554K A570V D614G P621S H655Y N679K P681R N764K D796Y S939F Q954H N969K P1143L	BA.2.86.1	0	0	0	0	0	0
BA.2.86	2	2022-01-02	T19I R21T S50L V127F G142D F157S R158G V213G L216F H245N A264D I332V G339H K356T S371F S373P S375F T376A R403K D405N R408S K417N N440K V445H G446S N450D L452W N460K S477N T478K N481K E484K F486P Q498R N501Y Y505H E554K A570V D614G P621S H655Y N679K P681R N764K D796Y S939F Q954H N969K P1143L	BA.2.86.1	0	0	0	0	0	0
BA.2.86	2	2022-01-09	T19I R21T S50L V127F G142D F157S R158G V213G L216F H245N A264D I332V G339H K356T S371F S373P S375F T376A R403K D405N R408S K417N N440K V445H G446S N450D L452W N460K S477N T478K N481K E484K F486P Q498R N501Y Y505H E554K A570V D614G P621S H655Y N679K P681R N764K D796Y S939F Q954H N969K P1143L	BA.2.86.1	0	0	0	0	0	2
BA.2.86	2	2022-01-16	T19I R21T S50L V127F G142D F157S R158G V213G L216F H245N A264D I332V G339H K356T S371F S373P S375F T376A R403K D405N R408S K417N N440K V445H G446S N450D L452W N460K S477N T478K N481K E484K F486P Q498R N501Y Y505H E554K A570V D614G P621S H655Y N679K P681R N764K D796Y S939F Q954H N969K P1143L	BA.2.86.1	0	0	0	0	0	2
BA.2.86	2	2022-01-23	T19I R21T S50L V127F G142D F157S R158G V213G L216F H245N A264D I332V G339H K356T S371F S373P S375F T376A R403K D405N R408S K417N N440K V445H G446S N450D L452W N460K S477N T478K N481K E484K F486P Q498R N501Y Y505H E554K A570V D614G P621S H655Y N679K P681R N764K D796Y S939F Q954H N969K P1143L	BA.2.86.1	0	0	0	0	0	0
BA.2.86	2	2022-01-30	T19I R21T S50L V127F G142D F157S R158G V213G L216F H245N A264D I332V G339H K356T S371F S373P S375F T376A R403K D405N R408S K417N N440K V445H G446S N450D L452W N460K S477N T478K N481K E484K F486P Q498R N501Y Y505H E554K A570V D614G P621S H655Y N679K P681R N764K D796Y S939F Q954H N969K P1143L	BA.2.86.1	0	0	0	0	0	1
BA.2.86	2	2022-02-06	T19I R21T S50L V127F G142D F157S R158G V213G L216F H245N A264D I332V G339H K356T S371F S373P S375F T376A R403K D405N R408S K417N N440K V445H G446S N450D L452W N460K S477N T478K N481K E484K F486P Q498R N501Y Y505H E554K A570V D614G P621S H655Y N679K P681R N764K D796Y S939F Q954H N969K P1143L	BA.2.86.1	0	0	0	0	0	1
BA.2.86	2	2022-02-13	T19I R21T S50L V127F G142D F157S R158G V213G L216F H245N A264D I332V G339H K356T S371F S373P S375F T376A R403K D405N R408S K417N N440K V445H G446S N450D L452W N460K S477N T478K N481K E484K F486P Q498R N501Y Y505H E554K A570V D614G P621S H655Y N679K P681R N764K D796Y S939F Q954H N969K P1143L	BA.2.86.1	0	0	159.25058978663	0	1	0
BA.2.86	2	2022-02-20	T19I R21T S50L V127F G142D F157S R158G V213G L216F H245N A264D I332V G339H K356T S371F S373P S375F T376A R403K D405N R408S K417N N440K V445H G446S N450D L452W N460K S477N T478K N481K E484K F486P Q498R N501Y Y505H E554K A570V D614G P621S H655Y N679K P681R N764K D796Y S939F Q954H N969K P1143L	BA.2.86.1	0	0	0	0	0	3
BA.2.86	2	2022-02-27	T19I R21T S50L V127F G142D F157S R158G V213G L216F H245N A264D I332V G339H K356T S371F S373P S375F T376A R403K D405N R408S K417N N440K V445H G446S N450D L452W N460K S477N T478K N481K E484K F486P Q498R N501Y Y505H E554K A570V D614G P621S H655Y N679K P681R N764K D796Y S939F Q954H N969K P1143L	BA.2.86.1	0	0	0	0	0	3
BA.2.86	2	2022-03-06	T19I R21T S50L V127F G142D F157S R158G V213G L216F H245N A264D I332V G339H K356T S371F S373P S375F T376A R403K D405N R408S K417N N440K V445H G446S N450D L452W N460K S477N T478K N481K E484K F486P Q498R N501Y Y505H E554K A570V D614G P621S H655Y N679K P681R N764K D796Y S939F Q954H N969K P1143L	BA.2.86.1	0	0	0	0	0	0
BA.2.86	2	2022-03-13	T19I R21T S50L V127F G142D F157S R158G V213G L216F H245N A264D I332V G339H K356T S371F S373P S375F T376A R403K D405N R408S K417N N440K V445H G446S N450D L452W N460K S477N T478K N481K E484K F486P Q498R N501Y Y505H E554K A570V D614G P621S H655Y N679K P681R N764K D796Y S939F Q954H N969K P1143L	BA.2.86.1	0	0	0	0	0	1
BA.2.86	2	2022-03-20	T19I R21T S50L V127F G142D F157S R158G V213G L216F H245N A264D I332V G339H K356T S371F S373P S375F T376A R403K D405N R408S K417N N440K V445H G446S N450D L452W N460K S477N T478K N481K E484K F486P Q498R N501Y Y505H E554K A570V D614G P621S H655Y N679K P681R N764K D796Y S939F Q954H N969K P1143L	BA.2.86.1	0	0	0	0	0	0
BA.2.86	2	2022-03-27	T19I R21T S50L V127F G142D F157S R158G V213G L216F H245N A264D I332V G339H K356T S371F S373P S375F T376A R403K D405N R408S K417N N440K V445H G446S N450D L452W N460K S477N T478K N481K E484K F486P Q498R N501Y Y505H E554K A570V D614G P621S H655Y N679K P681R N764K D796Y S939F Q954H N969K P1143L	BA.2.86.1	0	0	247.248206447305	0	2	11
BA.2.86	2	2022-04-03	T19I R21T S50L V127F G142D F157S R158G V213G L216F H245N A264D I332V G339H K356T S371F S373P S375F T376A R403K D405N R408S K417N N440K V445H G446S N450D L452W N460K S477N T478K N481K E484K F486P Q498R N501Y Y505H E554K A570V D614G P621S H655Y N679K P681R N764K D796Y S939F Q954H N969K P1143L	BA.2.86.1	0	0	0	0	0	5
BA.2.86	2	2022-04-10	T19I R21T S50L V127F G142D F157S R158G V213G L216F H245N A264D I332V G339H K356T S371F S373P S375F T376A R403K D405N R408S K417N N440K V445H G446S N450D L452W N460K S477N T478K N481K E484K F486P Q498R N501Y Y505H E554K A570V D614G P621S H655Y N679K P681R N764K D796Y S939F Q954H N969K P1143L	BA.2.86.1	0	0	0	0	0	0
BA.2.86	2	2022-04-17	T19I R21T S50L V127F G142D F157S R158G V213G L216F H245N A264D I332V G339H K356T S371F S373P S375F T376A R403K D405N R408S K417N N440K V445H G446S N450D L452W N460K S477N T478K N481K E484K F486P Q498R N501Y Y505H E554K A570V D614G P621S H655Y N679K P681R N764K D796Y S939F Q954H N969K P1143L	BA.2.86.1	0	0	97.6234720735189	0	1	2
BA.2.86	2	2022-04-24	T19I R21T S50L V127F G142D F157S R158G V213G L216F H245N A264D I332V G339H K356T S371F S373P S375F T376A R403K D405N R408S K417N N440K V445H G446S N450D L452W N460K S477N T478K N481K E484K F486P Q498R N501Y Y505H E554K A570V D614G P621S H655Y N679K P681R N764K D796Y S939F Q954H N969K P1143L	BA.2.86.1	0	0	0	0	0	0
BA.2.86	2	2022-05-01	T19I R21T S50L V127F G142D F157S R158G V213G L216F H245N A264D I332V G339H K356T S371F S373P S375F T376A R403K D405N R408S K417N N440K V445H G446S N450D L452W N460K S477N T478K N481K E484K F486P Q498R N501Y Y505H E554K A570V D614G P621S H655Y N679K P681R N764K D796Y S939F Q954H N969K P1143L	BA.2.86.1	0	0	0	0	0	0
BA.2.86	2	2022-05-08	T19I R21T S50L V127F G142D F157S R158G V213G L216F H245N A264D I332V G339H K356T S371F S373P S375F T376A R403K D405N R408S K417N N440K V445H G446S N450D L452W N460K S477N T478K N481K E484K F486P Q498R N501Y Y505H E554K A570V D614G P621S H655Y N679K P681R N764K D796Y S939F Q954H N969K P1143L	BA.2.86.1	0	0	0	0	0	0
BA.2.86	2	2022-05-15	T19I R21T S50L V127F G142D F157S R158G V213G L216F H245N A264D I332V G339H K356T S371F S373P S375F T376A R403K D405N R408S K417N N440K V445H G446S N450D L452W N460K S477N T478K N481K E484K F486P Q498R N501Y Y505H E554K A570V D614G P621S H655Y N679K P681R N764K D796Y S939F Q954H N969K P1143L	BA.2.86.1	0	0	0	0	0	4
BA.2.86	2	2022-05-22	T19I R21T S50L V127F G142D F157S R158G V213G L216F H245N A264D I332V G339H K356T S371F S373P S375F T376A R403K D405N R408S K417N N440K V445H G446S N450D L452W N460K S477N T478K N481K E484K F486P Q498R N501Y Y505H E554K A570V D614G P621S H655Y N679K P681R N764K D796Y S939F Q954H N969K P1143L	BA.2.86.1	0	0	63.4535934481755	0	1	2
BA.2.86	2	2022-05-29	T19I R21T S50L V127F G142D F157S R158G V213G L216F H245N A264D I332V G339H K356T S371F S373P S375F T376A R403K D405N R408S K417N N440K V445H G446S N450D L452W N460K S477N T478K N481K E484K F486P Q498R N501Y Y505H E554K A570V D614G P621S H655Y N679K P681R N764K D796Y S939F Q954H N969K P1143L	BA.2.86.1	0	0	0	0	0	0
BA.2.86	2	2022-06-05	T19I R21T S50L V127F G142D F157S R158G V213G L216F H245N A264D I332V G339H K356T S371F S373P S375F T376A R403K D405N R408S K417N N440K V445H G446S N450D L452W N460K S477N T478K N481K E484K F486P Q498R N501Y Y505H E554K A570V D614G P621S H655Y N679K P681R N764K D796Y S939F Q954H N969K P1143L	BA.2.86.1	0	0	0	0	0	1
BA.2.86	2	2022-06-12	T19I R21T S50L V127F G142D F157S R158G V213G L216F H245N A264D I332V G339H K356T S371F S373P S375F T376A R403K D405N R408S K417N N440K V445H G446S N450D L452W N460K S477N T478K N481K E484K F486P Q498R N501Y Y505H E554K A570V D614G P621S H655Y N679K P681R N764K D796Y S939F Q954H N969K P1143L	BA.2.86.1	0	0	0	0	0	0
BA.2.86	2	2022-06-19	T19I R21T S50L V127F G142D F157S R158G V213G L216F H245N A264D I332V G339H K356T S371F S373P S375F T376A R403K D405N R408S K417N N440K V445H G446S N450D L452W N460K S477N T478K N481K E484K F486P Q498R N501Y Y505H E554K A570V D614G P621S H655Y N679K P681R N764K D796Y S939F Q954H N969K P1143L	BA.2.86.1	0	0	0	0	0	2
BA.2.86	2	2022-06-26	T19I R21T S50L V127F G142D F157S R158G V213G L216F H245N A264D I332V G339H K356T S371F S373P S375F T376A R403K D405N R408S K417N N440K V445H G446S N450D L452W N460K S477N T478K N481K E484K F486P Q498R N501Y Y505H E554K A570V D614G P621S H655Y N679K P681R N764K D796Y S939F Q954H N969K P1143L	BA.2.86.1	0	0	75.0279226847416	0	1	0
BA.2.86	2	2022-07-03	T19I R21T S50L V127F G142D F157S R158G V213G L216F H245N A264D I332V G339H K356T S371F S373P S375F T376A R403K D405N R408S K417N N440K V445H G446S N450D L452W N460K S477N T478K N481K E484K F486P Q498R N501Y Y505H E554K A570V D614G P621S H655Y N679K P681R N764K D796Y S939F Q954H N969K P1143L	BA.2.86.1	0	0	0	0	0	1
BA.2.86	2	2022-07-10	T19I R21T S50L V127F G142D F157S R158G V213G L216F H245N A264D I332V G339H K356T S371F S373P S375F T376A R403K D405N R408S K417N N440K V445H G446S N450D L452W N460K S477N T478K N481K E484K F486P Q498R N501Y Y505H E554K A570V D614G P621S H655Y N679K P681R N764K D796Y S939F Q954H N969K P1143L	BA.2.86.1	0	0	0	0	0	0
BA.2.86	2	2022-07-17	T19I R21T S50L V127F G142D F157S R158G V213G L216F H245N A264D I332V G339H K356T S371F S373P S375F T376A R403K D405N R408S K417N N440K V445H G446S N450D L452W N460K S477N T478K N481K E484K F486P Q498R N501Y Y505H E554K A570V D614G P621S H655Y N679K P681R N764K D796Y S939F Q954H N969K P1143L	BA.2.86.1	0	0	90.6713889154781	0	1	0
BA.2.86	2	2022-07-24	T19I R21T S50L V127F G142D F157S R158G V213G L216F H245N A264D I332V G339H K356T S371F S373P S375F T376A R403K D405N R408S K417N N440K V445H G446S N450D L452W N460K S477N T478K N481K E484K F486P Q498R N501Y Y505H E554K A570V D614G P621S H655Y N679K P681R N764K D796Y S939F Q954H N969K P1143L	BA.2.86.1	0	0	0	0	0	1
BA.2.86	2	2022-07-31	T19I R21T S50L V127F G142D F157S R158G V213G L216F H245N A264D I332V G339H K356T S371F S373P S375F T376A R403K D405N R408S K417N N440K V445H G446S N450D L452W N460K S477N T478K N481K E484K F486P Q498R N501Y Y505H E554K A570V D614G P621S H655Y N679K P681R N764K D796Y S939F Q954H N969K P1143L	BA.2.86.1	0	0	0	0	0	2
BA.2.86	2	2022-08-07	T19I R21T S50L V127F G142D F157S R158G V213G L216F H245N A264D I332V G339H K356T S371F S373P S375F T376A R403K D405N R408S K417N N440K V445H G446S N450D L452W N460K S477N T478K N481K E484K F486P Q498R N501Y Y505H E554K A570V D614G P621S H655Y N679K P681R N764K D796Y S939F Q954H N969K P1143L	BA.2.86.1	0	0	0	0	0	4
BA.2.86	2	2022-08-14	T19I R21T S50L V127F G142D F157S R158G V213G L216F H245N A264D I332V G339H K356T S371F S373P S375F T376A R403K D405N R408S K417N N440K V445H G446S N450D L452W N460K S477N T478K N481K E484K F486P Q498R N501Y Y505H E554K A570V D614G P621S H655Y N679K P681R N764K D796Y S939F Q954H N969K P1143L	BA.2.86.1	0	0	0	0	0	3
BA.2.86	2	2022-08-21	T19I R21T S50L V127F G142D F157S R158G V213G L216F H245N A264D I332V G339H K356T S371F S373P S375F T376A R403K D405N R408S K417N N440K V445H G446S N450D L452W N460K S477N T478K N481K E484K F486P Q498R N501Y Y505H E554K A570V D614G P621S H655Y N679K P681R N764K D796Y S939F Q954H N969K P1143L	BA.2.86.1	0	0	0	0	0	1
BA.2.86	2	2022-08-28	T19I R21T S50L V127F G142D F157S R158G V213G L216F H245N A264D I332V G339H K356T S371F S373P S375F T376A R403K D405N R408S K417N N440K V445H G446S N450D L452W N460K S477N T478K N481K E484K F486P Q498R N501Y Y505H E554K A570V D614G P621S H655Y N679K P681R N764K D796Y S939F Q954H N969K P1143L	BA.2.86.1	0	0	0	0	0	6
BA.2.86	2	2022-09-04	T19I R21T S50L V127F G142D F157S R158G V213G L216F H245N A264D I332V G339H K356T S371F S373P S375F T376A R403K D405N R408S K417N N440K V445H G446S N450D L452W N460K S477N T478K N481K E484K F486P Q498R N501Y Y505H E554K A570V D614G P621S H655Y N679K P681R N764K D796Y S939F Q954H N969K P1143L	BA.2.86.1	0	0	0	0	0	5
BA.2.86	2	2022-09-11	T19I R21T S50L V127F G142D F157S R158G V213G L216F H245N A264D I332V G339H K356T S371F S373P S375F T376A R403K D405N R408S K417N N440K V445H G446S N450D L452W N460K S477N T478K N481K E484K F486P Q498R N501Y Y505H E554K A570V D614G P621S H655Y N679K P681R N764K D796Y S939F Q954H N969K P1143L	BA.2.86.1	0	0	0	0	0	15
BA.2.86	2	2022-09-18	T19I R21T S50L V127F G142D F157S R158G V213G L216F H245N A264D I332V G339H K356T S371F S373P S375F T376A R403K D405N R408S K417N N440K V445H G446S N450D L452W N460K S477N T478K N481K E484K F486P Q498R N501Y Y505H E554K A570V D614G P621S H655Y N679K P681R N764K D796Y S939F Q954H N969K P1143L	BA.2.86.1	0	0	0	0	0	39
BA.2.86	2	2022-09-25	T19I R21T S50L V127F G142D F157S R158G V213G L216F H245N A264D I332V G339H K356T S371F S373P S375F T376A R403K D405N R408S K417N N440K V445H G446S N450D L452W N460K S477N T478K N481K E484K F486P Q498R N501Y Y505H E554K A570V D614G P621S H655Y N679K P681R N764K D796Y S939F Q954H N969K P1143L	BA.2.86.1	0	0	0	0	0	111
BA.2.86	2	2022-10-02	T19I R21T S50L V127F G142D F157S R158G V213G L216F H245N A264D I332V G339H K356T S371F S373P S375F T376A R403K D405N R408S K417N N440K V445H G446S N450D L452W N460K S477N T478K N481K E484K F486P Q498R N501Y Y505H E554K A570V D614G P621S H655Y N679K P681R N764K D796Y S939F Q954H N969K P1143L	BA.2.86.1	0	0	0	0	0	286
BA.2.86	2	2022-10-09	T19I R21T S50L V127F G142D F157S R158G V213G L216F H245N A264D I332V G339H K356T S371F S373P S375F T376A R403K D405N R408S K417N N440K V445H G446S N450D L452W N460K S477N T478K N481K E484K F486P Q498R N501Y Y505H E554K A570V D614G P621S H655Y N679K P681R N764K D796Y S939F Q954H N969K P1143L	BA.2.86.1	0	0	0	0	0	477
BA.2.86	2	2022-10-16	T19I R21T S50L V127F G142D F157S R158G V213G L216F H245N A264D I332V G339H K356T S371F S373P S375F T376A R403K D405N R408S K417N N440K V445H G446S N450D L452W N460K S477N T478K N481K E484K F486P Q498R N501Y Y505H E554K A570V D614G P621S H655Y N679K P681R N764K D796Y S939F Q954H N969K P1143L	BA.2.86.1	0	0	0	0	0	490
BA.2.86	2	2022-10-23	T19I R21T S50L V127F G142D F157S R158G V213G L216F H245N A264D I332V G339H K356T S371F S373P S375F T376A R403K D405N R408S K417N N440K V445H G446S N450D L452W N460K S477N T478K N481K E484K F486P Q498R N501Y Y505H E554K A570V D614G P621S H655Y N679K P681R N764K D796Y S939F Q954H N969K P1143L	BA.2.86.1	0	0	0	0	0	508
BA.2.86	2	2022-10-30	T19I R21T S50L V127F G142D F157S R158G V213G L216F H245N A264D I332V G339H K356T S371F S373P S375F T376A R403K D405N R408S K417N N440K V445H G446S N450D L452W N460K S477N T478K N481K E484K F486P Q498R N501Y Y505H E554K A570V D614G P621S H655Y N679K P681R N764K D796Y S939F Q954H N969K P1143L	BA.2.86.1	0	0	0	0	0	489
BA.2.86	2	2022-11-06	T19I R21T S50L V127F G142D F157S R158G V213G L216F H245N A264D I332V G339H K356T S371F S373P S375F T376A R403K D405N R408S K417N N440K V445H G446S N450D L452W N460K S477N T478K N481K E484K F486P Q498R N501Y Y505H E554K A570V D614G P621S H655Y N679K P681R N764K D796Y S939F Q954H N969K P1143L	BA.2.86.1	0	0	0	0	0	717
BA.2.86	2	2022-11-13	T19I R21T S50L V127F G142D F157S R158G V213G L216F H245N A264D I332V G339H K356T S371F S373P S375F T376A R403K D405N R408S K417N N440K V445H G446S N450D L452W N460K S477N T478K N481K E484K F486P Q498R N501Y Y505H E554K A570V D614G P621S H655Y N679K P681R N764K D796Y S939F Q954H N969K P1143L	BA.2.86.1	0	0	0	0	0	984
BA.2.86	2	2022-11-20	T19I R21T S50L V127F G142D F157S R158G V213G L216F H245N A264D I332V G339H K356T S371F S373P S375F T376A R403K D405N R408S K417N N440K V445H G446S N450D L452W N460K S477N T478K N481K E484K F486P Q498R N501Y Y505H E554K A570V D614G P621S H655Y N679K P681R N764K D796Y S939F Q954H N969K P1143L	BA.2.86.1	0	0	0	0	0	1080
BA.2.86	2	2022-11-27	T19I R21T S50L V127F G142D F157S R158G V213G L216F H245N A264D I332V G339H K356T S371F S373P S375F T376A R403K D405N R408S K417N N440K V445H G446S N450D L452W N460K S477N T478K N481K E484K F486P Q498R N501Y Y505H E554K A570V D614G P621S H655Y N679K P681R N764K D796Y S939F Q954H N969K P1143L	BA.2.86.1	0	0	0	0	0	1381
BA.2.86	2	2022-12-04	T19I R21T S50L V127F G142D F157S R158G V213G L216F H245N A264D I332V G339H K356T S371F S373P S375F T376A R403K D405N R408S K417N N440K V445H G446S N450D L452W N460K S477N T478K N481K E484K F486P Q498R N501Y Y505H E554K A570V D614G P621S H655Y N679K P681R N764K D796Y S939F Q954H N969K P1143L	BA.2.86.1	0	0	0	0	0	2225
BA.2.86	2	2022-12-11	T19I R21T S50L V127F G142D F157S R158G V213G L216F H245N A264D I332V G339H K356T S371F S373P S375F T376A R403K D405N R408S K417N N440K V445H G446S N450D L452W N460K S477N T478K N481K E484K F486P Q498R N501Y Y505H E554K A570V D614G P621S H655Y N679K P681R N764K D796Y S939F Q954H N969K P1143L	BA.2.86.1	0	0	0	0	0	2585
BA.2.86	2	2022-12-18	T19I R21T S50L V127F G142D F157S R158G V213G L216F H245N A264D I332V G339H K356T S371F S373P S375F T376A R403K D405N R408S K417N N440K V445H G446S N450D L452W N460K S477N T478K N481K E484K F486P Q498R N501Y Y505H E554K A570V D614G P621S H655Y N679K P681R N764K D796Y S939F Q954H N969K P1143L	BA.2.86.1	0	0	0	0	0	2721
BA.2.86	2	2022-12-25	T19I R21T S50L V127F G142D F157S R158G V213G L216F H245N A264D I332V G339H K356T S371F S373P S375F T376A R403K D405N R408S K417N N440K V445H G446S N450D L452W N460K S477N T478K N481K E484K F486P Q498R N501Y Y505H E554K A570V D614G P621S H655Y N679K P681R N764K D796Y S939F Q954H N969K P1143L	BA.2.86.1	0	0	0	0	0	2680
BA.2.86	2	2023-01-01	T19I R21T S50L V127F G142D F157S R158G V213G L216F H245N A264D I332V G339H K356T S371F S373P S375F T376A R403K D405N R408S K417N N440K V445H G446S N450D L452W N460K S477N T478K N481K E484K F486P Q498R N501Y Y505H E554K A570V D614G P621S H655Y N679K P681R N764K D796Y S939F Q954H N969K P1143L	BA.2.86.1	0	0	0	0	0	2995
BA.2.86	2	2023-01-08	T19I R21T S50L V127F G142D F157S R158G V213G L216F H245N A264D I332V G339H K356T S371F S373P S375F T376A R403K D405N R408S K417N N440K V445H G446S N450D L452W N460K S477N T478K N481K E484K F486P Q498R N501Y Y505H E554K A570V D614G P621S H655Y N679K P681R N764K D796Y S939F Q954H N969K P1143L	BA.2.86.1	0	0	896.594362822372	0	10	3787
BA.2.86	2	2023-01-15	T19I R21T S50L V127F G142D F157S R158G V213G L216F H245N A264D I332V G339H K356T S371F S373P S375F T376A R403K D405N R408S K417N N440K V445H G446S N450D L452W N460K S477N T478K N481K E484K F486P Q498R N501Y Y505H E554K A570V D614G P621S H655Y N679K P681R N764K D796Y S939F Q954H N969K P1143L	BA.2.86.1	0	0	97.685584486032	0	1	4376
BA.2.86	2	2023-01-22	T19I R21T S50L V127F G142D F157S R158G V213G L216F H245N A264D I332V G339H K356T S371F S373P S375F T376A R403K D405N R408S K417N N440K V445H G446S N450D L452W N460K S477N T478K N481K E484K F486P Q498R N501Y Y505H E554K A570V D614G P621S H655Y N679K P681R N764K D796Y S939F Q954H N969K P1143L	BA.2.86.1	0	0	0	0	0	5139
BA.2.86	2	2023-01-29	T19I R21T S50L V127F G142D F157S R158G V213G L216F H245N A264D I332V G339H K356T S371F S373P S375F T376A R403K D405N R408S K417N N440K V445H G446S N450D L452W N460K S477N T478K N481K E484K F486P Q498R N501Y Y505H E554K A570V D614G P621S H655Y N679K P681R N764K D796Y S939F Q954H N969K P1143L	BA.2.86.1	0	0	0	0	0	6746
BA.2.86	2	2023-02-05	T19I R21T S50L V127F G142D F157S R158G V213G L216F H245N A264D I332V G339H K356T S371F S373P S375F T376A R403K D405N R408S K417N N440K V445H G446S N450D L452W N460K S477N T478K N481K E484K F486P Q498R N501Y Y505H E554K A570V D614G P621S H655Y N679K P681R N764K D796Y S939F Q954H N969K P1143L	BA.2.86.1	0	0	0	0	0	7609
BA.2.86	2	2023-02-12	T19I R21T S50L V127F G142D F157S R158G V213G L216F H245N A264D I332V G339H K356T S371F S373P S375F T376A R403K D405N R408S K417N N440K V445H G446S N450D L452W N460K S477N T478K N481K E484K F486P Q498R N501Y Y505H E554K A570V D614G P621S H655Y N679K P681R N764K D796Y S939F Q954H N969K P1143L	BA.2.86.1	0	0	0	0	0	9181
BA.2.86	2	2023-02-19	T19I R21T S50L V127F G142D F157S R158G V213G L216F H245N A264D I332V G339H K356T S371F S373P S375F T376A R403K D405N R408S K417N N440K V445H G446S N450D L452W N460K S477N T478K N481K E484K F486P Q498R N501Y Y505H E554K A570V D614G P621S H655Y N679K P681R N764K D796Y S939F Q954H N969K P1143L	BA.2.86.1	0	0	0	0	0	9958
BA.2.86	2	2023-02-26	T19I R21T S50L V127F G142D F157S R158G V213G L216F H245N A264D I332V G339H K356T S371F S373P S375F T376A R403K D405N R408S K417N N440K V445H G446S N450D L452W N460K S477N T478K N481K E484K F486P Q498R N501Y Y505H E554K A570V D614G P621S H655Y N679K P681R N764K D796Y S939F Q954H N969K P1143L	BA.2.86.1	0	0	0	0	0	10261
BA.2.86	2	2023-03-05	T19I R21T S50L V127F G142D F157S R158G V213G L216F H245N A264D I332V G339H K356T S371F S373P S375F T376A R403K D405N R408S K417N N440K V445H G446S N450D L452W N460K S477N T478K N481K E484K F486P Q498R N501Y Y505H E554K A570V D614G P621S H655Y N679K P681R N764K D796Y S939F Q954H N969K P1143L	BA.2.86.1	0	0	0	0	0	11123
BA.2.86	2	2023-03-12	T19I R21T S50L V127F G142D F157S R158G V213G L216F H245N A264D I332V G339H K356T S371F S373P S375F T376A R403K D405N R408S K417N N440K V445H G446S N450D L452W N460K S477N T478K N481K E484K F486P Q498R N501Y Y505H E554K A570V D614G P621S H655Y N679K P681R N764K D796Y S939F Q954H N969K P1143L	BA.2.86.1	0	0	0	0	0	10367
BA.2.86	2	2023-03-19	T19I R21T S50L V127F G142D F157S R158G V213G L216F H245N A264D I332V G339H K356T S371F S373P S375F T376A R403K D405N R408S K417N N440K V445H G446S N450D L452W N460K S477N T478K N481K E484K F486P Q498R N501Y Y505H E554K A570V D614G P621S H655Y N679K P681R N764K D796Y S939F Q954H N969K P1143L	BA.2.86.1	0	0	0	0	0	9874
BA.2.86	2	2023-03-26	T19I R21T S50L V127F G142D F157S R158G V213G L216F H245N A264D I332V G339H K356T S371F S373P S375F T376A R403K D405N R408S K417N N440K V445H G446S N450D L452W N460K S477N T478K N481K E484K F486P Q498R N501Y Y505H E554K A570V D614G P621S H655Y N679K P681R N764K D796Y S939F Q954H N969K P1143L	BA.2.86.1	0	0	0	0	0	9443
BA.2.86	2	2023-04-02	T19I R21T S50L V127F G142D F157S R158G V213G L216F H245N A264D I332V G339H K356T S371F S373P S375F T376A R403K D405N R408S K417N N440K V445H G446S N450D L452W N460K S477N T478K N481K E484K F486P Q498R N501Y Y505H E554K A570V D614G P621S H655Y N679K P681R N764K D796Y S939F Q954H N969K P1143L	BA.2.86.1	0	0	0	0	0	9646
BA.2.86	2	2023-04-09	T19I R21T S50L V127F G142D F157S R158G V213G L216F H245N A264D I332V G339H K356T S371F S373P S375F T376A R403K D405N R408S K417N N440K V445H G446S N450D L452W N460K S477N T478K N481K E484K F486P Q498R N501Y Y505H E554K A570V D614G P621S H655Y N679K P681R N764K D796Y S939F Q954H N969K P1143L	BA.2.86.1	0	0	0	0	0	8888
BA.2.86	2	2023-04-16	T19I R21T S50L V127F G142D F157S R158G V213G L216F H245N A264D I332V G339H K356T S371F S373P S375F T376A R403K D405N R408S K417N N440K V445H G446S N450D L452W N460K S477N T478K N481K E484K F486P Q498R N501Y Y505H E554K A570V D614G P621S H655Y N679K P681R N764K D796Y S939F Q954H N969K P1143L	BA.2.86.1	0	0	523.344336867988	0	8	9423
BA.2.86	2	2023-04-23	T19I R21T S50L V127F G142D F157S R158G V213G L216F H245N A264D I332V G339H K356T S371F S373P S375F T376A R403K D405N R408S K417N N440K V445H G446S N450D L452W N460K S477N T478K N481K E484K F486P Q498R N501Y Y505H E554K A570V D614G P621S H655Y N679K P681R N764K D796Y S939F Q954H N969K P1143L	BA.2.86.1	0	0	0	0	0	8907
BA.2.86	2	2023-04-30	T19I R21T S50L V127F G142D F157S R158G V213G L216F H245N A264D I332V G339H K356T S371F S373P S375F T376A R403K D405N R408S K417N N440K V445H G446S N450D L452W N460K S477N T478K N481K E484K F486P Q498R N501Y Y505H E554K A570V D614G P621S H655Y N679K P681R N764K D796Y S939F Q954H N969K P1143L	BA.2.86.1	0	0	0	0	0	9035
BA.2.86	2	2023-05-07	T19I R21T S50L V127F G142D F157S R158G V213G L216F H245N A264D I332V G339H K356T S371F S373P S375F T376A R403K D405N R408S K417N N440K V445H G446S N450D L452W N460K S477N T478K N481K E484K F486P Q498R N501Y Y505H E554K A570V D614G P621S H655Y N679K P681R N764K D796Y S939F Q954H N969K P1143L	BA.2.86.1	0	0	0	0	0	7918
BA.2.86	2	2023-05-14	T19I R21T S50L V127F G142D F157S R158G V213G L216F H245N A264D I332V G339H K356T S371F S373P S375F T376A R403K D405N R408S K417N N440K V445H G446S N450D L452W N460K S477N T478K N481K E484K F486P Q498R N501Y Y505H E554K A570V D614G P621S H655Y N679K P681R N764K D796Y S939F Q954H N969K P1143L	BA.2.86.1	0	0	0	0	0	7366
BA.2.86	2	2023-05-21	T19I R21T S50L V127F G142D F157S R158G V213G L216F H245N A264D I332V G339H K356T S371F S373P S375F T376A R403K D405N R408S K417N N440K V445H G446S N450D L452W N460K S477N T478K N481K E484K F486P Q498R N501Y Y505H E554K A570V D614G P621S H655Y N679K P681R N764K D796Y S939F Q954H N969K P1143L	BA.2.86.1	0	0	0	0	0	6767
BA.2.86	2	2023-05-28	T19I R21T S50L V127F G142D F157S R158G V213G L216F H245N A264D I332V G339H K356T S371F S373P S375F T376A R403K D405N R408S K417N N440K V445H G446S N450D L452W N460K S477N T478K N481K E484K F486P Q498R N501Y Y505H E554K A570V D614G P621S H655Y N679K P681R N764K D796Y S939F Q954H N969K P1143L	BA.2.86.1	0	0	0	0	0	6602
BA.2.86	2	2023-06-04	T19I R21T S50L V127F G142D F157S R158G V213G L216F H245N A264D I332V G339H K356T S371F S373P S375F T376A R403K D405N R408S K417N N440K V445H G446S N450D L452W N460K S477N T478K N481K E484K F486P Q498R N501Y Y505H E554K A570V D614G P621S H655Y N679K P681R N764K D796Y S939F Q954H N969K P1143L	BA.2.86.1	0	0	0	0	0	6006
BA.2.86	2	2023-06-11	T19I R21T S50L V127F G142D F157S R158G V213G L216F H245N A264D I332V G339H K356T S371F S373P S375F T376A R403K D405N R408S K417N N440K V445H G446S N450D L452W N460K S477N T478K N481K E484K F486P Q498R N501Y Y505H E554K A570V D614G P621S H655Y N679K P681R N764K D796Y S939F Q954H N969K P1143L	BA.2.86.1	0	0	0	0	0	5085
BA.2.86	2	2023-06-18	T19I R21T S50L V127F G142D F157S R158G V213G L216F H245N A264D I332V G339H K356T S371F S373P S375F T376A R403K D405N R408S K417N N440K V445H G446S N450D L452W N460K S477N T478K N481K E484K F486P Q498R N501Y Y505H E554K A570V D614G P621S H655Y N679K P681R N764K D796Y S939F Q954H N969K P1143L	BA.2.86.1	0	0	0	0	0	4939
BA.2.86	2	2023-06-25	T19I R21T S50L V127F G142D F157S R158G V213G L216F H245N A264D I332V G339H K356T S371F S373P S375F T376A R403K D405N R408S K417N N440K V445H G446S N450D L452W N460K S477N T478K N481K E484K F486P Q498R N501Y Y505H E554K A570V D614G P621S H655Y N679K P681R N764K D796Y S939F Q954H N969K P1143L	BA.2.86.1	0	0	0	0	0	4738
BA.2.86	2	2023-07-02	T19I R21T S50L V127F G142D F157S R158G V213G L216F H245N A264D I332V G339H K356T S371F S373P S375F T376A R403K D405N R408S K417N N440K V445H G446S N450D L452W N460K S477N T478K N481K E484K F486P Q498R N501Y Y505H E554K A570V D614G P621S H655Y N679K P681R N764K D796Y S939F Q954H N969K P1143L	BA.2.86.1	0	0	0	0	0	4185
BA.2.86	2	2023-07-09	T19I R21T S50L V127F G142D F157S R158G V213G L216F H245N A264D I332V G339H K356T S371F S373P S375F T376A R403K D405N R408S K417N N440K V445H G446S N450D L452W N460K S477N T478K N481K E484K F486P Q498R N501Y Y505H E554K A570V D614G P621S H655Y N679K P681R N764K D796Y S939F Q954H N969K P1143L	BA.2.86.1	0	0	0	0	0	4334
BA.2.86	2	2023-07-16	T19I R21T S50L V127F G142D F157S R158G V213G L216F H245N A264D I332V G339H K356T S371F S373P S375F T376A R403K D405N R408S K417N N440K V445H G446S N450D L452W N460K S477N T478K N481K E484K F486P Q498R N501Y Y505H E554K A570V D614G P621S H655Y N679K P681R N764K D796Y S939F Q954H N969K P1143L	BA.2.86.1	0	0	0	0	0	4784
BA.2.86	2	2023-07-23	T19I R21T S50L V127F G142D F157S R158G V213G L216F H245N A264D I332V G339H K356T S371F S373P S375F T376A R403K D405N R408S K417N N440K V445H G446S N450D L452W N460K S477N T478K N481K E484K F486P Q498R N501Y Y505H E554K A570V D614G P621S H655Y N679K P681R N764K D796Y S939F Q954H N969K P1143L	BA.2.86.1	0	0	0	0	0	4959
BA.2.86	2	2023-07-30	T19I R21T S50L V127F G142D F157S R158G V213G L216F H245N A264D I332V G339H K356T S371F S373P S375F T376A R403K D405N R408S K417N N440K V445H G446S N450D L452W N460K S477N T478K N481K E484K F486P Q498R N501Y Y505H E554K A570V D614G P621S H655Y N679K P681R N764K D796Y S939F Q954H N969K P1143L	BA.2.86.1	0.5	68.8001079622132	137.600215924426	1	1	5971
BA.2.86	2	2023-08-06	T19I R21T S50L V127F G142D F157S R158G V213G L216F H245N A264D I332V G339H K356T S371F S373P S375F T376A R403K D405N R408S K417N N440K V445H G446S N450D L452W N460K S477N T478K N481K E484K F486P Q498R N501Y Y505H E554K A570V D614G P621S H655Y N679K P681R N764K D796Y S939F Q954H N969K P1143L	BA.2.86.1	0	0	0	0	0	6947
BA.2.86	2	2023-08-13	T19I R21T S50L V127F G142D F157S R158G V213G L216F H245N A264D I332V G339H K356T S371F S373P S375F T376A R403K D405N R408S K417N N440K V445H G446S N450D L452W N460K S477N T478K N481K E484K F486P Q498R N501Y Y505H E554K A570V D614G P621S H655Y N679K P681R N764K D796Y S939F Q954H N969K P1143L	BA.2.86.1	0	0	48.3874428345514	0	1	7528
BA.2.86	2	2023-08-20	T19I R21T S50L V127F G142D F157S R158G V213G L216F H245N A264D I332V G339H K356T S371F S373P S375F T376A R403K D405N R408S K417N N440K V445H G446S N450D L452W N460K S477N T478K N481K E484K F486P Q498R N501Y Y505H E554K A570V D614G P621S H655Y N679K P681R N764K D796Y S939F Q954H N969K P1143L	BA.2.86.1	0.5	92.0400510796378	184.080102159276	3	3	8334
BA.2.86	2	2023-08-27	T19I R21T S50L V127F G142D F157S R158G V213G L216F H245N A264D I332V G339H K356T S371F S373P S375F T376A R403K D405N R408S K417N N440K V445H G446S N450D L452W N460K S477N T478K N481K E484K F486P Q498R N501Y Y505H E554K A570V D614G P621S H655Y N679K P681R N764K D796Y S939F Q954H N969K P1143L	BA.2.86.1	0.65	825.672205868389	1270.26493210521	26	14	10180
BA.2.86	2	2023-09-03	T19I R21T S50L V127F G142D F157S R158G V213G L216F H245N A264D I332V G339H K356T S371F S373P S375F T376A R403K D405N R408S K417N N440K V445H G446S N450D L452W N460K S477N T478K N481K E484K F486P Q498R N501Y Y505H E554K A570V D614G P621S H655Y N679K P681R N764K D796Y S939F Q954H N969K P1143L	BA.2.86.1	0.642857142857143	267.996006686478	416.882677067855	9	5	10370
BA.2.86	2	2023-09-10	T19I R21T S50L V127F G142D F157S R158G V213G L216F H245N A264D I332V G339H K356T S371F S373P S375F T376A R403K D405N R408S K417N N440K V445H G446S N450D L452W N460K S477N T478K N481K E484K F486P Q498R N501Y Y505H E554K A570V D614G P621S H655Y N679K P681R N764K D796Y S939F Q954H N969K P1143L	BA.2.86.1	0.692307692307692	558.731788645691	807.057028043776	27	12	11302
BA.2.86	2	2023-09-17	T19I R21T S50L V127F G142D F157S R158G V213G L216F H245N A264D I332V G339H K356T S371F S373P S375F T376A R403K D405N R408S K417N N440K V445H G446S N450D L452W N460K S477N T478K N481K E484K F486P Q498R N501Y Y505H E554K A570V D614G P621S H655Y N679K P681R N764K D796Y S939F Q954H N969K P1143L	BA.2.86.1	0.794117647058823	406.447058823529	511.822222222222	27	7	11084
BA.2.86	2	2023-09-24	T19I R21T S50L V127F G142D F157S R158G V213G L216F H245N A264D I332V G339H K356T S371F S373P S375F T376A R403K D405N R408S K417N N440K V445H G446S N450D L452W N460K S477N T478K N481K E484K F486P Q498R N501Y Y505H E554K A570V D614G P621S H655Y N679K P681R N764K D796Y S939F Q954H N969K P1143L	BA.2.86.1	0.682926829268293	671.676660004441	983.526537863646	56	26	11585
BA.2.86	2	2023-10-01	T19I R21T S50L V127F G142D F157S R158G V213G L216F H245N A264D I332V G339H K356T S371F S373P S375F T376A R403K D405N R408S K417N N440K V445H G446S N450D L452W N460K S477N T478K N481K E484K F486P Q498R N501Y Y505H E554K A570V D614G P621S H655Y N679K P681R N764K D796Y S939F Q954H N969K P1143L	BA.2.86.1	0.602040816326531	864.419461620136	1435.81537692836	59	39	10209
BA.2.86	2	2023-10-08	T19I R21T S50L V127F G142D F157S R158G V213G L216F H245N A264D I332V G339H K356T S371F S373P S375F T376A R403K D405N R408S K417N N440K V445H G446S N450D L452W N460K S477N T478K N481K E484K F486P Q498R N501Y Y505H E554K A570V D614G P621S H655Y N679K P681R N764K D796Y S939F Q954H N969K P1143L	BA.2.86.1	0.554140127388535	1342.41771905965	2422.52392979729	87	70	9745
BA.2.86	2	2023-10-15	T19I R21T S50L V127F G142D F157S R158G V213G L216F H245N A264D I332V G339H K356T S371F S373P S375F T376A R403K D405N R408S K417N N440K V445H G446S N450D L452W N460K S477N T478K N481K E484K F486P Q498R N501Y Y505H E554K A570V D614G P621S H655Y N679K P681R N764K D796Y S939F Q954H N969K P1143L	BA.2.86.1	0.471794871794872	1513.54242456858	3208.05187816166	92	103	8702
BA.2.86	2	2023-10-22	T19I R21T S50L V127F G142D F157S R158G V213G L216F H245N A264D I332V G339H K356T S371F S373P S375F T376A R403K D405N R408S K417N N440K V445H G446S N450D L452W N460K S477N T478K N481K E484K F486P Q498R N501Y Y505H E554K A570V D614G P621S H655Y N679K P681R N764K D796Y S939F Q954H N969K P1143L	BA.2.86.1	0.318897637795276	1318.94042121861	4135.93662950032	81	173	8292
BA.2.86	2	2023-10-29	T19I R21T S50L V127F G142D F157S R158G V213G L216F H245N A264D I332V G339H K356T S371F S373P S375F T376A R403K D405N R408S K417N N440K V445H G446S N450D L452W N460K S477N T478K N481K E484K F486P Q498R N501Y Y505H E554K A570V D614G P621S H655Y N679K P681R N764K D796Y S939F Q954H N969K P1143L	BA.2.86.1	0.343980343980344	2165.71800007027	6296.05161449	140	267	8733
BA.2.86	2	2023-11-05	T19I R21T S50L V127F G142D F157S R158G V213G L216F H245N A264D I332V G339H K356T S371F S373P S375F T376A R403K D405N R408S K417N N440K V445H G446S N450D L452W N460K S477N T478K N481K E484K F486P Q498R N501Y Y505H E554K A570V D614G P621S H655Y N679K P681R N764K D796Y S939F Q954H N969K P1143L	BA.2.86.1	0.289134438305709	2628.82377137909	9092.04654687162	157	386	8422
BA.2.86	2	2023-11-12	T19I R21T S50L V127F G142D F157S R158G V213G L216F H245N A264D I332V G339H K356T S371F S373P S375F T376A R403K D405N R408S K417N N440K V445H G446S N450D L452W N460K S477N T478K N481K E484K F486P Q498R N501Y Y505H E554K A570V D614G P621S H655Y N679K P681R N764K D796Y S939F Q954H N969K P1143L	BA.2.86.1	0.231692677070828	3659.63830535909	15795.2264682079	193	640	8399
BA.2.86	2	2023-11-19	T19I R21T S50L V127F G142D F157S R158G V213G L216F H245N A264D I332V G339H K356T S371F S373P S375F T376A R403K D405N R408S K417N N440K V445H G446S N450D L452W N460K S477N T478K N481K E484K F486P Q498R N501Y Y505H E554K A570V D614G P621S H655Y N679K P681R N764K D796Y S939F Q954H N969K P1143L	BA.2.86.1	0.186688311688312	5202.7962881777	27868.891421891	230	1002	7701
BA.2.86	2	2023-11-26	T19I R21T S50L V127F G142D F157S R158G V213G L216F H245N A264D I332V G339H K356T S371F S373P S375F T376A R403K D405N R408S K417N N440K V445H G446S N450D L452W N460K S477N T478K N481K E484K F486P Q498R N501Y Y505H E554K A570V D614G P621S H655Y N679K P681R N764K D796Y S939F Q954H N969K P1143L	BA.2.86.1	0.130855397148676	6677.646834639	51030.7330086809	257	1707	7293
BA.2.86	2	2023-12-03	T19I R21T S50L V127F G142D F157S R158G V213G L216F H245N A264D I332V G339H K356T S371F S373P S375F T376A R403K D405N R408S K417N N440K V445H G446S N450D L452W N460K S477N T478K N481K E484K F486P Q498R N501Y Y505H E554K A570V D614G P621S H655Y N679K P681R N764K D796Y S939F Q954H N969K P1143L	BA.2.86.1	0.0861111111111111	7497.98523146833	87073.3768815677	279	2961	7161
BA.2.86	2	2023-12-10	T19I R21T S50L V127F G142D F157S R158G V213G L216F H245N A264D I332V G339H K356T S371F S373P S375F T376A R403K D405N R408S K417N N440K V445H G446S N450D L452W N460K S477N T478K N481K E484K F486P Q498R N501Y Y505H E554K A570V D614G P621S H655Y N679K P681R N764K D796Y S939F Q954H N969K P1143L	BA.2.86.1	0.0723092998955068	10109.7144701705	139812.091733427	346	4439	6411
BA.2.86	2	2023-12-17	T19I R21T S50L V127F G142D F157S R158G V213G L216F H245N A264D I332V G339H K356T S371F S373P S375F T376A R403K D405N R408S K417N N440K V445H G446S N450D L452W N460K S477N T478K N481K E484K F486P Q498R N501Y Y505H E554K A570V D614G P621S H655Y N679K P681R N764K D796Y S939F Q954H N969K P1143L	BA.2.86.1	0.0610845295055821	11488.883319316	188081.719091674	383	5887	5452
BA.2.86	2	2023-12-24	T19I R21T S50L V127F G142D F157S R158G V213G L216F H245N A264D I332V G339H K356T S371F S373P S375F T376A R403K D405N R408S K417N N440K V445H G446S N450D L452W N460K S477N T478K N481K E484K F486P Q498R N501Y Y505H E554K A570V D614G P621S H655Y N679K P681R N764K D796Y S939F Q954H N969K P1143L	BA.2.86.1	0.0361041141897565	7320.04535843394	202748.233067322	215	5740	3669
BA.2.86	2	2023-12-31	T19I R21T S50L V127F G142D F157S R158G V213G L216F H245N A264D I332V G339H K356T S371F S373P S375F T376A R403K D405N R408S K417N N440K V445H G446S N450D L452W N460K S477N T478K N481K E484K F486P Q498R N501Y Y505H E554K A570V D614G P621S H655Y N679K P681R N764K D796Y S939F Q954H N969K P1143L	BA.2.86.1	0.0326975476839237	6152.40905280805	188161.176865046	216	6390	2805
BA.2.86	2	2024-01-07	T19I R21T S50L V127F G142D F157S R158G V213G L216F H245N A264D I332V G339H K356T S371F S373P S375F T376A R403K D405N R408S K417N N440K V445H G446S N450D L452W N460K S477N T478K N481K E484K F486P Q498R N501Y Y505H E554K A570V D614G P621S H655Y N679K P681R N764K D796Y S939F Q954H N969K P1143L	BA.2.86.1	0.0217052064122571	3488.45411140584	160719.693015031	153	6896	2223
BA.2.86	2	2024-01-14	T19I R21T S50L V127F G142D F157S R158G V213G L216F H245N A264D I332V G339H K356T S371F S373P S375F T376A R403K D405N R408S K417N N440K V445H G446S N450D L452W N460K S477N T478K N481K E484K F486P Q498R N501Y Y505H E554K A570V D614G P621S H655Y N679K P681R N764K D796Y S939F Q954H N969K P1143L	BA.2.86.1	0.0176820208023774	2450.46077497221	138584.882483722	119	6611	1513
BA.2.86	2	2024-01-21	T19I R21T S50L V127F G142D F157S R158G V213G L216F H245N A264D I332V G339H K356T S371F S373P S375F T376A R403K D405N R408S K417N N440K V445H G446S N450D L452W N460K S477N T478K N481K E484K F486P Q498R N501Y Y505H E554K A570V D614G P621S H655Y N679K P681R N764K D796Y S939F Q954H N969K P1143L	BA.2.86.1	0.0100719424460432	1227.86350749291	121909.305386796	63	6192	984
BA.2.86	2	2024-01-28	T19I R21T S50L V127F G142D F157S R158G V213G L216F H245N A264D I332V G339H K356T S371F S373P S375F T376A R403K D405N R408S K417N N440K V445H G446S N450D L452W N460K S477N T478K N481K E484K F486P Q498R N501Y Y505H E554K A570V D614G P621S H655Y N679K P681R N764K D796Y S939F Q954H N969K P1143L	BA.2.86.1	0.0107807337854286	1097.10694145391	101765.516456475	62	5689	615
BA.2.86	2	2024-02-04	T19I R21T S50L V127F G142D F157S R158G V213G L216F H245N A264D I332V G339H K356T S371F S373P S375F T376A R403K D405N R408S K417N N440K V445H G446S N450D L452W N460K S477N T478K N481K E484K F486P Q498R N501Y Y505H E554K A570V D614G P621S H655Y N679K P681R N764K D796Y S939F Q954H N969K P1143L	BA.2.86.1	0.0116710875331565	1055.70385987674	90454.6261758028	66	5589	407
BA.2.86	2	2024-02-11	T19I R21T S50L V127F G142D F157S R158G V213G L216F H245N A264D I332V G339H K356T S371F S373P S375F T376A R403K D405N R408S K417N N440K V445H G446S N450D L452W N460K S477N T478K N481K E484K F486P Q498R N501Y Y505H E554K A570V D614G P621S H655Y N679K P681R N764K D796Y S939F Q954H N969K P1143L	BA.2.86.1	0.0168609492089925	1340.89986572031	79526.9500607456	81	4723	292
BA.2.86	2	2024-02-18	T19I R21T S50L V127F G142D F157S R158G V213G L216F H245N A264D I332V G339H K356T S371F S373P S375F T376A R403K D405N R408S K417N N440K V445H G446S N450D L452W N460K S477N T478K N481K E484K F486P Q498R N501Y Y505H E554K A570V D614G P621S H655Y N679K P681R N764K D796Y S939F Q954H N969K P1143L	BA.2.86.1	0.0159695817490494	1153.57392124499	72235.7003065315	63	3882	183
BA.2.86	2	2024-02-25	T19I R21T S50L V127F G142D F157S R158G V213G L216F H245N A264D I332V G339H K356T S371F S373P S375F T376A R403K D405N R408S K417N N440K V445H G446S N450D L452W N460K S477N T478K N481K E484K F486P Q498R N501Y Y505H E554K A570V D614G P621S H655Y N679K P681R N764K D796Y S939F Q954H N969K P1143L	BA.2.86.1	0.0103950103950104	704.562511697548	67778.9136253041	35	3332	100
BA.2.86	2	2024-03-03	T19I R21T S50L V127F G142D F157S R158G V213G L216F H245N A264D I332V G339H K356T S371F S373P S375F T376A R403K D405N R408S K417N N440K V445H G446S N450D L452W N460K S477N T478K N481K E484K F486P Q498R N501Y Y505H E554K A570V D614G P621S H655Y N679K P681R N764K D796Y S939F Q954H N969K P1143L	BA.2.86.1	0.00605326876513317	375.205769230769	61983.9930769231	15	2463	52
BA.2.86	2	2024-03-10	T19I R21T S50L V127F G142D F157S R158G V213G L216F H245N A264D I332V G339H K356T S371F S373P S375F T376A R403K D405N R408S K417N N440K V445H G446S N450D L452W N460K S477N T478K N481K E484K F486P Q498R N501Y Y505H E554K A570V D614G P621S H655Y N679K P681R N764K D796Y S939F Q954H N969K P1143L	BA.2.86.1	0.00269723533378287	152.157269388637	56412.3076258371	4	1479	22
BA.2.86	2	2024-03-17	T19I R21T S50L V127F G142D F157S R158G V213G L216F H245N A264D I332V G339H K356T S371F S373P S375F T376A R403K D405N R408S K417N N440K V445H G446S N450D L452W N460K S477N T478K N481K E484K F486P Q498R N501Y Y505H E554K A570V D614G P621S H655Y N679K P681R N764K D796Y S939F Q954H N969K P1143L	BA.2.86.1	0.00175592625109745	86.9604043807919	49523.950294861	2	1137	16
BA.2.86	2	2024-03-24	T19I R21T S50L V127F G142D F157S R158G V213G L216F H245N A264D I332V G339H K356T S371F S373P S375F T376A R403K D405N R408S K417N N440K V445H G446S N450D L452W N460K S477N T478K N481K E484K F486P Q498R N501Y Y505H E554K A570V D614G P621S H655Y N679K P681R N764K D796Y S939F Q954H N969K P1143L	BA.2.86.1	0.00141043723554302	95.4940476190476	67705.2797619048	1	708	6
BA.2.86	2	2024-03-31	T19I R21T S50L V127F G142D F157S R158G V213G L216F H245N A264D I332V G339H K356T S371F S373P S375F T376A R403K D405N R408S K417N N440K V445H G446S N450D L452W N460K S477N T478K N481K E484K F486P Q498R N501Y Y505H E554K A570V D614G P621S H655Y N679K P681R N764K D796Y S939F Q954H N969K P1143L	BA.2.86.1	0	0	108933.663366337	0	400	1
