VOC	TopK	Week	Mut	Lineage	Proportion	HaploWeeklyCases	VOCWeeklyCases	HaploCount	OtherCount	PreviousVOCCount
BA.2	2	2020-01-12	T19I G142D V213G G339D S371F S373P S375F T376A D405N R408S K417N N440K L452Q S477N T478K E484A Q493R Q498R N501Y Y505H D614G H655Y N679K P681H S704L N764K D796Y Q954H N969K	BA.2.12.1	0	0	0	0	0	0
BA.2	2	2020-01-19	T19I G142D V213G G339D S371F S373P S375F T376A D405N R408S K417N N440K L452Q S477N T478K E484A Q493R Q498R N501Y Y505H D614G H655Y N679K P681H S704L N764K D796Y Q954H N969K	BA.2.12.1	0	0	0	0	0	0
BA.2	2	2020-01-26	T19I G142D V213G G339D S371F S373P S375F T376A D405N R408S K417N N440K L452Q S477N T478K E484A Q493R Q498R N501Y Y505H D614G H655Y N679K P681H S704L N764K D796Y Q954H N969K	BA.2.12.1	0	0	0	0	0	0
BA.2	2	2020-02-02	T19I G142D V213G G339D S371F S373P S375F T376A D405N R408S K417N N440K L452Q S477N T478K E484A Q493R Q498R N501Y Y505H D614G H655Y N679K P681H S704L N764K D796Y Q954H N969K	BA.2.12.1	0	0	0	0	0	0
BA.2	2	2020-02-09	T19I G142D V213G G339D S371F S373P S375F T376A D405N R408S K417N N440K L452Q S477N T478K E484A Q493R Q498R N501Y Y505H D614G H655Y N679K P681H S704L N764K D796Y Q954H N969K	BA.2.12.1	0	0	0	0	0	0
BA.2	2	2020-02-16	T19I G142D V213G G339D S371F S373P S375F T376A D405N R408S K417N N440K L452Q S477N T478K E484A Q493R Q498R N501Y Y505H D614G H655Y N679K P681H S704L N764K D796Y Q954H N969K	BA.2.12.1	0	0	0	0	0	0
BA.2	2	2020-02-23	T19I G142D V213G G339D S371F S373P S375F T376A D405N R408S K417N N440K L452Q S477N T478K E484A Q493R Q498R N501Y Y505H D614G H655Y N679K P681H S704L N764K D796Y Q954H N969K	BA.2.12.1	0	0	0	0	0	0
BA.2	2	2020-03-01	T19I G142D V213G G339D S371F S373P S375F T376A D405N R408S K417N N440K L452Q S477N T478K E484A Q493R Q498R N501Y Y505H D614G H655Y N679K P681H S704L N764K D796Y Q954H N969K	BA.2.12.1	0	0	0	0	0	0
BA.2	2	2020-03-08	T19I G142D V213G G339D S371F S373P S375F T376A D405N R408S K417N N440K L452Q S477N T478K E484A Q493R Q498R N501Y Y505H D614G H655Y N679K P681H S704L N764K D796Y Q954H N969K	BA.2.12.1	0	0	0	0	0	0
BA.2	2	2020-03-15	T19I G142D V213G G339D S371F S373P S375F T376A D405N R408S K417N N440K L452Q S477N T478K E484A Q493R Q498R N501Y Y505H D614G H655Y N679K P681H S704L N764K D796Y Q954H N969K	BA.2.12.1	0	0	0	0	0	0
BA.2	2	2020-03-22	T19I G142D V213G G339D S371F S373P S375F T376A D405N R408S K417N N440K L452Q S477N T478K E484A Q493R Q498R N501Y Y505H D614G H655Y N679K P681H S704L N764K D796Y Q954H N969K	BA.2.12.1	0	0	0	0	0	0
BA.2	2	2020-03-29	T19I G142D V213G G339D S371F S373P S375F T376A D405N R408S K417N N440K L452Q S477N T478K E484A Q493R Q498R N501Y Y505H D614G H655Y N679K P681H S704L N764K D796Y Q954H N969K	BA.2.12.1	0	0	29.3986717889157	0	1	0
BA.2	2	2020-04-05	T19I G142D V213G G339D S371F S373P S375F T376A D405N R408S K417N N440K L452Q S477N T478K E484A Q493R Q498R N501Y Y505H D614G H655Y N679K P681H S704L N764K D796Y Q954H N969K	BA.2.12.1	0	0	0	0	0	0
BA.2	2	2020-04-12	T19I G142D V213G G339D S371F S373P S375F T376A D405N R408S K417N N440K L452Q S477N T478K E484A Q493R Q498R N501Y Y505H D614G H655Y N679K P681H S704L N764K D796Y Q954H N969K	BA.2.12.1	0	0	0	0	0	0
BA.2	2	2020-04-19	T19I G142D V213G G339D S371F S373P S375F T376A D405N R408S K417N N440K L452Q S477N T478K E484A Q493R Q498R N501Y Y505H D614G H655Y N679K P681H S704L N764K D796Y Q954H N969K	BA.2.12.1	0	0	0	0	0	0
BA.2	2	2020-04-26	T19I G142D V213G G339D S371F S373P S375F T376A D405N R408S K417N N440K L452Q S477N T478K E484A Q493R Q498R N501Y Y505H D614G H655Y N679K P681H S704L N764K D796Y Q954H N969K	BA.2.12.1	0	0	0	0	0	0
BA.2	2	2020-05-03	T19I G142D V213G G339D S371F S373P S375F T376A D405N R408S K417N N440K L452Q S477N T478K E484A Q493R Q498R N501Y Y505H D614G H655Y N679K P681H S704L N764K D796Y Q954H N969K	BA.2.12.1	0	0	0	0	0	0
BA.2	2	2020-05-10	T19I G142D V213G G339D S371F S373P S375F T376A D405N R408S K417N N440K L452Q S477N T478K E484A Q493R Q498R N501Y Y505H D614G H655Y N679K P681H S704L N764K D796Y Q954H N969K	BA.2.12.1	0	0	0	0	0	0
BA.2	2	2020-05-17	T19I G142D V213G G339D S371F S373P S375F T376A D405N R408S K417N N440K L452Q S477N T478K E484A Q493R Q498R N501Y Y505H D614G H655Y N679K P681H S704L N764K D796Y Q954H N969K	BA.2.12.1	0	0	0	0	0	0
BA.2	2	2020-05-24	T19I G142D V213G G339D S371F S373P S375F T376A D405N R408S K417N N440K L452Q S477N T478K E484A Q493R Q498R N501Y Y505H D614G H655Y N679K P681H S704L N764K D796Y Q954H N969K	BA.2.12.1	0	0	0	0	0	0
BA.2	2	2020-05-31	T19I G142D V213G G339D S371F S373P S375F T376A D405N R408S K417N N440K L452Q S477N T478K E484A Q493R Q498R N501Y Y505H D614G H655Y N679K P681H S704L N764K D796Y Q954H N969K	BA.2.12.1	0	0	0	0	0	0
BA.2	2	2020-06-07	T19I G142D V213G G339D S371F S373P S375F T376A D405N R408S K417N N440K L452Q S477N T478K E484A Q493R Q498R N501Y Y505H D614G H655Y N679K P681H S704L N764K D796Y Q954H N969K	BA.2.12.1	0	0	0	0	0	0
BA.2	2	2020-06-14	T19I G142D V213G G339D S371F S373P S375F T376A D405N R408S K417N N440K L452Q S477N T478K E484A Q493R Q498R N501Y Y505H D614G H655Y N679K P681H S704L N764K D796Y Q954H N969K	BA.2.12.1	0	0	0	0	0	0
BA.2	2	2020-06-21	T19I G142D V213G G339D S371F S373P S375F T376A D405N R408S K417N N440K L452Q S477N T478K E484A Q493R Q498R N501Y Y505H D614G H655Y N679K P681H S704L N764K D796Y Q954H N969K	BA.2.12.1	0	0	0	0	0	0
BA.2	2	2020-06-28	T19I G142D V213G G339D S371F S373P S375F T376A D405N R408S K417N N440K L452Q S477N T478K E484A Q493R Q498R N501Y Y505H D614G H655Y N679K P681H S704L N764K D796Y Q954H N969K	BA.2.12.1	0	0	0	0	0	0
BA.2	2	2020-07-05	T19I G142D V213G G339D S371F S373P S375F T376A D405N R408S K417N N440K L452Q S477N T478K E484A Q493R Q498R N501Y Y505H D614G H655Y N679K P681H S704L N764K D796Y Q954H N969K	BA.2.12.1	0	0	0	0	0	0
BA.2	2	2020-07-12	T19I G142D V213G G339D S371F S373P S375F T376A D405N R408S K417N N440K L452Q S477N T478K E484A Q493R Q498R N501Y Y505H D614G H655Y N679K P681H S704L N764K D796Y Q954H N969K	BA.2.12.1	0	0	0	0	0	1
BA.2	2	2020-07-19	T19I G142D V213G G339D S371F S373P S375F T376A D405N R408S K417N N440K L452Q S477N T478K E484A Q493R Q498R N501Y Y505H D614G H655Y N679K P681H S704L N764K D796Y Q954H N969K	BA.2.12.1	0	0	0	0	0	0
BA.2	2	2020-07-26	T19I G142D V213G G339D S371F S373P S375F T376A D405N R408S K417N N440K L452Q S477N T478K E484A Q493R Q498R N501Y Y505H D614G H655Y N679K P681H S704L N764K D796Y Q954H N969K	BA.2.12.1	0	0	0	0	0	0
BA.2	2	2020-08-02	T19I G142D V213G G339D S371F S373P S375F T376A D405N R408S K417N N440K L452Q S477N T478K E484A Q493R Q498R N501Y Y505H D614G H655Y N679K P681H S704L N764K D796Y Q954H N969K	BA.2.12.1	0	0	0	0	0	0
BA.2	2	2020-08-09	T19I G142D V213G G339D S371F S373P S375F T376A D405N R408S K417N N440K L452Q S477N T478K E484A Q493R Q498R N501Y Y505H D614G H655Y N679K P681H S704L N764K D796Y Q954H N969K	BA.2.12.1	0	0	0	0	0	0
BA.2	2	2020-08-16	T19I G142D V213G G339D S371F S373P S375F T376A D405N R408S K417N N440K L452Q S477N T478K E484A Q493R Q498R N501Y Y505H D614G H655Y N679K P681H S704L N764K D796Y Q954H N969K	BA.2.12.1	0	0	0	0	0	0
BA.2	2	2020-08-23	T19I G142D V213G G339D S371F S373P S375F T376A D405N R408S K417N N440K L452Q S477N T478K E484A Q493R Q498R N501Y Y505H D614G H655Y N679K P681H S704L N764K D796Y Q954H N969K	BA.2.12.1	0	0	291.82081438503	0	1	0
BA.2	2	2020-08-30	T19I G142D V213G G339D S371F S373P S375F T376A D405N R408S K417N N440K L452Q S477N T478K E484A Q493R Q498R N501Y Y505H D614G H655Y N679K P681H S704L N764K D796Y Q954H N969K	BA.2.12.1	0	0	0	0	0	0
BA.2	2	2020-09-06	T19I G142D V213G G339D S371F S373P S375F T376A D405N R408S K417N N440K L452Q S477N T478K E484A Q493R Q498R N501Y Y505H D614G H655Y N679K P681H S704L N764K D796Y Q954H N969K	BA.2.12.1	0	0	260.825193954886	0	1	0
BA.2	2	2020-09-13	T19I G142D V213G G339D S371F S373P S375F T376A D405N R408S K417N N440K L452Q S477N T478K E484A Q493R Q498R N501Y Y505H D614G H655Y N679K P681H S704L N764K D796Y Q954H N969K	BA.2.12.1	0	0	0	0	0	0
BA.2	2	2020-09-20	T19I G142D V213G G339D S371F S373P S375F T376A D405N R408S K417N N440K L452Q S477N T478K E484A Q493R Q498R N501Y Y505H D614G H655Y N679K P681H S704L N764K D796Y Q954H N969K	BA.2.12.1	0	0	0	0	0	0
BA.2	2	2020-09-27	T19I G142D V213G G339D S371F S373P S375F T376A D405N R408S K417N N440K L452Q S477N T478K E484A Q493R Q498R N501Y Y505H D614G H655Y N679K P681H S704L N764K D796Y Q954H N969K	BA.2.12.1	0	0	216.881468543443	0	1	1
BA.2	2	2020-10-04	T19I G142D V213G G339D S371F S373P S375F T376A D405N R408S K417N N440K L452Q S477N T478K E484A Q493R Q498R N501Y Y505H D614G H655Y N679K P681H S704L N764K D796Y Q954H N969K	BA.2.12.1	0	0	0	0	0	0
BA.2	2	2020-10-11	T19I G142D V213G G339D S371F S373P S375F T376A D405N R408S K417N N440K L452Q S477N T478K E484A Q493R Q498R N501Y Y505H D614G H655Y N679K P681H S704L N764K D796Y Q954H N969K	BA.2.12.1	0	0	0	0	0	0
BA.2	2	2020-10-18	T19I G142D V213G G339D S371F S373P S375F T376A D405N R408S K417N N440K L452Q S477N T478K E484A Q493R Q498R N501Y Y505H D614G H655Y N679K P681H S704L N764K D796Y Q954H N969K	BA.2.12.1	0	0	0	0	0	0
BA.2	2	2020-10-25	T19I G142D V213G G339D S371F S373P S375F T376A D405N R408S K417N N440K L452Q S477N T478K E484A Q493R Q498R N501Y Y505H D614G H655Y N679K P681H S704L N764K D796Y Q954H N969K	BA.2.12.1	0	0	0	0	0	0
BA.2	2	2020-11-01	T19I G142D V213G G339D S371F S373P S375F T376A D405N R408S K417N N440K L452Q S477N T478K E484A Q493R Q498R N501Y Y505H D614G H655Y N679K P681H S704L N764K D796Y Q954H N969K	BA.2.12.1	0	0	0	0	0	0
BA.2	2	2020-11-08	T19I G142D V213G G339D S371F S373P S375F T376A D405N R408S K417N N440K L452Q S477N T478K E484A Q493R Q498R N501Y Y505H D614G H655Y N679K P681H S704L N764K D796Y Q954H N969K	BA.2.12.1	0	0	0	0	0	0
BA.2	2	2020-11-15	T19I G142D V213G G339D S371F S373P S375F T376A D405N R408S K417N N440K L452Q S477N T478K E484A Q493R Q498R N501Y Y505H D614G H655Y N679K P681H S704L N764K D796Y Q954H N969K	BA.2.12.1	0	0	210.512945834209	0	1	0
BA.2	2	2020-11-22	T19I G142D V213G G339D S371F S373P S375F T376A D405N R408S K417N N440K L452Q S477N T478K E484A Q493R Q498R N501Y Y505H D614G H655Y N679K P681H S704L N764K D796Y Q954H N969K	BA.2.12.1	0	0	0	0	0	0
BA.2	2	2020-11-29	T19I G142D V213G G339D S371F S373P S375F T376A D405N R408S K417N N440K L452Q S477N T478K E484A Q493R Q498R N501Y Y505H D614G H655Y N679K P681H S704L N764K D796Y Q954H N969K	BA.2.12.1	0	0	0	0	0	0
BA.2	2	2020-12-06	T19I G142D V213G G339D S371F S373P S375F T376A D405N R408S K417N N440K L452Q S477N T478K E484A Q493R Q498R N501Y Y505H D614G H655Y N679K P681H S704L N764K D796Y Q954H N969K	BA.2.12.1	0	0	0	0	0	0
BA.2	2	2020-12-13	T19I G142D V213G G339D S371F S373P S375F T376A D405N R408S K417N N440K L452Q S477N T478K E484A Q493R Q498R N501Y Y505H D614G H655Y N679K P681H S704L N764K D796Y Q954H N969K	BA.2.12.1	0	0	0	0	0	0
BA.2	2	2020-12-20	T19I G142D V213G G339D S371F S373P S375F T376A D405N R408S K417N N440K L452Q S477N T478K E484A Q493R Q498R N501Y Y505H D614G H655Y N679K P681H S704L N764K D796Y Q954H N969K	BA.2.12.1	0	0	0	0	0	0
BA.2	2	2020-12-27	T19I G142D V213G G339D S371F S373P S375F T376A D405N R408S K417N N440K L452Q S477N T478K E484A Q493R Q498R N501Y Y505H D614G H655Y N679K P681H S704L N764K D796Y Q954H N969K	BA.2.12.1	0	0	0	0	0	0
BA.2	2	2021-01-03	T19I G142D V213G G339D S371F S373P S375F T376A D405N R408S K417N N440K L452Q S477N T478K E484A Q493R Q498R N501Y Y505H D614G H655Y N679K P681H S704L N764K D796Y Q954H N969K	BA.2.12.1	0	0	0	0	0	7
BA.2	2	2021-01-10	T19I G142D V213G G339D S371F S373P S375F T376A D405N R408S K417N N440K L452Q S477N T478K E484A Q493R Q498R N501Y Y505H D614G H655Y N679K P681H S704L N764K D796Y Q954H N969K	BA.2.12.1	0	0	0	0	0	60
BA.2	2	2021-01-17	T19I G142D V213G G339D S371F S373P S375F T376A D405N R408S K417N N440K L452Q S477N T478K E484A Q493R Q498R N501Y Y505H D614G H655Y N679K P681H S704L N764K D796Y Q954H N969K	BA.2.12.1	0	0	0	0	0	7
BA.2	2	2021-01-24	T19I G142D V213G G339D S371F S373P S375F T376A D405N R408S K417N N440K L452Q S477N T478K E484A Q493R Q498R N501Y Y505H D614G H655Y N679K P681H S704L N764K D796Y Q954H N969K	BA.2.12.1	0	0	0	0	0	2
BA.2	2	2021-01-31	T19I G142D V213G G339D S371F S373P S375F T376A D405N R408S K417N N440K L452Q S477N T478K E484A Q493R Q498R N501Y Y505H D614G H655Y N679K P681H S704L N764K D796Y Q954H N969K	BA.2.12.1	0	0	0	0	0	5
BA.2	2	2021-02-07	T19I G142D V213G G339D S371F S373P S375F T376A D405N R408S K417N N440K L452Q S477N T478K E484A Q493R Q498R N501Y Y505H D614G H655Y N679K P681H S704L N764K D796Y Q954H N969K	BA.2.12.1	0	0	0	0	0	2
BA.2	2	2021-02-14	T19I G142D V213G G339D S371F S373P S375F T376A D405N R408S K417N N440K L452Q S477N T478K E484A Q493R Q498R N501Y Y505H D614G H655Y N679K P681H S704L N764K D796Y Q954H N969K	BA.2.12.1	0	0	0	0	0	2
BA.2	2	2021-02-21	T19I G142D V213G G339D S371F S373P S375F T376A D405N R408S K417N N440K L452Q S477N T478K E484A Q493R Q498R N501Y Y505H D614G H655Y N679K P681H S704L N764K D796Y Q954H N969K	BA.2.12.1	0	0	0	0	0	8
BA.2	2	2021-02-28	T19I G142D V213G G339D S371F S373P S375F T376A D405N R408S K417N N440K L452Q S477N T478K E484A Q493R Q498R N501Y Y505H D614G H655Y N679K P681H S704L N764K D796Y Q954H N969K	BA.2.12.1	0	0	0	0	0	1
BA.2	2	2021-03-07	T19I G142D V213G G339D S371F S373P S375F T376A D405N R408S K417N N440K L452Q S477N T478K E484A Q493R Q498R N501Y Y505H D614G H655Y N679K P681H S704L N764K D796Y Q954H N969K	BA.2.12.1	0	0	0	0	0	5
BA.2	2	2021-03-14	T19I G142D V213G G339D S371F S373P S375F T376A D405N R408S K417N N440K L452Q S477N T478K E484A Q493R Q498R N501Y Y505H D614G H655Y N679K P681H S704L N764K D796Y Q954H N969K	BA.2.12.1	0	0	52.4907617353287	0	1	3
BA.2	2	2021-03-21	T19I G142D V213G G339D S371F S373P S375F T376A D405N R408S K417N N440K L452Q S477N T478K E484A Q493R Q498R N501Y Y505H D614G H655Y N679K P681H S704L N764K D796Y Q954H N969K	BA.2.12.1	0	0	0	0	0	3
BA.2	2	2021-03-28	T19I G142D V213G G339D S371F S373P S375F T376A D405N R408S K417N N440K L452Q S477N T478K E484A Q493R Q498R N501Y Y505H D614G H655Y N679K P681H S704L N764K D796Y Q954H N969K	BA.2.12.1	0	0	0	0	0	3
BA.2	2	2021-04-04	T19I G142D V213G G339D S371F S373P S375F T376A D405N R408S K417N N440K L452Q S477N T478K E484A Q493R Q498R N501Y Y505H D614G H655Y N679K P681H S704L N764K D796Y Q954H N969K	BA.2.12.1	0	0	0	0	0	1
BA.2	2	2021-04-11	T19I G142D V213G G339D S371F S373P S375F T376A D405N R408S K417N N440K L452Q S477N T478K E484A Q493R Q498R N501Y Y505H D614G H655Y N679K P681H S704L N764K D796Y Q954H N969K	BA.2.12.1	0	0	0	0	0	0
BA.2	2	2021-04-18	T19I G142D V213G G339D S371F S373P S375F T376A D405N R408S K417N N440K L452Q S477N T478K E484A Q493R Q498R N501Y Y505H D614G H655Y N679K P681H S704L N764K D796Y Q954H N969K	BA.2.12.1	0	0	0	0	0	0
BA.2	2	2021-04-25	T19I G142D V213G G339D S371F S373P S375F T376A D405N R408S K417N N440K L452Q S477N T478K E484A Q493R Q498R N501Y Y505H D614G H655Y N679K P681H S704L N764K D796Y Q954H N969K	BA.2.12.1	0	0	0	0	0	0
BA.2	2	2021-05-02	T19I G142D V213G G339D S371F S373P S375F T376A D405N R408S K417N N440K L452Q S477N T478K E484A Q493R Q498R N501Y Y505H D614G H655Y N679K P681H S704L N764K D796Y Q954H N969K	BA.2.12.1	0	0	89.4535645287986	0	1	3
BA.2	2	2021-05-09	T19I G142D V213G G339D S371F S373P S375F T376A D405N R408S K417N N440K L452Q S477N T478K E484A Q493R Q498R N501Y Y505H D614G H655Y N679K P681H S704L N764K D796Y Q954H N969K	BA.2.12.1	0	0	184.268549768939	0	2	10
BA.2	2	2021-05-16	T19I G142D V213G G339D S371F S373P S375F T376A D405N R408S K417N N440K L452Q S477N T478K E484A Q493R Q498R N501Y Y505H D614G H655Y N679K P681H S704L N764K D796Y Q954H N969K	BA.2.12.1	0	0	0	0	0	2
BA.2	2	2021-05-23	T19I G142D V213G G339D S371F S373P S375F T376A D405N R408S K417N N440K L452Q S477N T478K E484A Q493R Q498R N501Y Y505H D614G H655Y N679K P681H S704L N764K D796Y Q954H N969K	BA.2.12.1	0	0	0	0	0	1
BA.2	2	2021-05-30	T19I G142D V213G G339D S371F S373P S375F T376A D405N R408S K417N N440K L452Q S477N T478K E484A Q493R Q498R N501Y Y505H D614G H655Y N679K P681H S704L N764K D796Y Q954H N969K	BA.2.12.1	0	0	0	0	0	2
BA.2	2	2021-06-06	T19I G142D V213G G339D S371F S373P S375F T376A D405N R408S K417N N440K L452Q S477N T478K E484A Q493R Q498R N501Y Y505H D614G H655Y N679K P681H S704L N764K D796Y Q954H N969K	BA.2.12.1	0	0	0	0	0	1
BA.2	2	2021-06-13	T19I G142D V213G G339D S371F S373P S375F T376A D405N R408S K417N N440K L452Q S477N T478K E484A Q493R Q498R N501Y Y505H D614G H655Y N679K P681H S704L N764K D796Y Q954H N969K	BA.2.12.1	0	0	0	0	0	1
BA.2	2	2021-06-20	T19I G142D V213G G339D S371F S373P S375F T376A D405N R408S K417N N440K L452Q S477N T478K E484A Q493R Q498R N501Y Y505H D614G H655Y N679K P681H S704L N764K D796Y Q954H N969K	BA.2.12.1	0	0	0	0	0	2
BA.2	2	2021-06-27	T19I G142D V213G G339D S371F S373P S375F T376A D405N R408S K417N N440K L452Q S477N T478K E484A Q493R Q498R N501Y Y505H D614G H655Y N679K P681H S704L N764K D796Y Q954H N969K	BA.2.12.1	0	0	0	0	0	2
BA.2	2	2021-07-04	T19I G142D V213G G339D S371F S373P S375F T376A D405N R408S K417N N440K L452Q S477N T478K E484A Q493R Q498R N501Y Y505H D614G H655Y N679K P681H S704L N764K D796Y Q954H N969K	BA.2.12.1	0	0	1217.96925812414	0	18	0
BA.2	2	2021-07-11	T19I G142D V213G G339D S371F S373P S375F T376A D405N R408S K417N N440K L452Q S477N T478K E484A Q493R Q498R N501Y Y505H D614G H655Y N679K P681H S704L N764K D796Y Q954H N969K	BA.2.12.1	1	63.8050873226775	63.8050873226775	1	0	1
BA.2	2	2021-07-18	T19I G142D V213G G339D S371F S373P S375F T376A D405N R408S K417N N440K L452Q S477N T478K E484A Q493R Q498R N501Y Y505H D614G H655Y N679K P681H S704L N764K D796Y Q954H N969K	BA.2.12.1	0	0	0	0	0	0
BA.2	2	2021-07-25	T19I G142D V213G G339D S371F S373P S375F T376A D405N R408S K417N N440K L452Q S477N T478K E484A Q493R Q498R N501Y Y505H D614G H655Y N679K P681H S704L N764K D796Y Q954H N969K	BA.2.12.1	0	0	0	0	0	0
BA.2	2	2021-08-01	T19I G142D V213G G339D S371F S373P S375F T376A D405N R408S K417N N440K L452Q S477N T478K E484A Q493R Q498R N501Y Y505H D614G H655Y N679K P681H S704L N764K D796Y Q954H N969K	BA.2.12.1	0	0	0	0	0	0
BA.2	2	2021-08-08	T19I G142D V213G G339D S371F S373P S375F T376A D405N R408S K417N N440K L452Q S477N T478K E484A Q493R Q498R N501Y Y505H D614G H655Y N679K P681H S704L N764K D796Y Q954H N969K	BA.2.12.1	0	0	0	0	0	3
BA.2	2	2021-08-15	T19I G142D V213G G339D S371F S373P S375F T376A D405N R408S K417N N440K L452Q S477N T478K E484A Q493R Q498R N501Y Y505H D614G H655Y N679K P681H S704L N764K D796Y Q954H N969K	BA.2.12.1	0	0	48.8612951655046	0	1	0
BA.2	2	2021-08-22	T19I G142D V213G G339D S371F S373P S375F T376A D405N R408S K417N N440K L452Q S477N T478K E484A Q493R Q498R N501Y Y505H D614G H655Y N679K P681H S704L N764K D796Y Q954H N969K	BA.2.12.1	0	0	0	0	0	1
BA.2	2	2021-08-29	T19I G142D V213G G339D S371F S373P S375F T376A D405N R408S K417N N440K L452Q S477N T478K E484A Q493R Q498R N501Y Y505H D614G H655Y N679K P681H S704L N764K D796Y Q954H N969K	BA.2.12.1	0	0	0	0	0	2
BA.2	2	2021-09-05	T19I G142D V213G G339D S371F S373P S375F T376A D405N R408S K417N N440K L452Q S477N T478K E484A Q493R Q498R N501Y Y505H D614G H655Y N679K P681H S704L N764K D796Y Q954H N969K	BA.2.12.1	0	0	0	0	0	1
BA.2	2	2021-09-12	T19I G142D V213G G339D S371F S373P S375F T376A D405N R408S K417N N440K L452Q S477N T478K E484A Q493R Q498R N501Y Y505H D614G H655Y N679K P681H S704L N764K D796Y Q954H N969K	BA.2.12.1	0	0	0	0	0	1
BA.2	2	2021-09-19	T19I G142D V213G G339D S371F S373P S375F T376A D405N R408S K417N N440K L452Q S477N T478K E484A Q493R Q498R N501Y Y505H D614G H655Y N679K P681H S704L N764K D796Y Q954H N969K	BA.2.12.1	0	0	0	0	0	0
BA.2	2	2021-09-26	T19I G142D V213G G339D S371F S373P S375F T376A D405N R408S K417N N440K L452Q S477N T478K E484A Q493R Q498R N501Y Y505H D614G H655Y N679K P681H S704L N764K D796Y Q954H N969K	BA.2.12.1	0	0	0	0	0	0
BA.2	2	2021-10-03	T19I G142D V213G G339D S371F S373P S375F T376A D405N R408S K417N N440K L452Q S477N T478K E484A Q493R Q498R N501Y Y505H D614G H655Y N679K P681H S704L N764K D796Y Q954H N969K	BA.2.12.1	0	0	43.961910533831	0	1	7
BA.2	2	2021-10-10	T19I G142D V213G G339D S371F S373P S375F T376A D405N R408S K417N N440K L452Q S477N T478K E484A Q493R Q498R N501Y Y505H D614G H655Y N679K P681H S704L N764K D796Y Q954H N969K	BA.2.12.1	0	0	0	0	0	1
BA.2	2	2021-10-17	T19I G142D V213G G339D S371F S373P S375F T376A D405N R408S K417N N440K L452Q S477N T478K E484A Q493R Q498R N501Y Y505H D614G H655Y N679K P681H S704L N764K D796Y Q954H N969K	BA.2.12.1	0	0	0	0	0	4
BA.2	2	2021-10-24	T19I G142D V213G G339D S371F S373P S375F T376A D405N R408S K417N N440K L452Q S477N T478K E484A Q493R Q498R N501Y Y505H D614G H655Y N679K P681H S704L N764K D796Y Q954H N969K	BA.2.12.1	0	0	0	0	0	2
BA.2	2	2021-10-31	T19I G142D V213G G339D S371F S373P S375F T376A D405N R408S K417N N440K L452Q S477N T478K E484A Q493R Q498R N501Y Y505H D614G H655Y N679K P681H S704L N764K D796Y Q954H N969K	BA.2.12.1	0	0	0	0	0	7
BA.2	2	2021-11-07	T19I G142D V213G G339D S371F S373P S375F T376A D405N R408S K417N N440K L452Q S477N T478K E484A Q493R Q498R N501Y Y505H D614G H655Y N679K P681H S704L N764K D796Y Q954H N969K	BA.2.12.1	0	0	33.6732089575353	0	1	6
BA.2	2	2021-11-14	T19I G142D V213G G339D S371F S373P S375F T376A D405N R408S K417N N440K L452Q S477N T478K E484A Q493R Q498R N501Y Y505H D614G H655Y N679K P681H S704L N764K D796Y Q954H N969K	BA.2.12.1	0	0	0	0	0	17
BA.2	2	2021-11-21	T19I G142D V213G G339D S371F S373P S375F T376A D405N R408S K417N N440K L452Q S477N T478K E484A Q493R Q498R N501Y Y505H D614G H655Y N679K P681H S704L N764K D796Y Q954H N969K	BA.2.12.1	0	0	74.6855943597311	0	2	90
BA.2	2	2021-11-28	T19I G142D V213G G339D S371F S373P S375F T376A D405N R408S K417N N440K L452Q S477N T478K E484A Q493R Q498R N501Y Y505H D614G H655Y N679K P681H S704L N764K D796Y Q954H N969K	BA.2.12.1	0	0	85.8580660620027	0	2	366
BA.2	2	2021-12-05	T19I G142D V213G G339D S371F S373P S375F T376A D405N R408S K417N N440K L452Q S477N T478K E484A Q493R Q498R N501Y Y505H D614G H655Y N679K P681H S704L N764K D796Y Q954H N969K	BA.2.12.1	0	0	285.07536344712	0	8	982
BA.2	2	2021-12-12	T19I G142D V213G G339D S371F S373P S375F T376A D405N R408S K417N N440K L452Q S477N T478K E484A Q493R Q498R N501Y Y505H D614G H655Y N679K P681H S704L N764K D796Y Q954H N969K	BA.2.12.1	0	0	2401.88053477936	0	58	4211
BA.2	2	2021-12-19	T19I G142D V213G G339D S371F S373P S375F T376A D405N R408S K417N N440K L452Q S477N T478K E484A Q493R Q498R N501Y Y505H D614G H655Y N679K P681H S704L N764K D796Y Q954H N969K	BA.2.12.1	0	0	8382.65277245432	0	139	15777
BA.2	2	2021-12-26	T19I G142D V213G G339D S371F S373P S375F T376A D405N R408S K417N N440K L452Q S477N T478K E484A Q493R Q498R N501Y Y505H D614G H655Y N679K P681H S704L N764K D796Y Q954H N969K	BA.2.12.1	0	0	48448.2283755196	0	460	33014
BA.2	2	2022-01-02	T19I G142D V213G G339D S371F S373P S375F T376A D405N R408S K417N N440K L452Q S477N T478K E484A Q493R Q498R N501Y Y505H D614G H655Y N679K P681H S704L N764K D796Y Q954H N969K	BA.2.12.1	0.000585823081429408	146.826663477891	250633.11455676	1	1706	53534
BA.2	2	2022-01-09	T19I G142D V213G G339D S371F S373P S375F T376A D405N R408S K417N N440K L452Q S477N T478K E484A Q493R Q498R N501Y Y505H D614G H655Y N679K P681H S704L N764K D796Y Q954H N969K	BA.2.12.1	0.000238095238095238	168.220647744737	706526.720527896	1	4199	77887
BA.2	2	2022-01-16	T19I G142D V213G G339D S371F S373P S375F T376A D405N R408S K417N N440K L452Q S477N T478K E484A Q493R Q498R N501Y Y505H D614G H655Y N679K P681H S704L N764K D796Y Q954H N969K	BA.2.12.1	0.000334224598930481	373.38225088285	1117159.69464149	2	5982	97090
BA.2	2	2022-01-23	T19I G142D V213G G339D S371F S373P S375F T376A D405N R408S K417N N440K L452Q S477N T478K E484A Q493R Q498R N501Y Y505H D614G H655Y N679K P681H S704L N764K D796Y Q954H N969K	BA.2.12.1	0.000585880285128405	1128.55477303071	1926254.90510125	6	10235	107037
BA.2	2	2022-01-30	T19I G142D V213G G339D S371F S373P S375F T376A D405N R408S K417N N440K L452Q S477N T478K E484A Q493R Q498R N501Y Y505H D614G H655Y N679K P681H S704L N764K D796Y Q954H N969K	BA.2.12.1	8.54554776961203E-05	213.528566001717	2498711.2793521	1	11701	91481
BA.2	2	2022-02-06	T19I G142D V213G G339D S371F S373P S375F T376A D405N R408S K417N N440K L452Q S477N T478K E484A Q493R Q498R N501Y Y505H D614G H655Y N679K P681H S704L N764K D796Y Q954H N969K	BA.2.12.1	0	0	3355478.18803692	0	18082	87540
BA.2	2	2022-02-13	T19I G142D V213G G339D S371F S373P S375F T376A D405N R408S K417N N440K L452Q S477N T478K E484A Q493R Q498R N501Y Y505H D614G H655Y N679K P681H S704L N764K D796Y Q954H N969K	BA.2.12.1	8.51716208159441E-05	318.501179573259	3739522.34936964	2	23480	77849
BA.2	2	2022-02-20	T19I G142D V213G G339D S371F S373P S375F T376A D405N R408S K417N N440K L452Q S477N T478K E484A Q493R Q498R N501Y Y505H D614G H655Y N679K P681H S704L N764K D796Y Q954H N969K	BA.2.12.1	5.06829527888295E-05	241.069115435446	4756414.18209908	2	39459	69776
BA.2	2	2022-02-27	T19I G142D V213G G339D S371F S373P S375F T376A D405N R408S K417N N440K L452Q S477N T478K E484A Q493R Q498R N501Y Y505H D614G H655Y N679K P681H S704L N764K D796Y Q954H N969K	BA.2.12.1	0.000201279241400904	1084.95326738925	5390288.93311586	9	44705	49932
BA.2	2	2022-03-06	T19I G142D V213G G339D S371F S373P S375F T376A D405N R408S K417N N440K L452Q S477N T478K E484A Q493R Q498R N501Y Y505H D614G H655Y N679K P681H S704L N764K D796Y Q954H N969K	BA.2.12.1	0.000513448398435957	3514.25722073509	6844421.42859937	26	50612	30829
BA.2	2	2022-03-13	T19I G142D V213G G339D S371F S373P S375F T376A D405N R408S K417N N440K L452Q S477N T478K E484A Q493R Q498R N501Y Y505H D614G H655Y N679K P681H S704L N764K D796Y Q954H N969K	BA.2.12.1	0.00110532372357822	9268.89873613164	8385686.9606723	73	65971	24217
BA.2	2	2022-03-20	T19I G142D V213G G339D S371F S373P S375F T376A D405N R408S K417N N440K L452Q S477N T478K E484A Q493R Q498R N501Y Y505H D614G H655Y N679K P681H S704L N764K D796Y Q954H N969K	BA.2.12.1	0.00285073548975636	27309.6981206891	9579877.97142947	225	78702	16400
BA.2	2	2022-03-27	T19I G142D V213G G339D S371F S373P S375F T376A D405N R408S K417N N440K L452Q S477N T478K E484A Q493R Q498R N501Y Y505H D614G H655Y N679K P681H S704L N764K D796Y Q954H N969K	BA.2.12.1	0.00572938467978234	54147.3572119598	9450815.44324179	438	76010	10930
BA.2	2	2022-04-03	T19I G142D V213G G339D S371F S373P S375F T376A D405N R408S K417N N440K L452Q S477N T478K E484A Q493R Q498R N501Y Y505H D614G H655Y N679K P681H S704L N764K D796Y Q954H N969K	BA.2.12.1	0.0159403756939691	130997.610833538	8217975.11856008	1048	64697	7120
BA.2	2	2022-04-10	T19I G142D V213G G339D S371F S373P S375F T376A D405N R408S K417N N440K L452Q S477N T478K E484A Q493R Q498R N501Y Y505H D614G H655Y N679K P681H S704L N764K D796Y Q954H N969K	BA.2.12.1	0.0394084487910894	266501.934060075	6762558.34054381	2321	56575	5060
BA.2	2	2022-04-17	T19I G142D V213G G339D S371F S373P S375F T376A D405N R408S K417N N440K L452Q S477N T478K E484A Q493R Q498R N501Y Y505H D614G H655Y N679K P681H S704L N764K D796Y Q954H N969K	BA.2.12.1	0.0621942573555477	342560.763505978	5507916.29438794	3509	52911	2861
BA.2	2	2022-04-24	T19I G142D V213G G339D S371F S373P S375F T376A D405N R408S K417N N440K L452Q S477N T478K E484A Q493R Q498R N501Y Y505H D614G H655Y N679K P681H S704L N764K D796Y Q954H N969K	BA.2.12.1	0.0792059535421408	360710.283965813	4554080.44262608	4385	50977	1642
BA.2	2	2022-05-01	T19I G142D V213G G339D S371F S373P S375F T376A D405N R408S K417N N440K L452Q S477N T478K E484A Q493R Q498R N501Y Y505H D614G H655Y N679K P681H S704L N764K D796Y Q954H N969K	BA.2.12.1	0.131408215252348	504163.901359893	3836623.91572496	6603	43645	973
BA.2	2	2022-05-08	T19I G142D V213G G339D S371F S373P S375F T376A D405N R408S K417N N440K L452Q S477N T478K E484A Q493R Q498R N501Y Y505H D614G H655Y N679K P681H S704L N764K D796Y Q954H N969K	BA.2.12.1	0.18168709444845	631614.641170954	3476386.93374648	8568	38590	595
BA.2	2	2022-05-15	T19I G142D V213G G339D S371F S373P S375F T376A D405N R408S K417N N440K L452Q S477N T478K E484A Q493R Q498R N501Y Y505H D614G H655Y N679K P681H S704L N764K D796Y Q954H N969K	BA.2.12.1	0.226058797136224	724144.258378498	3203344.73841389	11588	39673	701
BA.2	2	2022-05-22	T19I G142D V213G G339D S371F S373P S375F T376A D405N R408S K417N N440K L452Q S477N T478K E484A Q493R Q498R N501Y Y505H D614G H655Y N679K P681H S704L N764K D796Y Q954H N969K	BA.2.12.1	0.286799027726989	846026.761444524	2949894.10581223	13333	33156	437
BA.2	2	2022-05-29	T19I G142D V213G G339D S371F S373P S375F T376A D405N R408S K417N N440K L452Q S477N T478K E484A Q493R Q498R N501Y Y505H D614G H655Y N679K P681H S704L N764K D796Y Q954H N969K	BA.2.12.1	0.339463636158243	870647.612405861	2564774.30766694	15025	29236	187
BA.2	2	2022-06-05	T19I G142D V213G G339D S371F S373P S375F T376A D405N R408S K417N N440K L452Q S477N T478K E484A Q493R Q498R N501Y Y505H D614G H655Y N679K P681H S704L N764K D796Y Q954H N969K	BA.2.12.1	0.360332160596026	800569.817743975	2221755.1062324	13929	24727	133
BA.2	2	2022-06-12	T19I G142D V213G G339D S371F S373P S375F T376A D405N R408S K417N N440K L452Q S477N T478K E484A Q493R Q498R N501Y Y505H D614G H655Y N679K P681H S704L N764K D796Y Q954H N969K	BA.2.12.1	0.387406886858749	772603.342162868	1994294.28946771	13782	21793	85
BA.2	2	2022-06-19	T19I G142D V213G G339D S371F S373P S375F T376A D405N R408S K417N N440K L452Q S477N T478K E484A Q493R Q498R N501Y Y505H D614G H655Y N679K P681H S704L N764K D796Y Q954H N969K	BA.2.12.1	0.361044851992336	608975.443232481	1686703.02282944	9233	16340	48
BA.2	2	2022-06-26	T19I G142D V213G G339D S371F S373P S375F T376A D405N R408S K417N N440K L452Q S477N T478K E484A Q493R Q498R N501Y Y505H D614G H655Y N679K P681H S704L N764K D796Y Q954H N969K	BA.2.12.1	0.345033402694119	472750.940836557	1370159.92406875	6301	11961	38
BA.2	2	2022-07-03	T19I G142D V213G G339D S371F S373P S375F T376A D405N R408S K417N N440K L452Q S477N T478K E484A Q493R Q498R N501Y Y505H D614G H655Y N679K P681H S704L N764K D796Y Q954H N969K	BA.2.12.1	0.346606648199446	396644.368150623	1144364.57064835	5005	9435	35
BA.2	2	2022-07-10	T19I G142D V213G G339D S371F S373P S375F T376A D405N R408S K417N N440K L452Q S477N T478K E484A Q493R Q498R N501Y Y505H D614G H655Y N679K P681H S704L N764K D796Y Q954H N969K	BA.2.12.1	0.319320214669052	304525.559958944	953668.280207561	3570	7610	38
BA.2	2	2022-07-17	T19I G142D V213G G339D S371F S373P S375F T376A D405N R408S K417N N440K L452Q S477N T478K E484A Q493R Q498R N501Y Y505H D614G H655Y N679K P681H S704L N764K D796Y Q954H N969K	BA.2.12.1	0.297402924861321	213893.806451613	719205.456877572	2359	5573	40
BA.2	2	2022-07-24	T19I G142D V213G G339D S371F S373P S375F T376A D405N R408S K417N N440K L452Q S477N T478K E484A Q493R Q498R N501Y Y505H D614G H655Y N679K P681H S704L N764K D796Y Q954H N969K	BA.2.12.1	0.278960817717206	135675.220709017	486359.417137055	1310	3386	24
BA.2	2	2022-07-31	T19I G142D V213G G339D S371F S373P S375F T376A D405N R408S K417N N440K L452Q S477N T478K E484A Q493R Q498R N501Y Y505H D614G H655Y N679K P681H S704L N764K D796Y Q954H N969K	BA.2.12.1	0.25974025974026	80987.6381713962	311802.406959875	660	1881	25
BA.2	2	2022-08-07	T19I G142D V213G G339D S371F S373P S375F T376A D405N R408S K417N N440K L452Q S477N T478K E484A Q493R Q498R N501Y Y505H D614G H655Y N679K P681H S704L N764K D796Y Q954H N969K	BA.2.12.1	0.264724509183027	52281.2539986462	197493.062353738	418	1161	20
BA.2	2	2022-08-14	T19I G142D V213G G339D S371F S373P S375F T376A D405N R408S K417N N440K L452Q S477N T478K E484A Q493R Q498R N501Y Y505H D614G H655Y N679K P681H S704L N764K D796Y Q954H N969K	BA.2.12.1	0.189111747851003	25577.4708721814	135250.565672596	198	849	34
BA.2	2	2022-08-21	T19I G142D V213G G339D S371F S373P S375F T376A D405N R408S K417N N440K L452Q S477N T478K E484A Q493R Q498R N501Y Y505H D614G H655Y N679K P681H S704L N764K D796Y Q954H N969K	BA.2.12.1	0.12636695018226	11722.0331874143	92761.8587811728	104	719	18
BA.2	2	2022-08-28	T19I G142D V213G G339D S371F S373P S375F T376A D405N R408S K417N N440K L452Q S477N T478K E484A Q493R Q498R N501Y Y505H D614G H655Y N679K P681H S704L N764K D796Y Q954H N969K	BA.2.12.1	0.0817174515235457	6046.50893214238	73992.8720170644	59	663	21
BA.2	2	2022-09-04	T19I G142D V213G G339D S371F S373P S375F T376A D405N R408S K417N N440K L452Q S477N T478K E484A Q493R Q498R N501Y Y505H D614G H655Y N679K P681H S704L N764K D796Y Q954H N969K	BA.2.12.1	0.0541012216404887	3001.97608460321	55488.138596053	31	542	15
BA.2	2	2022-09-11	T19I G142D V213G G339D S371F S373P S375F T376A D405N R408S K417N N440K L452Q S477N T478K E484A Q493R Q498R N501Y Y505H D614G H655Y N679K P681H S704L N764K D796Y Q954H N969K	BA.2.12.1	0.038961038961039	2236.64791058746	57407.2963717448	24	592	15
BA.2	2	2022-09-18	T19I G142D V213G G339D S371F S373P S375F T376A D405N R408S K417N N440K L452Q S477N T478K E484A Q493R Q498R N501Y Y505H D614G H655Y N679K P681H S704L N764K D796Y Q954H N969K	BA.2.12.1	0.00696055684454756	448.658220301088	64457.2309832563	6	856	10
BA.2	2	2022-09-25	T19I G142D V213G G339D S371F S373P S375F T376A D405N R408S K417N N440K L452Q S477N T478K E484A Q493R Q498R N501Y Y505H D614G H655Y N679K P681H S704L N764K D796Y Q954H N969K	BA.2.12.1	0.00112739571589628	82.0461656905606	72774.9489675273	1	886	10
BA.2	2	2022-10-02	T19I G142D V213G G339D S371F S373P S375F T376A D405N R408S K417N N440K L452Q S477N T478K E484A Q493R Q498R N501Y Y505H D614G H655Y N679K P681H S704L N764K D796Y Q954H N969K	BA.2.12.1	0.00109289617486339	88.3945720672878	80881.0334415683	1	914	18
BA.2	2	2022-10-09	T19I G142D V213G G339D S371F S373P S375F T376A D405N R408S K417N N440K L452Q S477N T478K E484A Q493R Q498R N501Y Y505H D614G H655Y N679K P681H S704L N764K D796Y Q954H N969K	BA.2.12.1	0	0	99067.5251472447	0	1113	11
BA.2	2	2022-10-16	T19I G142D V213G G339D S371F S373P S375F T376A D405N R408S K417N N440K L452Q S477N T478K E484A Q493R Q498R N501Y Y505H D614G H655Y N679K P681H S704L N764K D796Y Q954H N969K	BA.2.12.1	0.000829875518672199	86.4527435865556	104175.556021799	1	1204	15
BA.2	2	2022-10-23	T19I G142D V213G G339D S371F S373P S375F T376A D405N R408S K417N N440K L452Q S477N T478K E484A Q493R Q498R N501Y Y505H D614G H655Y N679K P681H S704L N764K D796Y Q954H N969K	BA.2.12.1	0	0	109970.153337769	0	1282	8
BA.2	2	2022-10-30	T19I G142D V213G G339D S371F S373P S375F T376A D405N R408S K417N N440K L452Q S477N T478K E484A Q493R Q498R N501Y Y505H D614G H655Y N679K P681H S704L N764K D796Y Q954H N969K	BA.2.12.1	0	0	111676.288385096	0	1460	11
BA.2	2	2022-11-06	T19I G142D V213G G339D S371F S373P S375F T376A D405N R408S K417N N440K L452Q S477N T478K E484A Q493R Q498R N501Y Y505H D614G H655Y N679K P681H S704L N764K D796Y Q954H N969K	BA.2.12.1	0.00118063754427391	146.032212427903	123689.283926434	2	1692	9
BA.2	2	2022-11-13	T19I G142D V213G G339D S371F S373P S375F T376A D405N R408S K417N N440K L452Q S477N T478K E484A Q493R Q498R N501Y Y505H D614G H655Y N679K P681H S704L N764K D796Y Q954H N969K	BA.2.12.1	0	0	135353.918134862	0	1925	5
BA.2	2	2022-11-20	T19I G142D V213G G339D S371F S373P S375F T376A D405N R408S K417N N440K L452Q S477N T478K E484A Q493R Q498R N501Y Y505H D614G H655Y N679K P681H S704L N764K D796Y Q954H N969K	BA.2.12.1	0	0	174700.08323045	0	2268	8
BA.2	2	2022-11-27	T19I G142D V213G G339D S371F S373P S375F T376A D405N R408S K417N N440K L452Q S477N T478K E484A Q493R Q498R N501Y Y505H D614G H655Y N679K P681H S704L N764K D796Y Q954H N969K	BA.2.12.1	0	0	195323.834973647	0	2347	9
BA.2	2	2022-12-04	T19I G142D V213G G339D S371F S373P S375F T376A D405N R408S K417N N440K L452Q S477N T478K E484A Q493R Q498R N501Y Y505H D614G H655Y N679K P681H S704L N764K D796Y Q954H N969K	BA.2.12.1	0	0	223676.541457864	0	2942	19
BA.2	2	2022-12-11	T19I G142D V213G G339D S371F S373P S375F T376A D405N R408S K417N N440K L452Q S477N T478K E484A Q493R Q498R N501Y Y505H D614G H655Y N679K P681H S704L N764K D796Y Q954H N969K	BA.2.12.1	0	0	284353.547627461	0	3229	3
BA.2	2	2022-12-18	T19I G142D V213G G339D S371F S373P S375F T376A D405N R408S K417N N440K L452Q S477N T478K E484A Q493R Q498R N501Y Y505H D614G H655Y N679K P681H S704L N764K D796Y Q954H N969K	BA.2.12.1	0	0	325206.597921143	0	3506	6
BA.2	2	2022-12-25	T19I G142D V213G G339D S371F S373P S375F T376A D405N R408S K417N N440K L452Q S477N T478K E484A Q493R Q498R N501Y Y505H D614G H655Y N679K P681H S704L N764K D796Y Q954H N969K	BA.2.12.1	0	0	321358.394627766	0	3339	6
BA.2	2	2023-01-01	T19I G142D V213G G339D S371F S373P S375F T376A D405N R408S K417N N440K L452Q S477N T478K E484A Q493R Q498R N501Y Y505H D614G H655Y N679K P681H S704L N764K D796Y Q954H N969K	BA.2.12.1	0	0	336027.82611465	0	3403	5
BA.2	2	2023-01-08	T19I G142D V213G G339D S371F S373P S375F T376A D405N R408S K417N N440K L452Q S477N T478K E484A Q493R Q498R N501Y Y505H D614G H655Y N679K P681H S704L N764K D796Y Q954H N969K	BA.2.12.1	0.000273972602739726	89.6594362822372	327256.942430166	1	3649	12
BA.2	2	2023-01-15	T19I G142D V213G G339D S371F S373P S375F T376A D405N R408S K417N N440K L452Q S477N T478K E484A Q493R Q498R N501Y Y505H D614G H655Y N679K P681H S704L N764K D796Y Q954H N969K	BA.2.12.1	0	0	272347.409547057	0	2788	4
BA.2	2	2023-01-22	T19I G142D V213G G339D S371F S373P S375F T376A D405N R408S K417N N440K L452Q S477N T478K E484A Q493R Q498R N501Y Y505H D614G H655Y N679K P681H S704L N764K D796Y Q954H N969K	BA.2.12.1	0	0	201008.650517816	0	2222	7
BA.2	2	2023-01-29	T19I G142D V213G G339D S371F S373P S375F T376A D405N R408S K417N N440K L452Q S477N T478K E484A Q493R Q498R N501Y Y505H D614G H655Y N679K P681H S704L N764K D796Y Q954H N969K	BA.2.12.1	0.00042247570764681	69.9840547432297	165652.257577225	1	2366	1
BA.2	2	2023-02-05	T19I G142D V213G G339D S371F S373P S375F T376A D405N R408S K417N N440K L452Q S477N T478K E484A Q493R Q498R N501Y Y505H D614G H655Y N679K P681H S704L N764K D796Y Q954H N969K	BA.2.12.1	0	0	143849.528264304	0	2279	0
BA.2	2	2023-02-12	T19I G142D V213G G339D S371F S373P S375F T376A D405N R408S K417N N440K L452Q S477N T478K E484A Q493R Q498R N501Y Y505H D614G H655Y N679K P681H S704L N764K D796Y Q954H N969K	BA.2.12.1	0	0	124445.690868224	0	2152	4
BA.2	2	2023-02-19	T19I G142D V213G G339D S371F S373P S375F T376A D405N R408S K417N N440K L452Q S477N T478K E484A Q493R Q498R N501Y Y505H D614G H655Y N679K P681H S704L N764K D796Y Q954H N969K	BA.2.12.1	0	0	117838.895037519	0	2108	1
BA.2	2	2023-02-26	T19I G142D V213G G339D S371F S373P S375F T376A D405N R408S K417N N440K L452Q S477N T478K E484A Q493R Q498R N501Y Y505H D614G H655Y N679K P681H S704L N764K D796Y Q954H N969K	BA.2.12.1	0	0	111028.531509757	0	1905	5
BA.2	2	2023-03-05	T19I G142D V213G G339D S371F S373P S375F T376A D405N R408S K417N N440K L452Q S477N T478K E484A Q493R Q498R N501Y Y505H D614G H655Y N679K P681H S704L N764K D796Y Q954H N969K	BA.2.12.1	0	0	100853.491454545	0	1821	0
BA.2	2	2023-03-12	T19I G142D V213G G339D S371F S373P S375F T376A D405N R408S K417N N440K L452Q S477N T478K E484A Q493R Q498R N501Y Y505H D614G H655Y N679K P681H S704L N764K D796Y Q954H N969K	BA.2.12.1	0	0	62114.1010114365	0	1101	2
BA.2	2	2023-03-19	T19I G142D V213G G339D S371F S373P S375F T376A D405N R408S K417N N440K L452Q S477N T478K E484A Q493R Q498R N501Y Y505H D614G H655Y N679K P681H S704L N764K D796Y Q954H N969K	BA.2.12.1	0	0	67079.9111676922	0	1168	5
BA.2	2	2023-03-26	T19I G142D V213G G339D S371F S373P S375F T376A D405N R408S K417N N440K L452Q S477N T478K E484A Q493R Q498R N501Y Y505H D614G H655Y N679K P681H S704L N764K D796Y Q954H N969K	BA.2.12.1	0	0	57025.9098751033	0	965	5
BA.2	2	2023-04-02	T19I G142D V213G G339D S371F S373P S375F T376A D405N R408S K417N N440K L452Q S477N T478K E484A Q493R Q498R N501Y Y505H D614G H655Y N679K P681H S704L N764K D796Y Q954H N969K	BA.2.12.1	0	0	61308.9621509599	0	970	1
BA.2	2	2023-04-09	T19I G142D V213G G339D S371F S373P S375F T376A D405N R408S K417N N440K L452Q S477N T478K E484A Q493R Q498R N501Y Y505H D614G H655Y N679K P681H S704L N764K D796Y Q954H N969K	BA.2.12.1	0	0	50026.1769488283	0	716	0
BA.2	2	2023-04-16	T19I G142D V213G G339D S371F S373P S375F T376A D405N R408S K417N N440K L452Q S477N T478K E484A Q493R Q498R N501Y Y505H D614G H655Y N679K P681H S704L N764K D796Y Q954H N969K	BA.2.12.1	0	0	44484.268633779	0	680	10
BA.2	2	2023-04-23	T19I G142D V213G G339D S371F S373P S375F T376A D405N R408S K417N N440K L452Q S477N T478K E484A Q493R Q498R N501Y Y505H D614G H655Y N679K P681H S704L N764K D796Y Q954H N969K	BA.2.12.1	0	0	39816.4788206388	0	576	7
BA.2	2	2023-04-30	T19I G142D V213G G339D S371F S373P S375F T376A D405N R408S K417N N440K L452Q S477N T478K E484A Q493R Q498R N501Y Y505H D614G H655Y N679K P681H S704L N764K D796Y Q954H N969K	BA.2.12.1	0.00176056338028169	66.373236201352	37699.9981623679	1	567	1
BA.2	2	2023-05-07	T19I G142D V213G G339D S371F S373P S375F T376A D405N R408S K417N N440K L452Q S477N T478K E484A Q493R Q498R N501Y Y505H D614G H655Y N679K P681H S704L N764K D796Y Q954H N969K	BA.2.12.1	0	0	32558.5641787633	0	462	1
BA.2	2	2023-05-14	T19I G142D V213G G339D S371F S373P S375F T376A D405N R408S K417N N440K L452Q S477N T478K E484A Q493R Q498R N501Y Y505H D614G H655Y N679K P681H S704L N764K D796Y Q954H N969K	BA.2.12.1	0	0	22629.8130405855	0	353	1
BA.2	2	2023-05-21	T19I G142D V213G G339D S371F S373P S375F T376A D405N R408S K417N N440K L452Q S477N T478K E484A Q493R Q498R N501Y Y505H D614G H655Y N679K P681H S704L N764K D796Y Q954H N969K	BA.2.12.1	0	0	19556.8902206483	0	336	1
BA.2	2	2023-05-28	T19I G142D V213G G339D S371F S373P S375F T376A D405N R408S K417N N440K L452Q S477N T478K E484A Q493R Q498R N501Y Y505H D614G H655Y N679K P681H S704L N764K D796Y Q954H N969K	BA.2.12.1	0	0	13864.4361305361	0	295	2
BA.2	2	2023-06-04	T19I G142D V213G G339D S371F S373P S375F T376A D405N R408S K417N N440K L452Q S477N T478K E484A Q493R Q498R N501Y Y505H D614G H655Y N679K P681H S704L N764K D796Y Q954H N969K	BA.2.12.1	0	0	10320.587392263	0	226	0
BA.2	2	2023-06-11	T19I G142D V213G G339D S371F S373P S375F T376A D405N R408S K417N N440K L452Q S477N T478K E484A Q493R Q498R N501Y Y505H D614G H655Y N679K P681H S704L N764K D796Y Q954H N969K	BA.2.12.1	0	0	7894.43072218302	0	190	1
BA.2	2	2023-06-18	T19I G142D V213G G339D S371F S373P S375F T376A D405N R408S K417N N440K L452Q S477N T478K E484A Q493R Q498R N501Y Y505H D614G H655Y N679K P681H S704L N764K D796Y Q954H N969K	BA.2.12.1	0	0	6965.98839385998	0	179	0
BA.2	2	2023-06-25	T19I G142D V213G G339D S371F S373P S375F T376A D405N R408S K417N N440K L452Q S477N T478K E484A Q493R Q498R N501Y Y505H D614G H655Y N679K P681H S704L N764K D796Y Q954H N969K	BA.2.12.1	0	0	5468.70481452249	0	159	1
BA.2	2	2023-07-02	T19I G142D V213G G339D S371F S373P S375F T376A D405N R408S K417N N440K L452Q S477N T478K E484A Q493R Q498R N501Y Y505H D614G H655Y N679K P681H S704L N764K D796Y Q954H N969K	BA.2.12.1	0	0	4417.56402737048	0	104	1
BA.2	2	2023-07-09	T19I G142D V213G G339D S371F S373P S375F T376A D405N R408S K417N N440K L452Q S477N T478K E484A Q493R Q498R N501Y Y505H D614G H655Y N679K P681H S704L N764K D796Y Q954H N969K	BA.2.12.1	0	0	4397.77410228509	0	108	0
BA.2	2	2023-07-16	T19I G142D V213G G339D S371F S373P S375F T376A D405N R408S K417N N440K L452Q S477N T478K E484A Q493R Q498R N501Y Y505H D614G H655Y N679K P681H S704L N764K D796Y Q954H N969K	BA.2.12.1	0	0	5750.35028025058	0	137	0
BA.2	2	2023-07-23	T19I G142D V213G G339D S371F S373P S375F T376A D405N R408S K417N N440K L452Q S477N T478K E484A Q493R Q498R N501Y Y505H D614G H655Y N679K P681H S704L N764K D796Y Q954H N969K	BA.2.12.1	0	0	4683.07077360196	0	94	2
BA.2	2	2023-07-30	T19I G142D V213G G339D S371F S373P S375F T376A D405N R408S K417N N440K L452Q S477N T478K E484A Q493R Q498R N501Y Y505H D614G H655Y N679K P681H S704L N764K D796Y Q954H N969K	BA.2.12.1	0	0	7430.41165991903	0	108	1
BA.2	2	2023-08-06	T19I G142D V213G G339D S371F S373P S375F T376A D405N R408S K417N N440K L452Q S477N T478K E484A Q493R Q498R N501Y Y505H D614G H655Y N679K P681H S704L N764K D796Y Q954H N969K	BA.2.12.1	0	0	9112.21915285451	0	170	1
BA.2	2	2023-08-13	T19I G142D V213G G339D S371F S373P S375F T376A D405N R408S K417N N440K L452Q S477N T478K E484A Q493R Q498R N501Y Y505H D614G H655Y N679K P681H S704L N764K D796Y Q954H N969K	BA.2.12.1	0	0	6677.4671111681	0	138	0
BA.2	2	2023-08-20	T19I G142D V213G G339D S371F S373P S375F T376A D405N R408S K417N N440K L452Q S477N T478K E484A Q493R Q498R N501Y Y505H D614G H655Y N679K P681H S704L N764K D796Y Q954H N969K	BA.2.12.1	0	0	4540.6425199288	0	148	0
BA.2	2	2023-08-27	T19I G142D V213G G339D S371F S373P S375F T376A D405N R408S K417N N440K L452Q S477N T478K E484A Q493R Q498R N501Y Y505H D614G H655Y N679K P681H S704L N764K D796Y Q954H N969K	BA.2.12.1	0	0	5684.43557117083	0	179	0
BA.2	2	2023-09-03	T19I G142D V213G G339D S371F S373P S375F T376A D405N R408S K417N N440K L452Q S477N T478K E484A Q493R Q498R N501Y Y505H D614G H655Y N679K P681H S704L N764K D796Y Q954H N969K	BA.2.12.1	0	0	5955.46681525508	0	200	1
BA.2	2	2023-09-10	T19I G142D V213G G339D S371F S373P S375F T376A D405N R408S K417N N440K L452Q S477N T478K E484A Q493R Q498R N501Y Y505H D614G H655Y N679K P681H S704L N764K D796Y Q954H N969K	BA.2.12.1	0	0	4221.52906976744	0	204	0
BA.2	2	2023-09-17	T19I G142D V213G G339D S371F S373P S375F T376A D405N R408S K417N N440K L452Q S477N T478K E484A Q493R Q498R N501Y Y505H D614G H655Y N679K P681H S704L N764K D796Y Q954H N969K	BA.2.12.1	0	0	3131.1477124183	0	208	0
BA.2	2	2023-09-24	T19I G142D V213G G339D S371F S373P S375F T376A D405N R408S K417N N440K L452Q S477N T478K E484A Q493R Q498R N501Y Y505H D614G H655Y N679K P681H S704L N764K D796Y Q954H N969K	BA.2.12.1	0	0	2290.89717965801	0	191	1
BA.2	2	2023-10-01	T19I G142D V213G G339D S371F S373P S375F T376A D405N R408S K417N N440K L452Q S477N T478K E484A Q493R Q498R N501Y Y505H D614G H655Y N679K P681H S704L N764K D796Y Q954H N969K	BA.2.12.1	0	0	2988.84017238149	0	204	2
BA.2	2	2023-10-08	T19I G142D V213G G339D S371F S373P S375F T376A D405N R408S K417N N440K L452Q S477N T478K E484A Q493R Q498R N501Y Y505H D614G H655Y N679K P681H S704L N764K D796Y Q954H N969K	BA.2.12.1	0	0	3147.738099864	0	204	1
BA.2	2	2023-10-15	T19I G142D V213G G339D S371F S373P S375F T376A D405N R408S K417N N440K L452Q S477N T478K E484A Q493R Q498R N501Y Y505H D614G H655Y N679K P681H S704L N764K D796Y Q954H N969K	BA.2.12.1	0	0	3389.01890718617	0	206	1
BA.2	2	2023-10-22	T19I G142D V213G G339D S371F S373P S375F T376A D405N R408S K417N N440K L452Q S477N T478K E484A Q493R Q498R N501Y Y505H D614G H655Y N679K P681H S704L N764K D796Y Q954H N969K	BA.2.12.1	0	0	2572.74798213012	0	158	0
BA.2	2	2023-10-29	T19I G142D V213G G339D S371F S373P S375F T376A D405N R408S K417N N440K L452Q S477N T478K E484A Q493R Q498R N501Y Y505H D614G H655Y N679K P681H S704L N764K D796Y Q954H N969K	BA.2.12.1	0	0	2366.82038579108	0	153	1
BA.2	2	2023-11-05	T19I G142D V213G G339D S371F S373P S375F T376A D405N R408S K417N N440K L452Q S477N T478K E484A Q493R Q498R N501Y Y505H D614G H655Y N679K P681H S704L N764K D796Y Q954H N969K	BA.2.12.1	0	0	1858.59515046547	0	111	0
BA.2	2	2023-11-12	T19I G142D V213G G339D S371F S373P S375F T376A D405N R408S K417N N440K L452Q S477N T478K E484A Q493R Q498R N501Y Y505H D614G H655Y N679K P681H S704L N764K D796Y Q954H N969K	BA.2.12.1	0	0	1801.37636792287	0	95	1
BA.2	2	2023-11-19	T19I G142D V213G G339D S371F S373P S375F T376A D405N R408S K417N N440K L452Q S477N T478K E484A Q493R Q498R N501Y Y505H D614G H655Y N679K P681H S704L N764K D796Y Q954H N969K	BA.2.12.1	0	0	1583.45973988017	0	70	1
BA.2	2	2023-11-26	T19I G142D V213G G339D S371F S373P S375F T376A D405N R408S K417N N440K L452Q S477N T478K E484A Q493R Q498R N501Y Y505H D614G H655Y N679K P681H S704L N764K D796Y Q954H N969K	BA.2.12.1	0	0	2182.57717552403	0	84	0
BA.2	2	2023-12-03	T19I G142D V213G G339D S371F S373P S375F T376A D405N R408S K417N N440K L452Q S477N T478K E484A Q493R Q498R N501Y Y505H D614G H655Y N679K P681H S704L N764K D796Y Q954H N969K	BA.2.12.1	0	0	1827.46593455142	0	68	1
BA.2	2	2023-12-10	T19I G142D V213G G339D S371F S373P S375F T376A D405N R408S K417N N440K L452Q S477N T478K E484A Q493R Q498R N501Y Y505H D614G H655Y N679K P681H S704L N764K D796Y Q954H N969K	BA.2.12.1	0	0	1519.37905332042	0	52	0
BA.2	2	2023-12-17	T19I G142D V213G G339D S371F S373P S375F T376A D405N R408S K417N N440K L452Q S477N T478K E484A Q493R Q498R N501Y Y505H D614G H655Y N679K P681H S704L N764K D796Y Q954H N969K	BA.2.12.1	0	0	1109.89212223157	0	37	0
BA.2	2	2023-12-24	T19I G142D V213G G339D S371F S373P S375F T376A D405N R408S K417N N440K L452Q S477N T478K E484A Q493R Q498R N501Y Y505H D614G H655Y N679K P681H S704L N764K D796Y Q954H N969K	BA.2.12.1	0	0	1021.40167792101	0	30	1
BA.2	2	2023-12-31	T19I G142D V213G G339D S371F S373P S375F T376A D405N R408S K417N N440K L452Q S477N T478K E484A Q493R Q498R N501Y Y505H D614G H655Y N679K P681H S704L N764K D796Y Q954H N969K	BA.2.12.1	0.0588235294117647	28.4833752444817	484.217379156189	1	16	0
BA.2	2	2024-01-07	T19I G142D V213G G339D S371F S373P S375F T376A D405N R408S K417N N440K L452Q S477N T478K E484A Q493R Q498R N501Y Y505H D614G H655Y N679K P681H S704L N764K D796Y Q954H N969K	BA.2.12.1	0	0	228.003536693192	0	10	1
BA.2	2	2024-01-14	T19I G142D V213G G339D S371F S373P S375F T376A D405N R408S K417N N440K L452Q S477N T478K E484A Q493R Q498R N501Y Y505H D614G H655Y N679K P681H S704L N764K D796Y Q954H N969K	BA.2.12.1	0	0	102.960536763538	0	5	1
BA.2	2	2024-01-21	T19I G142D V213G G339D S371F S373P S375F T376A D405N R408S K417N N440K L452Q S477N T478K E484A Q493R Q498R N501Y Y505H D614G H655Y N679K P681H S704L N764K D796Y Q954H N969K	BA.2.12.1	0	0	233.878763331983	0	12	2
BA.2	2	2024-01-28	T19I G142D V213G G339D S371F S373P S375F T376A D405N R408S K417N N440K L452Q S477N T478K E484A Q493R Q498R N501Y Y505H D614G H655Y N679K P681H S704L N764K D796Y Q954H N969K	BA.2.12.1	0	0	106.17163949554	0	6	0
BA.2	2	2024-02-04	T19I G142D V213G G339D S371F S373P S375F T376A D405N R408S K417N N440K L452Q S477N T478K E484A Q493R Q498R N501Y Y505H D614G H655Y N679K P681H S704L N764K D796Y Q954H N969K	BA.2.12.1	0	0	0	0	0	0
BA.2	2	2024-02-11	T19I G142D V213G G339D S371F S373P S375F T376A D405N R408S K417N N440K L452Q S477N T478K E484A Q493R Q498R N501Y Y505H D614G H655Y N679K P681H S704L N764K D796Y Q954H N969K	BA.2.12.1	0	0	16.5543193298804	0	1	1
BA.2	2	2024-02-18	T19I G142D V213G G339D S371F S373P S375F T376A D405N R408S K417N N440K L452Q S477N T478K E484A Q493R Q498R N501Y Y505H D614G H655Y N679K P681H S704L N764K D796Y Q954H N969K	BA.2.12.1	0	0	18.3106971626189	0	1	0
BA.2	2	2024-02-25	T19I G142D V213G G339D S371F S373P S375F T376A D405N R408S K417N N440K L452Q S477N T478K E484A Q493R Q498R N501Y Y505H D614G H655Y N679K P681H S704L N764K D796Y Q954H N969K	BA.2.12.1	0	0	40.2607149541456	0	2	0
BA.2	2	2024-03-03	T19I G142D V213G G339D S371F S373P S375F T376A D405N R408S K417N N440K L452Q S477N T478K E484A Q493R Q498R N501Y Y505H D614G H655Y N679K P681H S704L N764K D796Y Q954H N969K	BA.2.12.1	0	0	50.0274358974359	0	2	0
BA.2	2	2024-03-10	T19I G142D V213G G339D S371F S373P S375F T376A D405N R408S K417N N440K L452Q S477N T478K E484A Q493R Q498R N501Y Y505H D614G H655Y N679K P681H S704L N764K D796Y Q954H N969K	BA.2.12.1	0	0	76.0786346943184	0	2	1
BA.2	2	2024-03-17	T19I G142D V213G G339D S371F S373P S375F T376A D405N R408S K417N N440K L452Q S477N T478K E484A Q493R Q498R N501Y Y505H D614G H655Y N679K P681H S704L N764K D796Y Q954H N969K	BA.2.12.1	0	0	130.440606571188	0	3	1
BA.2	2	2024-03-24	T19I G142D V213G G339D S371F S373P S375F T376A D405N R408S K417N N440K L452Q S477N T478K E484A Q493R Q498R N501Y Y505H D614G H655Y N679K P681H S704L N764K D796Y Q954H N969K	BA.2.12.1	0	0	0	0	0	2
BA.2	2	2024-03-31	T19I G142D V213G G339D S371F S373P S375F T376A D405N R408S K417N N440K L452Q S477N T478K E484A Q493R Q498R N501Y Y505H D614G H655Y N679K P681H S704L N764K D796Y Q954H N969K	BA.2.12.1	0	0	272.334158415842	0	1	0
