VOC	TopK	Week	Mut	Lineage	Proportion	HaploWeeklyCases	VOCWeeklyCases	HaploCount	OtherCount	PreviousVOCCount
BA.4/5	2	2020-01-12	T19I G142D V213G G339D R346T S371F S373P S375F T376A D405N R408S K417N N440K L452R S477N T478K E484A F486V Q498R N501Y Y505H D614G H655Y N679K P681H N764K D796Y Q954H N969K	BF.7	0	0	0	0	0	0
BA.4/5	2	2020-01-19	T19I G142D V213G G339D R346T S371F S373P S375F T376A D405N R408S K417N N440K L452R S477N T478K E484A F486V Q498R N501Y Y505H D614G H655Y N679K P681H N764K D796Y Q954H N969K	BF.7	0	0	0	0	0	0
BA.4/5	2	2020-01-26	T19I G142D V213G G339D R346T S371F S373P S375F T376A D405N R408S K417N N440K L452R S477N T478K E484A F486V Q498R N501Y Y505H D614G H655Y N679K P681H N764K D796Y Q954H N969K	BF.7	0	0	0	0	0	0
BA.4/5	2	2020-02-02	T19I G142D V213G G339D R346T S371F S373P S375F T376A D405N R408S K417N N440K L452R S477N T478K E484A F486V Q498R N501Y Y505H D614G H655Y N679K P681H N764K D796Y Q954H N969K	BF.7	0	0	0	0	0	0
BA.4/5	2	2020-02-09	T19I G142D V213G G339D R346T S371F S373P S375F T376A D405N R408S K417N N440K L452R S477N T478K E484A F486V Q498R N501Y Y505H D614G H655Y N679K P681H N764K D796Y Q954H N969K	BF.7	0	0	0	0	0	0
BA.4/5	2	2020-02-16	T19I G142D V213G G339D R346T S371F S373P S375F T376A D405N R408S K417N N440K L452R S477N T478K E484A F486V Q498R N501Y Y505H D614G H655Y N679K P681H N764K D796Y Q954H N969K	BF.7	0	0	0	0	0	0
BA.4/5	2	2020-02-23	T19I G142D V213G G339D R346T S371F S373P S375F T376A D405N R408S K417N N440K L452R S477N T478K E484A F486V Q498R N501Y Y505H D614G H655Y N679K P681H N764K D796Y Q954H N969K	BF.7	0	0	0	0	0	0
BA.4/5	2	2020-03-01	T19I G142D V213G G339D R346T S371F S373P S375F T376A D405N R408S K417N N440K L452R S477N T478K E484A F486V Q498R N501Y Y505H D614G H655Y N679K P681H N764K D796Y Q954H N969K	BF.7	0	0	0	0	0	0
BA.4/5	2	2020-03-08	T19I G142D V213G G339D R346T S371F S373P S375F T376A D405N R408S K417N N440K L452R S477N T478K E484A F486V Q498R N501Y Y505H D614G H655Y N679K P681H N764K D796Y Q954H N969K	BF.7	0	0	0	0	0	0
BA.4/5	2	2020-03-15	T19I G142D V213G G339D R346T S371F S373P S375F T376A D405N R408S K417N N440K L452R S477N T478K E484A F486V Q498R N501Y Y505H D614G H655Y N679K P681H N764K D796Y Q954H N969K	BF.7	0	0	0	0	0	0
BA.4/5	2	2020-03-22	T19I G142D V213G G339D R346T S371F S373P S375F T376A D405N R408S K417N N440K L452R S477N T478K E484A F486V Q498R N501Y Y505H D614G H655Y N679K P681H N764K D796Y Q954H N969K	BF.7	0	0	0	0	0	0
BA.4/5	2	2020-03-29	T19I G142D V213G G339D R346T S371F S373P S375F T376A D405N R408S K417N N440K L452R S477N T478K E484A F486V Q498R N501Y Y505H D614G H655Y N679K P681H N764K D796Y Q954H N969K	BF.7	0	0	0	0	0	1
BA.4/5	2	2020-04-05	T19I G142D V213G G339D R346T S371F S373P S375F T376A D405N R408S K417N N440K L452R S477N T478K E484A F486V Q498R N501Y Y505H D614G H655Y N679K P681H N764K D796Y Q954H N969K	BF.7	0	0	0	0	0	0
BA.4/5	2	2020-04-12	T19I G142D V213G G339D R346T S371F S373P S375F T376A D405N R408S K417N N440K L452R S477N T478K E484A F486V Q498R N501Y Y505H D614G H655Y N679K P681H N764K D796Y Q954H N969K	BF.7	0	0	0	0	0	0
BA.4/5	2	2020-04-19	T19I G142D V213G G339D R346T S371F S373P S375F T376A D405N R408S K417N N440K L452R S477N T478K E484A F486V Q498R N501Y Y505H D614G H655Y N679K P681H N764K D796Y Q954H N969K	BF.7	0	0	0	0	0	0
BA.4/5	2	2020-04-26	T19I G142D V213G G339D R346T S371F S373P S375F T376A D405N R408S K417N N440K L452R S477N T478K E484A F486V Q498R N501Y Y505H D614G H655Y N679K P681H N764K D796Y Q954H N969K	BF.7	0	0	0	0	0	0
BA.4/5	2	2020-05-03	T19I G142D V213G G339D R346T S371F S373P S375F T376A D405N R408S K417N N440K L452R S477N T478K E484A F486V Q498R N501Y Y505H D614G H655Y N679K P681H N764K D796Y Q954H N969K	BF.7	0	0	0	0	0	0
BA.4/5	2	2020-05-10	T19I G142D V213G G339D R346T S371F S373P S375F T376A D405N R408S K417N N440K L452R S477N T478K E484A F486V Q498R N501Y Y505H D614G H655Y N679K P681H N764K D796Y Q954H N969K	BF.7	0	0	0	0	0	0
BA.4/5	2	2020-05-17	T19I G142D V213G G339D R346T S371F S373P S375F T376A D405N R408S K417N N440K L452R S477N T478K E484A F486V Q498R N501Y Y505H D614G H655Y N679K P681H N764K D796Y Q954H N969K	BF.7	0	0	0	0	0	0
BA.4/5	2	2020-05-24	T19I G142D V213G G339D R346T S371F S373P S375F T376A D405N R408S K417N N440K L452R S477N T478K E484A F486V Q498R N501Y Y505H D614G H655Y N679K P681H N764K D796Y Q954H N969K	BF.7	0	0	0	0	0	0
BA.4/5	2	2020-05-31	T19I G142D V213G G339D R346T S371F S373P S375F T376A D405N R408S K417N N440K L452R S477N T478K E484A F486V Q498R N501Y Y505H D614G H655Y N679K P681H N764K D796Y Q954H N969K	BF.7	0	0	0	0	0	0
BA.4/5	2	2020-06-07	T19I G142D V213G G339D R346T S371F S373P S375F T376A D405N R408S K417N N440K L452R S477N T478K E484A F486V Q498R N501Y Y505H D614G H655Y N679K P681H N764K D796Y Q954H N969K	BF.7	0	0	0	0	0	0
BA.4/5	2	2020-06-14	T19I G142D V213G G339D R346T S371F S373P S375F T376A D405N R408S K417N N440K L452R S477N T478K E484A F486V Q498R N501Y Y505H D614G H655Y N679K P681H N764K D796Y Q954H N969K	BF.7	0	0	0	0	0	0
BA.4/5	2	2020-06-21	T19I G142D V213G G339D R346T S371F S373P S375F T376A D405N R408S K417N N440K L452R S477N T478K E484A F486V Q498R N501Y Y505H D614G H655Y N679K P681H N764K D796Y Q954H N969K	BF.7	0	0	0	0	0	0
BA.4/5	2	2020-06-28	T19I G142D V213G G339D R346T S371F S373P S375F T376A D405N R408S K417N N440K L452R S477N T478K E484A F486V Q498R N501Y Y505H D614G H655Y N679K P681H N764K D796Y Q954H N969K	BF.7	0	0	0	0	0	0
BA.4/5	2	2020-07-05	T19I G142D V213G G339D R346T S371F S373P S375F T376A D405N R408S K417N N440K L452R S477N T478K E484A F486V Q498R N501Y Y505H D614G H655Y N679K P681H N764K D796Y Q954H N969K	BF.7	0	0	684.371438559692	0	3	0
BA.4/5	2	2020-07-12	T19I G142D V213G G339D R346T S371F S373P S375F T376A D405N R408S K417N N440K L452R S477N T478K E484A F486V Q498R N501Y Y505H D614G H655Y N679K P681H N764K D796Y Q954H N969K	BF.7	0	0	0	0	0	0
BA.4/5	2	2020-07-19	T19I G142D V213G G339D R346T S371F S373P S375F T376A D405N R408S K417N N440K L452R S477N T478K E484A F486V Q498R N501Y Y505H D614G H655Y N679K P681H N764K D796Y Q954H N969K	BF.7	0	0	0	0	0	0
BA.4/5	2	2020-07-26	T19I G142D V213G G339D R346T S371F S373P S375F T376A D405N R408S K417N N440K L452R S477N T478K E484A F486V Q498R N501Y Y505H D614G H655Y N679K P681H N764K D796Y Q954H N969K	BF.7	0	0	267.86641717345	0	1	0
BA.4/5	2	2020-08-02	T19I G142D V213G G339D R346T S371F S373P S375F T376A D405N R408S K417N N440K L452R S477N T478K E484A F486V Q498R N501Y Y505H D614G H655Y N679K P681H N764K D796Y Q954H N969K	BF.7	0	0	0	0	0	0
BA.4/5	2	2020-08-09	T19I G142D V213G G339D R346T S371F S373P S375F T376A D405N R408S K417N N440K L452R S477N T478K E484A F486V Q498R N501Y Y505H D614G H655Y N679K P681H N764K D796Y Q954H N969K	BF.7	0	0	0	0	0	0
BA.4/5	2	2020-08-16	T19I G142D V213G G339D R346T S371F S373P S375F T376A D405N R408S K417N N440K L452R S477N T478K E484A F486V Q498R N501Y Y505H D614G H655Y N679K P681H N764K D796Y Q954H N969K	BF.7	0	0	1070.53192413494	0	4	0
BA.4/5	2	2020-08-23	T19I G142D V213G G339D R346T S371F S373P S375F T376A D405N R408S K417N N440K L452R S477N T478K E484A F486V Q498R N501Y Y505H D614G H655Y N679K P681H N764K D796Y Q954H N969K	BF.7	0	0	0	0	0	1
BA.4/5	2	2020-08-30	T19I G142D V213G G339D R346T S371F S373P S375F T376A D405N R408S K417N N440K L452R S477N T478K E484A F486V Q498R N501Y Y505H D614G H655Y N679K P681H N764K D796Y Q954H N969K	BF.7	0	0	284.564618697111	0	1	0
BA.4/5	2	2020-09-06	T19I G142D V213G G339D R346T S371F S373P S375F T376A D405N R408S K417N N440K L452R S477N T478K E484A F486V Q498R N501Y Y505H D614G H655Y N679K P681H N764K D796Y Q954H N969K	BF.7	0	0	260.825193954886	0	1	1
BA.4/5	2	2020-09-13	T19I G142D V213G G339D R346T S371F S373P S375F T376A D405N R408S K417N N440K L452R S477N T478K E484A F486V Q498R N501Y Y505H D614G H655Y N679K P681H N764K D796Y Q954H N969K	BF.7	0	0	0	0	0	0
BA.4/5	2	2020-09-20	T19I G142D V213G G339D R346T S371F S373P S375F T376A D405N R408S K417N N440K L452R S477N T478K E484A F486V Q498R N501Y Y505H D614G H655Y N679K P681H N764K D796Y Q954H N969K	BF.7	0	0	0	0	0	0
BA.4/5	2	2020-09-27	T19I G142D V213G G339D R346T S371F S373P S375F T376A D405N R408S K417N N440K L452R S477N T478K E484A F486V Q498R N501Y Y505H D614G H655Y N679K P681H N764K D796Y Q954H N969K	BF.7	0	0	0	0	0	1
BA.4/5	2	2020-10-04	T19I G142D V213G G339D R346T S371F S373P S375F T376A D405N R408S K417N N440K L452R S477N T478K E484A F486V Q498R N501Y Y505H D614G H655Y N679K P681H N764K D796Y Q954H N969K	BF.7	0	0	0	0	0	0
BA.4/5	2	2020-10-11	T19I G142D V213G G339D R346T S371F S373P S375F T376A D405N R408S K417N N440K L452R S477N T478K E484A F486V Q498R N501Y Y505H D614G H655Y N679K P681H N764K D796Y Q954H N969K	BF.7	0	0	208.713168034354	0	1	0
BA.4/5	2	2020-10-18	T19I G142D V213G G339D R346T S371F S373P S375F T376A D405N R408S K417N N440K L452R S477N T478K E484A F486V Q498R N501Y Y505H D614G H655Y N679K P681H N764K D796Y Q954H N969K	BF.7	0	0	0	0	0	0
BA.4/5	2	2020-10-25	T19I G142D V213G G339D R346T S371F S373P S375F T376A D405N R408S K417N N440K L452R S477N T478K E484A F486V Q498R N501Y Y505H D614G H655Y N679K P681H N764K D796Y Q954H N969K	BF.7	0	0	0	0	0	0
BA.4/5	2	2020-11-01	T19I G142D V213G G339D R346T S371F S373P S375F T376A D405N R408S K417N N440K L452R S477N T478K E484A F486V Q498R N501Y Y505H D614G H655Y N679K P681H N764K D796Y Q954H N969K	BF.7	0	0	0	0	0	0
BA.4/5	2	2020-11-08	T19I G142D V213G G339D R346T S371F S373P S375F T376A D405N R408S K417N N440K L452R S477N T478K E484A F486V Q498R N501Y Y505H D614G H655Y N679K P681H N764K D796Y Q954H N969K	BF.7	0	0	0	0	0	0
BA.4/5	2	2020-11-15	T19I G142D V213G G339D R346T S371F S373P S375F T376A D405N R408S K417N N440K L452R S477N T478K E484A F486V Q498R N501Y Y505H D614G H655Y N679K P681H N764K D796Y Q954H N969K	BF.7	0	0	210.512945834209	0	1	1
BA.4/5	2	2020-11-22	T19I G142D V213G G339D R346T S371F S373P S375F T376A D405N R408S K417N N440K L452R S477N T478K E484A F486V Q498R N501Y Y505H D614G H655Y N679K P681H N764K D796Y Q954H N969K	BF.7	0	0	0	0	0	0
BA.4/5	2	2020-11-29	T19I G142D V213G G339D R346T S371F S373P S375F T376A D405N R408S K417N N440K L452R S477N T478K E484A F486V Q498R N501Y Y505H D614G H655Y N679K P681H N764K D796Y Q954H N969K	BF.7	0	0	0	0	0	0
BA.4/5	2	2020-12-06	T19I G142D V213G G339D R346T S371F S373P S375F T376A D405N R408S K417N N440K L452R S477N T478K E484A F486V Q498R N501Y Y505H D614G H655Y N679K P681H N764K D796Y Q954H N969K	BF.7	0	0	0	0	0	0
BA.4/5	2	2020-12-13	T19I G142D V213G G339D R346T S371F S373P S375F T376A D405N R408S K417N N440K L452R S477N T478K E484A F486V Q498R N501Y Y505H D614G H655Y N679K P681H N764K D796Y Q954H N969K	BF.7	0	0	0	0	0	0
BA.4/5	2	2020-12-20	T19I G142D V213G G339D R346T S371F S373P S375F T376A D405N R408S K417N N440K L452R S477N T478K E484A F486V Q498R N501Y Y505H D614G H655Y N679K P681H N764K D796Y Q954H N969K	BF.7	0	0	0	0	0	0
BA.4/5	2	2020-12-27	T19I G142D V213G G339D R346T S371F S373P S375F T376A D405N R408S K417N N440K L452R S477N T478K E484A F486V Q498R N501Y Y505H D614G H655Y N679K P681H N764K D796Y Q954H N969K	BF.7	0	0	0	0	0	0
BA.4/5	2	2021-01-03	T19I G142D V213G G339D R346T S371F S373P S375F T376A D405N R408S K417N N440K L452R S477N T478K E484A F486V Q498R N501Y Y505H D614G H655Y N679K P681H N764K D796Y Q954H N969K	BF.7	0	0	0	0	0	0
BA.4/5	2	2021-01-10	T19I G142D V213G G339D R346T S371F S373P S375F T376A D405N R408S K417N N440K L452R S477N T478K E484A F486V Q498R N501Y Y505H D614G H655Y N679K P681H N764K D796Y Q954H N969K	BF.7	0	0	0	0	0	0
BA.4/5	2	2021-01-17	T19I G142D V213G G339D R346T S371F S373P S375F T376A D405N R408S K417N N440K L452R S477N T478K E484A F486V Q498R N501Y Y505H D614G H655Y N679K P681H N764K D796Y Q954H N969K	BF.7	0	0	122.424137331595	0	1	0
BA.4/5	2	2021-01-24	T19I G142D V213G G339D R346T S371F S373P S375F T376A D405N R408S K417N N440K L452R S477N T478K E484A F486V Q498R N501Y Y505H D614G H655Y N679K P681H N764K D796Y Q954H N969K	BF.7	0	0	0	0	0	0
BA.4/5	2	2021-01-31	T19I G142D V213G G339D R346T S371F S373P S375F T376A D405N R408S K417N N440K L452R S477N T478K E484A F486V Q498R N501Y Y505H D614G H655Y N679K P681H N764K D796Y Q954H N969K	BF.7	0	0	0	0	0	0
BA.4/5	2	2021-02-07	T19I G142D V213G G339D R346T S371F S373P S375F T376A D405N R408S K417N N440K L452R S477N T478K E484A F486V Q498R N501Y Y505H D614G H655Y N679K P681H N764K D796Y Q954H N969K	BF.7	0	0	0	0	0	0
BA.4/5	2	2021-02-14	T19I G142D V213G G339D R346T S371F S373P S375F T376A D405N R408S K417N N440K L452R S477N T478K E484A F486V Q498R N501Y Y505H D614G H655Y N679K P681H N764K D796Y Q954H N969K	BF.7	0	0	0	0	0	0
BA.4/5	2	2021-02-21	T19I G142D V213G G339D R346T S371F S373P S375F T376A D405N R408S K417N N440K L452R S477N T478K E484A F486V Q498R N501Y Y505H D614G H655Y N679K P681H N764K D796Y Q954H N969K	BF.7	0	0	0	0	0	0
BA.4/5	2	2021-02-28	T19I G142D V213G G339D R346T S371F S373P S375F T376A D405N R408S K417N N440K L452R S477N T478K E484A F486V Q498R N501Y Y505H D614G H655Y N679K P681H N764K D796Y Q954H N969K	BF.7	0	0	0	0	0	0
BA.4/5	2	2021-03-07	T19I G142D V213G G339D R346T S371F S373P S375F T376A D405N R408S K417N N440K L452R S477N T478K E484A F486V Q498R N501Y Y505H D614G H655Y N679K P681H N764K D796Y Q954H N969K	BF.7	0	0	0	0	0	0
BA.4/5	2	2021-03-14	T19I G142D V213G G339D R346T S371F S373P S375F T376A D405N R408S K417N N440K L452R S477N T478K E484A F486V Q498R N501Y Y505H D614G H655Y N679K P681H N764K D796Y Q954H N969K	BF.7	0	0	0	0	0	1
BA.4/5	2	2021-03-21	T19I G142D V213G G339D R346T S371F S373P S375F T376A D405N R408S K417N N440K L452R S477N T478K E484A F486V Q498R N501Y Y505H D614G H655Y N679K P681H N764K D796Y Q954H N969K	BF.7	0	0	0	0	0	0
BA.4/5	2	2021-03-28	T19I G142D V213G G339D R346T S371F S373P S375F T376A D405N R408S K417N N440K L452R S477N T478K E484A F486V Q498R N501Y Y505H D614G H655Y N679K P681H N764K D796Y Q954H N969K	BF.7	0	0	0	0	0	0
BA.4/5	2	2021-04-04	T19I G142D V213G G339D R346T S371F S373P S375F T376A D405N R408S K417N N440K L452R S477N T478K E484A F486V Q498R N501Y Y505H D614G H655Y N679K P681H N764K D796Y Q954H N969K	BF.7	0	0	0	0	0	0
BA.4/5	2	2021-04-11	T19I G142D V213G G339D R346T S371F S373P S375F T376A D405N R408S K417N N440K L452R S477N T478K E484A F486V Q498R N501Y Y505H D614G H655Y N679K P681H N764K D796Y Q954H N969K	BF.7	0	0	0	0	0	0
BA.4/5	2	2021-04-18	T19I G142D V213G G339D R346T S371F S373P S375F T376A D405N R408S K417N N440K L452R S477N T478K E484A F486V Q498R N501Y Y505H D614G H655Y N679K P681H N764K D796Y Q954H N969K	BF.7	0	0	0	0	0	0
BA.4/5	2	2021-04-25	T19I G142D V213G G339D R346T S371F S373P S375F T376A D405N R408S K417N N440K L452R S477N T478K E484A F486V Q498R N501Y Y505H D614G H655Y N679K P681H N764K D796Y Q954H N969K	BF.7	0	0	0	0	0	0
BA.4/5	2	2021-05-02	T19I G142D V213G G339D R346T S371F S373P S375F T376A D405N R408S K417N N440K L452R S477N T478K E484A F486V Q498R N501Y Y505H D614G H655Y N679K P681H N764K D796Y Q954H N969K	BF.7	0	0	0	0	0	1
BA.4/5	2	2021-05-09	T19I G142D V213G G339D R346T S371F S373P S375F T376A D405N R408S K417N N440K L452R S477N T478K E484A F486V Q498R N501Y Y505H D614G H655Y N679K P681H N764K D796Y Q954H N969K	BF.7	0	0	0	0	0	2
BA.4/5	2	2021-05-16	T19I G142D V213G G339D R346T S371F S373P S375F T376A D405N R408S K417N N440K L452R S477N T478K E484A F486V Q498R N501Y Y505H D614G H655Y N679K P681H N764K D796Y Q954H N969K	BF.7	0	0	0	0	0	0
BA.4/5	2	2021-05-23	T19I G142D V213G G339D R346T S371F S373P S375F T376A D405N R408S K417N N440K L452R S477N T478K E484A F486V Q498R N501Y Y505H D614G H655Y N679K P681H N764K D796Y Q954H N969K	BF.7	0	0	0	0	0	0
BA.4/5	2	2021-05-30	T19I G142D V213G G339D R346T S371F S373P S375F T376A D405N R408S K417N N440K L452R S477N T478K E484A F486V Q498R N501Y Y505H D614G H655Y N679K P681H N764K D796Y Q954H N969K	BF.7	0	0	0	0	0	0
BA.4/5	2	2021-06-06	T19I G142D V213G G339D R346T S371F S373P S375F T376A D405N R408S K417N N440K L452R S477N T478K E484A F486V Q498R N501Y Y505H D614G H655Y N679K P681H N764K D796Y Q954H N969K	BF.7	0	0	0	0	0	0
BA.4/5	2	2021-06-13	T19I G142D V213G G339D R346T S371F S373P S375F T376A D405N R408S K417N N440K L452R S477N T478K E484A F486V Q498R N501Y Y505H D614G H655Y N679K P681H N764K D796Y Q954H N969K	BF.7	0	0	0	0	0	0
BA.4/5	2	2021-06-20	T19I G142D V213G G339D R346T S371F S373P S375F T376A D405N R408S K417N N440K L452R S477N T478K E484A F486V Q498R N501Y Y505H D614G H655Y N679K P681H N764K D796Y Q954H N969K	BF.7	0	0	0	0	0	0
BA.4/5	2	2021-06-27	T19I G142D V213G G339D R346T S371F S373P S375F T376A D405N R408S K417N N440K L452R S477N T478K E484A F486V Q498R N501Y Y505H D614G H655Y N679K P681H N764K D796Y Q954H N969K	BF.7	0	0	0	0	0	0
BA.4/5	2	2021-07-04	T19I G142D V213G G339D R346T S371F S373P S375F T376A D405N R408S K417N N440K L452R S477N T478K E484A F486V Q498R N501Y Y505H D614G H655Y N679K P681H N764K D796Y Q954H N969K	BF.7	0	0	135.329917569349	0	2	18
BA.4/5	2	2021-07-11	T19I G142D V213G G339D R346T S371F S373P S375F T376A D405N R408S K417N N440K L452R S477N T478K E484A F486V Q498R N501Y Y505H D614G H655Y N679K P681H N764K D796Y Q954H N969K	BF.7	0	0	0	0	0	1
BA.4/5	2	2021-07-18	T19I G142D V213G G339D R346T S371F S373P S375F T376A D405N R408S K417N N440K L452R S477N T478K E484A F486V Q498R N501Y Y505H D614G H655Y N679K P681H N764K D796Y Q954H N969K	BF.7	0	0	0	0	0	0
BA.4/5	2	2021-07-25	T19I G142D V213G G339D R346T S371F S373P S375F T376A D405N R408S K417N N440K L452R S477N T478K E484A F486V Q498R N501Y Y505H D614G H655Y N679K P681H N764K D796Y Q954H N969K	BF.7	0	0	0	0	0	0
BA.4/5	2	2021-08-01	T19I G142D V213G G339D R346T S371F S373P S375F T376A D405N R408S K417N N440K L452R S477N T478K E484A F486V Q498R N501Y Y505H D614G H655Y N679K P681H N764K D796Y Q954H N969K	BF.7	0	0	0	0	0	0
BA.4/5	2	2021-08-08	T19I G142D V213G G339D R346T S371F S373P S375F T376A D405N R408S K417N N440K L452R S477N T478K E484A F486V Q498R N501Y Y505H D614G H655Y N679K P681H N764K D796Y Q954H N969K	BF.7	0	0	0	0	0	0
BA.4/5	2	2021-08-15	T19I G142D V213G G339D R346T S371F S373P S375F T376A D405N R408S K417N N440K L452R S477N T478K E484A F486V Q498R N501Y Y505H D614G H655Y N679K P681H N764K D796Y Q954H N969K	BF.7	0	0	0	0	0	1
BA.4/5	2	2021-08-22	T19I G142D V213G G339D R346T S371F S373P S375F T376A D405N R408S K417N N440K L452R S477N T478K E484A F486V Q498R N501Y Y505H D614G H655Y N679K P681H N764K D796Y Q954H N969K	BF.7	0	0	0	0	0	0
BA.4/5	2	2021-08-29	T19I G142D V213G G339D R346T S371F S373P S375F T376A D405N R408S K417N N440K L452R S477N T478K E484A F486V Q498R N501Y Y505H D614G H655Y N679K P681H N764K D796Y Q954H N969K	BF.7	0	0	139.513696652159	0	3	0
BA.4/5	2	2021-09-05	T19I G142D V213G G339D R346T S371F S373P S375F T376A D405N R408S K417N N440K L452R S477N T478K E484A F486V Q498R N501Y Y505H D614G H655Y N679K P681H N764K D796Y Q954H N969K	BF.7	0	0	0	0	0	0
BA.4/5	2	2021-09-12	T19I G142D V213G G339D R346T S371F S373P S375F T376A D405N R408S K417N N440K L452R S477N T478K E484A F486V Q498R N501Y Y505H D614G H655Y N679K P681H N764K D796Y Q954H N969K	BF.7	0	0	0	0	0	0
BA.4/5	2	2021-09-19	T19I G142D V213G G339D R346T S371F S373P S375F T376A D405N R408S K417N N440K L452R S477N T478K E484A F486V Q498R N501Y Y505H D614G H655Y N679K P681H N764K D796Y Q954H N969K	BF.7	0	0	0	0	0	0
BA.4/5	2	2021-09-26	T19I G142D V213G G339D R346T S371F S373P S375F T376A D405N R408S K417N N440K L452R S477N T478K E484A F486V Q498R N501Y Y505H D614G H655Y N679K P681H N764K D796Y Q954H N969K	BF.7	0	0	47.6352141067251	0	1	0
BA.4/5	2	2021-10-03	T19I G142D V213G G339D R346T S371F S373P S375F T376A D405N R408S K417N N440K L452R S477N T478K E484A F486V Q498R N501Y Y505H D614G H655Y N679K P681H N764K D796Y Q954H N969K	BF.7	0	0	43.961910533831	0	1	1
BA.4/5	2	2021-10-10	T19I G142D V213G G339D R346T S371F S373P S375F T376A D405N R408S K417N N440K L452R S477N T478K E484A F486V Q498R N501Y Y505H D614G H655Y N679K P681H N764K D796Y Q954H N969K	BF.7	0	0	0	0	0	0
BA.4/5	2	2021-10-17	T19I G142D V213G G339D R346T S371F S373P S375F T376A D405N R408S K417N N440K L452R S477N T478K E484A F486V Q498R N501Y Y505H D614G H655Y N679K P681H N764K D796Y Q954H N969K	BF.7	0	0	0	0	0	0
BA.4/5	2	2021-10-24	T19I G142D V213G G339D R346T S371F S373P S375F T376A D405N R408S K417N N440K L452R S477N T478K E484A F486V Q498R N501Y Y505H D614G H655Y N679K P681H N764K D796Y Q954H N969K	BF.7	0	0	0	0	0	0
BA.4/5	2	2021-10-31	T19I G142D V213G G339D R346T S371F S373P S375F T376A D405N R408S K417N N440K L452R S477N T478K E484A F486V Q498R N501Y Y505H D614G H655Y N679K P681H N764K D796Y Q954H N969K	BF.7	0	0	68.5822241368518	0	2	0
BA.4/5	2	2021-11-07	T19I G142D V213G G339D R346T S371F S373P S375F T376A D405N R408S K417N N440K L452R S477N T478K E484A F486V Q498R N501Y Y505H D614G H655Y N679K P681H N764K D796Y Q954H N969K	BF.7	0.0769230769230769	33.6732089575353	437.751716447959	1	12	1
BA.4/5	2	2021-11-14	T19I G142D V213G G339D R346T S371F S373P S375F T376A D405N R408S K417N N440K L452R S477N T478K E484A F486V Q498R N501Y Y505H D614G H655Y N679K P681H N764K D796Y Q954H N969K	BF.7	0	0	32.9420928368341	0	1	0
BA.4/5	2	2021-11-21	T19I G142D V213G G339D R346T S371F S373P S375F T376A D405N R408S K417N N440K L452R S477N T478K E484A F486V Q498R N501Y Y505H D614G H655Y N679K P681H N764K D796Y Q954H N969K	BF.7	0	0	74.6855943597311	0	2	2
BA.4/5	2	2021-11-28	T19I G142D V213G G339D R346T S371F S373P S375F T376A D405N R408S K417N N440K L452R S477N T478K E484A F486V Q498R N501Y Y505H D614G H655Y N679K P681H N764K D796Y Q954H N969K	BF.7	0	0	42.9290330310014	0	1	2
BA.4/5	2	2021-12-05	T19I G142D V213G G339D R346T S371F S373P S375F T376A D405N R408S K417N N440K L452R S477N T478K E484A F486V Q498R N501Y Y505H D614G H655Y N679K P681H N764K D796Y Q954H N969K	BF.7	0	0	0	0	0	8
BA.4/5	2	2021-12-12	T19I G142D V213G G339D R346T S371F S373P S375F T376A D405N R408S K417N N440K L452R S477N T478K E484A F486V Q498R N501Y Y505H D614G H655Y N679K P681H N764K D796Y Q954H N969K	BF.7	0	0	0	0	0	58
BA.4/5	2	2021-12-19	T19I G142D V213G G339D R346T S371F S373P S375F T376A D405N R408S K417N N440K L452R S477N T478K E484A F486V Q498R N501Y Y505H D614G H655Y N679K P681H N764K D796Y Q954H N969K	BF.7	0	0	241.227417912355	0	4	139
BA.4/5	2	2021-12-26	T19I G142D V213G G339D R346T S371F S373P S375F T376A D405N R408S K417N N440K L452R S477N T478K E484A F486V Q498R N501Y Y505H D614G H655Y N679K P681H N764K D796Y Q954H N969K	BF.7	0	0	105.322235598956	0	1	460
BA.4/5	2	2022-01-02	T19I G142D V213G G339D R346T S371F S373P S375F T376A D405N R408S K417N N440K L452R S477N T478K E484A F486V Q498R N501Y Y505H D614G H655Y N679K P681H N764K D796Y Q954H N969K	BF.7	0	0	146.826663477891	0	1	1707
BA.4/5	2	2022-01-09	T19I G142D V213G G339D R346T S371F S373P S375F T376A D405N R408S K417N N440K L452R S477N T478K E484A F486V Q498R N501Y Y505H D614G H655Y N679K P681H N764K D796Y Q954H N969K	BF.7	0.238095238095238	841.103238723686	3532.63360263948	5	16	4200
BA.4/5	2	2022-01-16	T19I G142D V213G G339D R346T S371F S373P S375F T376A D405N R408S K417N N440K L452R S477N T478K E484A F486V Q498R N501Y Y505H D614G H655Y N679K P681H N764K D796Y Q954H N969K	BF.7	0.0555555555555556	186.691125441425	3360.44025794565	1	17	5984
BA.4/5	2	2022-01-23	T19I G142D V213G G339D R346T S371F S373P S375F T376A D405N R408S K417N N440K L452R S477N T478K E484A F486V Q498R N501Y Y505H D614G H655Y N679K P681H N764K D796Y Q954H N969K	BF.7	0	0	1692.83215954606	0	9	10241
BA.4/5	2	2022-01-30	T19I G142D V213G G339D R346T S371F S373P S375F T376A D405N R408S K417N N440K L452R S477N T478K E484A F486V Q498R N501Y Y505H D614G H655Y N679K P681H N764K D796Y Q954H N969K	BF.7	0.2	640.585698005152	3202.92849002576	3	12	11702
BA.4/5	2	2022-02-06	T19I G142D V213G G339D R346T S371F S373P S375F T376A D405N R408S K417N N440K L452R S477N T478K E484A F486V Q498R N501Y Y505H D614G H655Y N679K P681H N764K D796Y Q954H N969K	BF.7	0.0909090909090909	185.570080081679	2041.27088089847	1	10	18082
BA.4/5	2	2022-02-13	T19I G142D V213G G339D R346T S371F S373P S375F T376A D405N R408S K417N N440K L452R S477N T478K E484A F486V Q498R N501Y Y505H D614G H655Y N679K P681H N764K D796Y Q954H N969K	BF.7	0	0	1911.00707743956	0	12	23482
BA.4/5	2	2022-02-20	T19I G142D V213G G339D R346T S371F S373P S375F T376A D405N R408S K417N N440K L452R S477N T478K E484A F486V Q498R N501Y Y505H D614G H655Y N679K P681H N764K D796Y Q954H N969K	BF.7	0	0	1446.41469261268	0	12	39461
BA.4/5	2	2022-02-27	T19I G142D V213G G339D R346T S371F S373P S375F T376A D405N R408S K417N N440K L452R S477N T478K E484A F486V Q498R N501Y Y505H D614G H655Y N679K P681H N764K D796Y Q954H N969K	BF.7	0.0588235294117647	120.550363043249	2049.35617173524	1	16	44714
BA.4/5	2	2022-03-06	T19I G142D V213G G339D R346T S371F S373P S375F T376A D405N R408S K417N N440K L452R S477N T478K E484A F486V Q498R N501Y Y505H D614G H655Y N679K P681H N764K D796Y Q954H N969K	BF.7	0	0	2027.45608888563	0	15	50638
BA.4/5	2	2022-03-13	T19I G142D V213G G339D R346T S371F S373P S375F T376A D405N R408S K417N N440K L452R S477N T478K E484A F486V Q498R N501Y Y505H D614G H655Y N679K P681H N764K D796Y Q954H N969K	BF.7	0	0	1904.56823345171	0	15	66044
BA.4/5	2	2022-03-20	T19I G142D V213G G339D R346T S371F S373P S375F T376A D405N R408S K417N N440K L452R S477N T478K E484A F486V Q498R N501Y Y505H D614G H655Y N679K P681H N764K D796Y Q954H N969K	BF.7	0	0	1942.02297747123	0	16	78927
BA.4/5	2	2022-03-27	T19I G142D V213G G339D R346T S371F S373P S375F T376A D405N R408S K417N N440K L452R S477N T478K E484A F486V Q498R N501Y Y505H D614G H655Y N679K P681H N764K D796Y Q954H N969K	BF.7	0	0	3337.85078703862	0	27	76448
BA.4/5	2	2022-04-03	T19I G142D V213G G339D R346T S371F S373P S375F T376A D405N R408S K417N N440K L452R S477N T478K E484A F486V Q498R N501Y Y505H D614G H655Y N679K P681H N764K D796Y Q954H N969K	BF.7	0	0	4374.92020913534	0	35	65745
BA.4/5	2	2022-04-10	T19I G142D V213G G339D R346T S371F S373P S375F T376A D405N R408S K417N N440K L452R S477N T478K E484A F486V Q498R N501Y Y505H D614G H655Y N679K P681H N764K D796Y Q954H N969K	BF.7	0	0	15960.2623155323	0	139	58896
BA.4/5	2	2022-04-17	T19I G142D V213G G339D R346T S371F S373P S375F T376A D405N R408S K417N N440K L452R S477N T478K E484A F486V Q498R N501Y Y505H D614G H655Y N679K P681H N764K D796Y Q954H N969K	BF.7	0	0	19622.3178867773	0	201	56420
BA.4/5	2	2022-04-24	T19I G142D V213G G339D R346T S371F S373P S375F T376A D405N R408S K417N N440K L452R S477N T478K E484A F486V Q498R N501Y Y505H D614G H655Y N679K P681H N764K D796Y Q954H N969K	BF.7	0	0	24019.9322504031	0	292	55362
BA.4/5	2	2022-05-01	T19I G142D V213G G339D R346T S371F S373P S375F T376A D405N R408S K417N N440K L452R S477N T478K E484A F486V Q498R N501Y Y505H D614G H655Y N679K P681H N764K D796Y Q954H N969K	BF.7	0	0	50240.7764796016	0	658	50248
BA.4/5	2	2022-05-08	T19I G142D V213G G339D R346T S371F S373P S375F T376A D405N R408S K417N N440K L452R S477N T478K E484A F486V Q498R N501Y Y505H D614G H655Y N679K P681H N764K D796Y Q954H N969K	BF.7	0	0	72317.2225710442	0	981	47158
BA.4/5	2	2022-05-15	T19I G142D V213G G339D R346T S371F S373P S375F T376A D405N R408S K417N N440K L452R S477N T478K E484A F486V Q498R N501Y Y505H D614G H655Y N679K P681H N764K D796Y Q954H N969K	BF.7	0	0	119607.534564761	0	1914	51261
BA.4/5	2	2022-05-22	T19I G142D V213G G339D R346T S371F S373P S375F T376A D405N R408S K417N N440K L452R S477N T478K E484A F486V Q498R N501Y Y505H D614G H655Y N679K P681H N764K D796Y Q954H N969K	BF.7	0	0	200322.99451589	0	3157	46489
BA.4/5	2	2022-05-29	T19I G142D V213G G339D R346T S371F S373P S375F T376A D405N R408S K417N N440K L452R S477N T478K E484A F486V Q498R N501Y Y505H D614G H655Y N679K P681H N764K D796Y Q954H N969K	BF.7	0.000513434879342803	173.839789498674	338581.963346918	3	5840	44261
BA.4/5	2	2022-06-05	T19I G142D V213G G339D R346T S371F S373P S375F T376A D405N R408S K417N N440K L452R S477N T478K E484A F486V Q498R N501Y Y505H D614G H655Y N679K P681H N764K D796Y Q954H N969K	BF.7	0.000371298616912652	229.900155860141	619178.594770324	4	10769	38656
BA.4/5	2	2022-06-12	T19I G142D V213G G339D R346T S371F S373P S375F T376A D405N R408S K417N N440K L452R S477N T478K E484A F486V Q498R N501Y Y505H D614G H655Y N679K P681H N764K D796Y Q954H N969K	BF.7	0.000711587935847611	728.765306059881	1024139.49049292	13	18256	35575
BA.4/5	2	2022-06-19	T19I G142D V213G G339D R346T S371F S373P S375F T376A D405N R408S K417N N440K L452R S477N T478K E484A F486V Q498R N501Y Y505H D614G H655Y N679K P681H N764K D796Y Q954H N969K	BF.7	0.00104106835152211	1912.73560638383	1837281.484532	29	27827	25573
BA.4/5	2	2022-06-26	T19I G142D V213G G339D R346T S371F S373P S375F T376A D405N R408S K417N N440K L452R S477N T478K E484A F486V Q498R N501Y Y505H D614G H655Y N679K P681H N764K D796Y Q954H N969K	BF.7	0.00147960262101036	4201.56367034553	2839656.8177721	56	37792	18262
BA.4/5	2	2022-07-03	T19I G142D V213G G339D R346T S371F S373P S375F T376A D405N R408S K417N N440K L452R S477N T478K E484A F486V Q498R N501Y Y505H D614G H655Y N679K P681H N764K D796Y Q954H N969K	BF.7	0.00235637118836991	9351.45563272199	3968583.4213544	118	49959	14440
BA.4/5	2	2022-07-10	T19I G142D V213G G339D R346T S371F S373P S375F T376A D405N R408S K417N N440K L452R S477N T478K E484A F486V Q498R N501Y Y505H D614G H655Y N679K P681H N764K D796Y Q954H N969K	BF.7	0.002572051509164	12880.492872213	5007867.38769459	151	58557	11180
BA.4/5	2	2022-07-17	T19I G142D V213G G339D R346T S371F S373P S375F T376A D405N R408S K417N N440K L452R S477N T478K E484A F486V Q498R N501Y Y505H D614G H655Y N679K P681H N764K D796Y Q954H N969K	BF.7	0.00360293778003603	21217.1050062219	5888834.69589356	234	64713	7932
BA.4/5	2	2022-07-24	T19I G142D V213G G339D R346T S371F S373P S375F T376A D405N R408S K417N N440K L452R S477N T478K E484A F486V Q498R N501Y Y505H D614G H655Y N679K P681H N764K D796Y Q954H N969K	BF.7	0.00449608405582235	28895.7149448974	6426862.70677657	279	61775	4696
BA.4/5	2	2022-07-31	T19I G142D V213G G339D R346T S371F S373P S375F T376A D405N R408S K417N N440K L452R S477N T478K E484A F486V Q498R N501Y Y505H D614G H655Y N679K P681H N764K D796Y Q954H N969K	BF.7	0.00593267621350195	39144.0251161748	6598038.34011511	319	53451	2541
BA.4/5	2	2022-08-07	T19I G142D V213G G339D R346T S371F S373P S375F T376A D405N R408S K417N N440K L452R S477N T478K E484A F486V Q498R N501Y Y505H D614G H655Y N679K P681H N764K D796Y Q954H N969K	BF.7	0.00834001603849238	52031.1044579828	6238729.54414467	416	49464	1579
BA.4/5	2	2022-08-14	T19I G142D V213G G339D R346T S371F S373P S375F T376A D405N R408S K417N N440K L452R S477N T478K E484A F486V Q498R N501Y Y505H D614G H655Y N679K P681H N764K D796Y Q954H N969K	BF.7	0.0109651110104214	62522.7065764435	5701967.496455	484	43656	1047
BA.4/5	2	2022-08-21	T19I G142D V213G G339D R346T S371F S373P S375F T376A D405N R408S K417N N440K L452R S477N T478K E484A F486V Q498R N501Y Y505H D614G H655Y N679K P681H N764K D796Y Q954H N969K	BF.7	0.014152540460014	70670.3346971997	4993473.42598092	627	43676	823
BA.4/5	2	2022-08-28	T19I G142D V213G G339D R346T S371F S373P S375F T376A D405N R408S K417N N440K L452R S477N T478K E484A F486V Q498R N501Y Y505H D614G H655Y N679K P681H N764K D796Y Q954H N969K	BF.7	0.0170736143318329	76964.8848820157	4507826.1337155	751	43235	722
BA.4/5	2	2022-09-04	T19I G142D V213G G339D R346T S371F S373P S375F T376A D405N R408S K417N N440K L452R S477N T478K E484A F486V Q498R N501Y Y505H D614G H655Y N679K P681H N764K D796Y Q954H N969K	BF.7	0.0215654748232652	81828.0577899908	3794400.93300025	845	38338	573
BA.4/5	2	2022-09-11	T19I G142D V213G G339D R346T S371F S373P S375F T376A D405N R408S K417N N440K L452R S477N T478K E484A F486V Q498R N501Y Y505H D614G H655Y N679K P681H N764K D796Y Q954H N969K	BF.7	0.0293876164321508	96735.0221329076	3291693.36874415	1038	34283	616
BA.4/5	2	2022-09-18	T19I G142D V213G G339D R346T S371F S373P S375F T376A D405N R408S K417N N440K L452R S477N T478K E484A F486V Q498R N501Y Y505H D614G H655Y N679K P681H N764K D796Y Q954H N969K	BF.7	0.0432216494845361	125399.972574154	2901323.15794704	1677	37123	862
BA.4/5	2	2022-09-25	T19I G142D V213G G339D R346T S371F S373P S375F T376A D405N R408S K417N N440K L452R S477N T478K E484A F486V Q498R N501Y Y505H D614G H655Y N679K P681H N764K D796Y Q954H N969K	BF.7	0.052218261902692	147847.19057439	2831331.13181556	1802	32707	887
BA.4/5	2	2022-10-02	T19I G142D V213G G339D R346T S371F S373P S375F T376A D405N R408S K417N N440K L452R S477N T478K E484A F486V Q498R N501Y Y505H D614G H655Y N679K P681H N764K D796Y Q954H N969K	BF.7	0.0730520014472256	196324.344561446	2687460.17456175	2221	28182	915
BA.4/5	2	2022-10-09	T19I G142D V213G G339D R346T S371F S373P S375F T376A D405N R408S K417N N440K L452R S477N T478K E484A F486V Q498R N501Y Y505H D614G H655Y N679K P681H N764K D796Y Q954H N969K	BF.7	0.0971669806712721	247891.336509503	2551189.0438188	2785	25877	1113
BA.4/5	2	2022-10-16	T19I G142D V213G G339D R346T S371F S373P S375F T376A D405N R408S K417N N440K L452R S477N T478K E484A F486V Q498R N501Y Y505H D614G H655Y N679K P681H N764K D796Y Q954H N969K	BF.7	0.113856304985337	268522.221579842	2358430.84504124	3106	24174	1205
BA.4/5	2	2022-10-23	T19I G142D V213G G339D R346T S371F S373P S375F T376A D405N R408S K417N N440K L452R S477N T478K E484A F486V Q498R N501Y Y505H D614G H655Y N679K P681H N764K D796Y Q954H N969K	BF.7	0.124349549847196	258284.034087381	2077080.57170104	3011	21203	1282
BA.4/5	2	2022-10-30	T19I G142D V213G G339D R346T S371F S373P S375F T376A D405N R408S K417N N440K L452R S477N T478K E484A F486V Q498R N501Y Y505H D614G H655Y N679K P681H N764K D796Y Q954H N969K	BF.7	0.140393343419062	248441.496352597	1769610.22725287	3248	19887	1460
BA.4/5	2	2022-11-06	T19I G142D V213G G339D R346T S371F S373P S375F T376A D405N R408S K417N N440K L452R S477N T478K E484A F486V Q498R N501Y Y505H D614G H655Y N679K P681H N764K D796Y Q954H N969K	BF.7	0.15293044688715	232629.314397649	1521144.54075525	3186	17647	1694
BA.4/5	2	2022-11-13	T19I G142D V213G G339D R346T S371F S373P S375F T376A D405N R408S K417N N440K L452R S477N T478K E484A F486V Q498R N501Y Y505H D614G H655Y N679K P681H N764K D796Y Q954H N969K	BF.7	0.156669650850492	221488.229675228	1413727.72884131	3150	16956	1925
BA.4/5	2	2022-11-20	T19I G142D V213G G339D R346T S371F S373P S375F T376A D405N R408S K417N N440K L452R S477N T478K E484A F486V Q498R N501Y Y505H D614G H655Y N679K P681H N764K D796Y Q954H N969K	BF.7	0.164352492117055	228850.946771458	1392439.77273229	2971	15106	2268
BA.4/5	2	2022-11-27	T19I G142D V213G G339D R346T S371F S373P S375F T376A D405N R408S K417N N440K L452R S477N T478K E484A F486V Q498R N501Y Y505H D614G H655Y N679K P681H N764K D796Y Q954H N969K	BF.7	0.176626091233247	239099.010600463	1353701.53373725	2873	13393	2347
BA.4/5	2	2022-12-04	T19I G142D V213G G339D R346T S371F S373P S375F T376A D405N R408S K417N N440K L452R S477N T478K E484A F486V Q498R N501Y Y505H D614G H655Y N679K P681H N764K D796Y Q954H N969K	BF.7	0.197713110291004	248461.909410027	1256678.97816351	3268	13261	2942
BA.4/5	2	2022-12-11	T19I G142D V213G G339D R346T S371F S373P S375F T376A D405N R408S K417N N440K L452R S477N T478K E484A F486V Q498R N501Y Y505H D614G H655Y N679K P681H N764K D796Y Q954H N969K	BF.7	0.206899055918664	250889.828798587	1212619.49545684	2849	10921	3229
BA.4/5	2	2022-12-18	T19I G142D V213G G339D R346T S371F S373P S375F T376A D405N R408S K417N N440K L452R S477N T478K E484A F486V Q498R N501Y Y505H D614G H655Y N679K P681H N764K D796Y Q954H N969K	BF.7	0.219825535289453	257122.843536055	1169667.76947679	2772	9838	3506
BA.4/5	2	2022-12-25	T19I G142D V213G G339D R346T S371F S373P S375F T376A D405N R408S K417N N440K L452R S477N T478K E484A F486V Q498R N501Y Y505H D614G H655Y N679K P681H N764K D796Y Q954H N969K	BF.7	0.231667748215445	240513.515476126	1038182.9897723	2499	8288	3339
BA.4/5	2	2023-01-01	T19I G142D V213G G339D R346T S371F S373P S375F T376A D405N R408S K417N N440K L452R S477N T478K E484A F486V Q498R N501Y Y505H D614G H655Y N679K P681H N764K D796Y Q954H N969K	BF.7	0.231050573842855	180900.081528662	782945.822292994	1832	6097	3403
BA.4/5	2	2023-01-08	T19I G142D V213G G339D R346T S371F S373P S375F T376A D405N R408S K417N N440K L452R S477N T478K E484A F486V Q498R N501Y Y505H D614G H655Y N679K P681H N764K D796Y Q954H N969K	BF.7	0.238015463917526	165600.978813292	695757.225550161	1847	5913	3650
BA.4/5	2	2023-01-15	T19I G142D V213G G339D R346T S371F S373P S375F T376A D405N R408S K417N N440K L452R S477N T478K E484A F486V Q498R N501Y Y505H D614G H655Y N679K P681H N764K D796Y Q954H N969K	BF.7	0.234004633755124	128261.17243016	548113.814551126	1313	4298	2788
BA.4/5	2	2023-01-22	T19I G142D V213G G339D R346T S371F S373P S375F T376A D405N R408S K417N N440K L452R S477N T478K E484A F486V Q498R N501Y Y505H D614G H655Y N679K P681H N764K D796Y Q954H N969K	BF.7	0.241950113378685	96523.9559417237	398941.561108718	1067	3343	2222
BA.4/5	2	2023-01-29	T19I G142D V213G G339D R346T S371F S373P S375F T376A D405N R408S K417N N440K L452R S477N T478K E484A F486V Q498R N501Y Y505H D614G H655Y N679K P681H N764K D796Y Q954H N969K	BF.7	0.211861990305104	51998.1526742197	245434.079984507	743	2764	2367
BA.4/5	2	2023-02-05	T19I G142D V213G G339D R346T S371F S373P S375F T376A D405N R408S K417N N440K L452R S477N T478K E484A F486V Q498R N501Y Y505H D614G H655Y N679K P681H N764K D796Y Q954H N969K	BF.7	0.222740315638451	39197.2606635071	175977.395700254	621	2167	2279
BA.4/5	2	2023-02-12	T19I G142D V213G G339D R346T S371F S373P S375F T376A D405N R408S K417N N440K L452R S477N T478K E484A F486V Q498R N501Y Y505H D614G H655Y N679K P681H N764K D796Y Q954H N969K	BF.7	0.247465437788018	31053.5947937902	125486.593487011	537	1633	2152
BA.4/5	2	2023-02-19	T19I G142D V213G G339D R346T S371F S373P S375F T376A D405N R408S K417N N440K L452R S477N T478K E484A F486V Q498R N501Y Y505H D614G H655Y N679K P681H N764K D796Y Q954H N969K	BF.7	0.270414201183432	25546.667472555	94472.3589247658	457	1233	2108
BA.4/5	2	2023-02-26	T19I G142D V213G G339D R346T S371F S373P S375F T376A D405N R408S K417N N440K L452R S477N T478K E484A F486V Q498R N501Y Y505H D614G H655Y N679K P681H N764K D796Y Q954H N969K	BF.7	0.235011990407674	17135.1119495372	72911.6498260921	294	957	1905
BA.4/5	2	2023-03-05	T19I G142D V213G G339D R346T S371F S373P S375F T376A D405N R408S K417N N440K L452R S477N T478K E484A F486V Q498R N501Y Y505H D614G H655Y N679K P681H N764K D796Y Q954H N969K	BF.7	0.27262313860252	13181.291030303	48349.8616363636	238	635	1821
BA.4/5	2	2023-03-12	T19I G142D V213G G339D R346T S371F S373P S375F T376A D405N R408S K417N N440K L452R S477N T478K E484A F486V Q498R N501Y Y505H D614G H655Y N679K P681H N764K D796Y Q954H N969K	BF.7	0.298107255520505	10662.6385932439	35767.7929529979	189	445	1101
BA.4/5	2	2023-03-19	T19I G142D V213G G339D R346T S371F S373P S375F T376A D405N R408S K417N N440K L452R S477N T478K E484A F486V Q498R N501Y Y505H D614G H655Y N679K P681H N764K D796Y Q954H N969K	BF.7	0.214689265536723	4364.78874036353	20330.726501167	76	278	1168
BA.4/5	2	2023-03-26	T19I G142D V213G G339D R346T S371F S373P S375F T376A D405N R408S K417N N440K L452R S477N T478K E484A F486V Q498R N501Y Y505H D614G H655Y N679K P681H N764K D796Y Q954H N969K	BF.7	0.25	6145.79754094377	24583.1901637751	104	312	965
BA.4/5	2	2023-04-02	T19I G142D V213G G339D R346T S371F S373P S375F T376A D405N R408S K417N N440K L452R S477N T478K E484A F486V Q498R N501Y Y505H D614G H655Y N679K P681H N764K D796Y Q954H N969K	BF.7	0.24702380952381	5246.02459642234	21236.9188481675	83	253	970
BA.4/5	2	2023-04-09	T19I G142D V213G G339D R346T S371F S373P S375F T376A D405N R408S K417N N440K L452R S477N T478K E484A F486V Q498R N501Y Y505H D614G H655Y N679K P681H N764K D796Y Q954H N969K	BF.7	0.216417910447761	4052.39980870397	18724.8818747011	58	210	716
BA.4/5	2	2023-04-16	T19I G142D V213G G339D R346T S371F S373P S375F T376A D405N R408S K417N N440K L452R S477N T478K E484A F486V Q498R N501Y Y505H D614G H655Y N679K P681H N764K D796Y Q954H N969K	BF.7	0.230769230769231	2747.55776855694	11906.0836637467	42	140	680
BA.4/5	2	2023-04-23	T19I G142D V213G G339D R346T S371F S373P S375F T376A D405N R408S K417N N440K L452R S477N T478K E484A F486V Q498R N501Y Y505H D614G H655Y N679K P681H N764K D796Y Q954H N969K	BF.7	0.181347150259067	2419.40409500409	13341.2854381654	35	158	576
BA.4/5	2	2023-04-30	T19I G142D V213G G339D R346T S371F S373P S375F T376A D405N R408S K417N N440K L452R S477N T478K E484A F486V Q498R N501Y Y505H D614G H655Y N679K P681H N764K D796Y Q954H N969K	BF.7	0.146853146853147	1393.83796022839	9491.37277679333	21	122	568
BA.4/5	2	2023-05-07	T19I G142D V213G G339D R346T S371F S373P S375F T376A D405N R408S K417N N440K L452R S477N T478K E484A F486V Q498R N501Y Y505H D614G H655Y N679K P681H N764K D796Y Q954H N969K	BF.7	0.204819277108434	1198.04240484627	5849.26585895531	17	66	462
BA.4/5	2	2023-05-14	T19I G142D V213G G339D R346T S371F S373P S375F T376A D405N R408S K417N N440K L452R S477N T478K E484A F486V Q498R N501Y Y505H D614G H655Y N679K P681H N764K D796Y Q954H N969K	BF.7	0.1	256.428476380572	2564.28476380572	4	36	353
BA.4/5	2	2023-05-21	T19I G142D V213G G339D R346T S371F S373P S375F T376A D405N R408S K417N N440K L452R S477N T478K E484A F486V Q498R N501Y Y505H D614G H655Y N679K P681H N764K D796Y Q954H N969K	BF.7	0.2	407.435212930173	2037.17606465087	7	28	336
BA.4/5	2	2023-05-28	T19I G142D V213G G339D R346T S371F S373P S375F T376A D405N R408S K417N N440K L452R S477N T478K E484A F486V Q498R N501Y Y505H D614G H655Y N679K P681H N764K D796Y Q954H N969K	BF.7	0.117647058823529	187.992354312354	1597.93501165501	4	30	295
BA.4/5	2	2023-06-04	T19I G142D V213G G339D R346T S371F S373P S375F T376A D405N R408S K417N N440K L452R S477N T478K E484A F486V Q498R N501Y Y505H D614G H655Y N679K P681H N764K D796Y Q954H N969K	BF.7	0.166666666666667	228.331579474845	1369.98947684907	5	25	226
BA.4/5	2	2023-06-11	T19I G142D V213G G339D R346T S371F S373P S375F T376A D405N R408S K417N N440K L452R S477N T478K E484A F486V Q498R N501Y Y505H D614G H655Y N679K P681H N764K D796Y Q954H N969K	BF.7	0.173913043478261	166.198541519642	955.641613737944	4	19	190
BA.4/5	2	2023-06-18	T19I G142D V213G G339D R346T S371F S373P S375F T376A D405N R408S K417N N440K L452R S477N T478K E484A F486V Q498R N501Y Y505H D614G H655Y N679K P681H N764K D796Y Q954H N969K	BF.7	0	0	1167.48408835642	0	30	179
BA.4/5	2	2023-06-25	T19I G142D V213G G339D R346T S371F S373P S375F T376A D405N R408S K417N N440K L452R S477N T478K E484A F486V Q498R N501Y Y505H D614G H655Y N679K P681H N764K D796Y Q954H N969K	BF.7	0.5625	619.098658247829	1100.61983688503	18	14	159
BA.4/5	2	2023-07-02	T19I G142D V213G G339D R346T S371F S373P S375F T376A D405N R408S K417N N440K L452R S477N T478K E484A F486V Q498R N501Y Y505H D614G H655Y N679K P681H N764K D796Y Q954H N969K	BF.7	0.125	84.9531543725092	679.625234980074	2	14	104
BA.4/5	2	2023-07-09	T19I G142D V213G G339D R346T S371F S373P S375F T376A D405N R408S K417N N440K L452R S477N T478K E484A F486V Q498R N501Y Y505H D614G H655Y N679K P681H N764K D796Y Q954H N969K	BF.7	0.133333333333333	81.4402611534276	610.801958650707	2	13	108
BA.4/5	2	2023-07-16	T19I G142D V213G G339D R346T S371F S373P S375F T376A D405N R408S K417N N440K L452R S477N T478K E484A F486V Q498R N501Y Y505H D614G H655Y N679K P681H N764K D796Y Q954H N969K	BF.7	0.222222222222222	167.893438839433	755.520474777448	4	14	137
BA.4/5	2	2023-07-23	T19I G142D V213G G339D R346T S371F S373P S375F T376A D405N R408S K417N N440K L452R S477N T478K E484A F486V Q498R N501Y Y505H D614G H655Y N679K P681H N764K D796Y Q954H N969K	BF.7	0.0869565217391304	99.6398036936588	1145.85774247708	2	21	94
BA.4/5	2	2023-07-30	T19I G142D V213G G339D R346T S371F S373P S375F T376A D405N R408S K417N N440K L452R S477N T478K E484A F486V Q498R N501Y Y505H D614G H655Y N679K P681H N764K D796Y Q954H N969K	BF.7	0.28	481.600755735493	1720.00269905533	7	18	108
BA.4/5	2	2023-08-06	T19I G142D V213G G339D R346T S371F S373P S375F T376A D405N R408S K417N N440K L452R S477N T478K E484A F486V Q498R N501Y Y505H D614G H655Y N679K P681H N764K D796Y Q954H N969K	BF.7	0.222222222222222	214.405156537753	964.823204419889	4	14	170
BA.4/5	2	2023-08-13	T19I G142D V213G G339D R346T S371F S373P S375F T376A D405N R408S K417N N440K L452R S477N T478K E484A F486V Q498R N501Y Y505H D614G H655Y N679K P681H N764K D796Y Q954H N969K	BF.7	0	0	822.586528187374	0	17	138
BA.4/5	2	2023-08-20	T19I G142D V213G G339D R346T S371F S373P S375F T376A D405N R408S K417N N440K L452R S477N T478K E484A F486V Q498R N501Y Y505H D614G H655Y N679K P681H N764K D796Y Q954H N969K	BF.7	0.0714285714285714	30.6800170265459	429.520238371643	1	13	148
BA.4/5	2	2023-08-27	T19I G142D V213G G339D R346T S371F S373P S375F T376A D405N R408S K417N N440K L452R S477N T478K E484A F486V Q498R N501Y Y505H D614G H655Y N679K P681H N764K D796Y Q954H N969K	BF.7	0.222222222222222	63.5132466052607	285.809609723673	2	7	179
BA.4/5	2	2023-09-03	T19I G142D V213G G339D R346T S371F S373P S375F T376A D405N R408S K417N N440K L452R S477N T478K E484A F486V Q498R N501Y Y505H D614G H655Y N679K P681H N764K D796Y Q954H N969K	BF.7	0.3	89.3320022288261	297.773340762754	3	7	200
BA.4/5	2	2023-09-10	T19I G142D V213G G339D R346T S371F S373P S375F T376A D405N R408S K417N N440K L452R S477N T478K E484A F486V Q498R N501Y Y505H D614G H655Y N679K P681H N764K D796Y Q954H N969K	BF.7	0.181818181818182	41.3875398996808	227.631469448244	2	9	204
BA.4/5	2	2023-09-17	T19I G142D V213G G339D R346T S371F S373P S375F T376A D405N R408S K417N N440K L452R S477N T478K E484A F486V Q498R N501Y Y505H D614G H655Y N679K P681H N764K D796Y Q954H N969K	BF.7	0.727272727272727	120.428758169935	165.58954248366	8	3	208
BA.4/5	2	2023-09-24	T19I G142D V213G G339D R346T S371F S373P S375F T376A D405N R408S K417N N440K L452R S477N T478K E484A F486V Q498R N501Y Y505H D614G H655Y N679K P681H N764K D796Y Q954H N969K	BF.7	0	0	35.9826782145237	0	3	191
BA.4/5	2	2023-10-01	T19I G142D V213G G339D R346T S371F S373P S375F T376A D405N R408S K417N N440K L452R S477N T478K E484A F486V Q498R N501Y Y505H D614G H655Y N679K P681H N764K D796Y Q954H N969K	BF.7	0	0	58.6047092623821	0	4	204
BA.4/5	2	2023-10-08	T19I G142D V213G G339D R346T S371F S373P S375F T376A D405N R408S K417N N440K L452R S477N T478K E484A F486V Q498R N501Y Y505H D614G H655Y N679K P681H N764K D796Y Q954H N969K	BF.7	0	0	77.1504436241176	0	5	204
BA.4/5	2	2023-10-15	T19I G142D V213G G339D R346T S371F S373P S375F T376A D405N R408S K417N N440K L452R S477N T478K E484A F486V Q498R N501Y Y505H D614G H655Y N679K P681H N764K D796Y Q954H N969K	BF.7	0	0	49.3546442794102	0	3	206
BA.4/5	2	2023-10-22	T19I G142D V213G G339D R346T S371F S373P S375F T376A D405N R408S K417N N440K L452R S477N T478K E484A F486V Q498R N501Y Y505H D614G H655Y N679K P681H N764K D796Y Q954H N969K	BF.7	0	0	16.2832150767729	0	1	158
BA.4/5	2	2023-10-29	T19I G142D V213G G339D R346T S371F S373P S375F T376A D405N R408S K417N N440K L452R S477N T478K E484A F486V Q498R N501Y Y505H D614G H655Y N679K P681H N764K D796Y Q954H N969K	BF.7	0	0	30.9388285724325	0	2	153
BA.4/5	2	2023-11-05	T19I G142D V213G G339D R346T S371F S373P S375F T376A D405N R408S K417N N440K L452R S477N T478K E484A F486V Q498R N501Y Y505H D614G H655Y N679K P681H N764K D796Y Q954H N969K	BF.7	0	0	16.7441004546439	0	1	111
BA.4/5	2	2023-11-12	T19I G142D V213G G339D R346T S371F S373P S375F T376A D405N R408S K417N N440K L452R S477N T478K E484A F486V Q498R N501Y Y505H D614G H655Y N679K P681H N764K D796Y Q954H N969K	BF.7	0	0	37.9237130089025	0	2	95
BA.4/5	2	2023-11-19	T19I G142D V213G G339D R346T S371F S373P S375F T376A D405N R408S K417N N440K L452R S477N T478K E484A F486V Q498R N501Y Y505H D614G H655Y N679K P681H N764K D796Y Q954H N969K	BF.7	0	0	90.4834137074383	0	4	70
BA.4/5	2	2023-11-26	T19I G142D V213G G339D R346T S371F S373P S375F T376A D405N R408S K417N N440K L452R S477N T478K E484A F486V Q498R N501Y Y505H D614G H655Y N679K P681H N764K D796Y Q954H N969K	BF.7	0	0	51.9661232267627	0	2	84
BA.4/5	2	2023-12-03	T19I G142D V213G G339D R346T S371F S373P S375F T376A D405N R408S K417N N440K L452R S477N T478K E484A F486V Q498R N501Y Y505H D614G H655Y N679K P681H N764K D796Y Q954H N969K	BF.7	0	0	0	0	0	68
BA.4/5	2	2023-12-10	T19I G142D V213G G339D R346T S371F S373P S375F T376A D405N R408S K417N N440K L452R S477N T478K E484A F486V Q498R N501Y Y505H D614G H655Y N679K P681H N764K D796Y Q954H N969K	BF.7	0	0	0	0	0	52
BA.4/5	2	2023-12-17	T19I G142D V213G G339D R346T S371F S373P S375F T376A D405N R408S K417N N440K L452R S477N T478K E484A F486V Q498R N501Y Y505H D614G H655Y N679K P681H N764K D796Y Q954H N969K	BF.7	0	0	0	0	0	37
BA.4/5	2	2023-12-24	T19I G142D V213G G339D R346T S371F S373P S375F T376A D405N R408S K417N N440K L452R S477N T478K E484A F486V Q498R N501Y Y505H D614G H655Y N679K P681H N764K D796Y Q954H N969K	BF.7	0	0	0	0	0	30
BA.4/5	2	2023-12-31	T19I G142D V213G G339D R346T S371F S373P S375F T376A D405N R408S K417N N440K L452R S477N T478K E484A F486V Q498R N501Y Y505H D614G H655Y N679K P681H N764K D796Y Q954H N969K	BF.7	0	0	85.4501257334451	0	3	17
BA.4/5	2	2024-01-07	T19I G142D V213G G339D R346T S371F S373P S375F T376A D405N R408S K417N N440K L452R S477N T478K E484A F486V Q498R N501Y Y505H D614G H655Y N679K P681H N764K D796Y Q954H N969K	BF.7	0	0	22.8003536693192	0	1	10
BA.4/5	2	2024-01-14	T19I G142D V213G G339D R346T S371F S373P S375F T376A D405N R408S K417N N440K L452R S477N T478K E484A F486V Q498R N501Y Y505H D614G H655Y N679K P681H N764K D796Y Q954H N969K	BF.7	0	0	20.5921073527076	0	1	5
BA.4/5	2	2024-01-21	T19I G142D V213G G339D R346T S371F S373P S375F T376A D405N R408S K417N N440K L452R S477N T478K E484A F486V Q498R N501Y Y505H D614G H655Y N679K P681H N764K D796Y Q954H N969K	BF.7	0	0	97.4494847216597	0	5	12
BA.4/5	2	2024-01-28	T19I G142D V213G G339D R346T S371F S373P S375F T376A D405N R408S K417N N440K L452R S477N T478K E484A F486V Q498R N501Y Y505H D614G H655Y N679K P681H N764K D796Y Q954H N969K	BF.7	0	0	0	0	0	6
BA.4/5	2	2024-02-04	T19I G142D V213G G339D R346T S371F S373P S375F T376A D405N R408S K417N N440K L452R S477N T478K E484A F486V Q498R N501Y Y505H D614G H655Y N679K P681H N764K D796Y Q954H N969K	BF.7	0	0	15.9955130284355	0	1	0
BA.4/5	2	2024-02-11	T19I G142D V213G G339D R346T S371F S373P S375F T376A D405N R408S K417N N440K L452R S477N T478K E484A F486V Q498R N501Y Y505H D614G H655Y N679K P681H N764K D796Y Q954H N969K	BF.7	0	0	0	0	0	1
BA.4/5	2	2024-02-18	T19I G142D V213G G339D R346T S371F S373P S375F T376A D405N R408S K417N N440K L452R S477N T478K E484A F486V Q498R N501Y Y505H D614G H655Y N679K P681H N764K D796Y Q954H N969K	BF.7	0	0	0	0	0	1
BA.4/5	2	2024-02-25	T19I G142D V213G G339D R346T S371F S373P S375F T376A D405N R408S K417N N440K L452R S477N T478K E484A F486V Q498R N501Y Y505H D614G H655Y N679K P681H N764K D796Y Q954H N969K	BF.7	0	0	40.2607149541456	0	2	2
BA.4/5	2	2024-03-03	T19I G142D V213G G339D R346T S371F S373P S375F T376A D405N R408S K417N N440K L452R S477N T478K E484A F486V Q498R N501Y Y505H D614G H655Y N679K P681H N764K D796Y Q954H N969K	BF.7	0	0	50.0274358974359	0	2	2
BA.4/5	2	2024-03-10	T19I G142D V213G G339D R346T S371F S373P S375F T376A D405N R408S K417N N440K L452R S477N T478K E484A F486V Q498R N501Y Y505H D614G H655Y N679K P681H N764K D796Y Q954H N969K	BF.7	0	0	0	0	0	2
BA.4/5	2	2024-03-17	T19I G142D V213G G339D R346T S371F S373P S375F T376A D405N R408S K417N N440K L452R S477N T478K E484A F486V Q498R N501Y Y505H D614G H655Y N679K P681H N764K D796Y Q954H N969K	BF.7	0	0	43.480202190396	0	1	3
BA.4/5	2	2024-03-24	T19I G142D V213G G339D R346T S371F S373P S375F T376A D405N R408S K417N N440K L452R S477N T478K E484A F486V Q498R N501Y Y505H D614G H655Y N679K P681H N764K D796Y Q954H N969K	BF.7	0	0	0	0	0	0
BA.4/5	2	2024-03-31	T19I G142D V213G G339D R346T S371F S373P S375F T376A D405N R408S K417N N440K L452R S477N T478K E484A F486V Q498R N501Y Y505H D614G H655Y N679K P681H N764K D796Y Q954H N969K	BF.7	0	0	0	0	0	1
