VOC	TopK	Week	Mut	Lineage	Proportion	HaploWeeklyCases	VOCWeeklyCases	HaploCount	OtherCount	PreviousVOCCount
BQ.1	1	2020-01-12	T19I G142D V213G G339D R346T S371F S373P S375F T376A D405N R408S K417N N440K K444T L452R N460K S477N T478K E484A F486V Q498R N501Y Y505H D614G H655Y N679K P681H N764K D796Y Q954H N969K	BQ.1.1	0	0	0	0	0	0
BQ.1	1	2020-01-19	T19I G142D V213G G339D R346T S371F S373P S375F T376A D405N R408S K417N N440K K444T L452R N460K S477N T478K E484A F486V Q498R N501Y Y505H D614G H655Y N679K P681H N764K D796Y Q954H N969K	BQ.1.1	0	0	0	0	0	0
BQ.1	1	2020-01-26	T19I G142D V213G G339D R346T S371F S373P S375F T376A D405N R408S K417N N440K K444T L452R N460K S477N T478K E484A F486V Q498R N501Y Y505H D614G H655Y N679K P681H N764K D796Y Q954H N969K	BQ.1.1	0	0	0	0	0	0
BQ.1	1	2020-02-02	T19I G142D V213G G339D R346T S371F S373P S375F T376A D405N R408S K417N N440K K444T L452R N460K S477N T478K E484A F486V Q498R N501Y Y505H D614G H655Y N679K P681H N764K D796Y Q954H N969K	BQ.1.1	0	0	0	0	0	0
BQ.1	1	2020-02-09	T19I G142D V213G G339D R346T S371F S373P S375F T376A D405N R408S K417N N440K K444T L452R N460K S477N T478K E484A F486V Q498R N501Y Y505H D614G H655Y N679K P681H N764K D796Y Q954H N969K	BQ.1.1	0	0	0	0	0	0
BQ.1	1	2020-02-16	T19I G142D V213G G339D R346T S371F S373P S375F T376A D405N R408S K417N N440K K444T L452R N460K S477N T478K E484A F486V Q498R N501Y Y505H D614G H655Y N679K P681H N764K D796Y Q954H N969K	BQ.1.1	0	0	0	0	0	0
BQ.1	1	2020-02-23	T19I G142D V213G G339D R346T S371F S373P S375F T376A D405N R408S K417N N440K K444T L452R N460K S477N T478K E484A F486V Q498R N501Y Y505H D614G H655Y N679K P681H N764K D796Y Q954H N969K	BQ.1.1	0	0	0	0	0	0
BQ.1	1	2020-03-01	T19I G142D V213G G339D R346T S371F S373P S375F T376A D405N R408S K417N N440K K444T L452R N460K S477N T478K E484A F486V Q498R N501Y Y505H D614G H655Y N679K P681H N764K D796Y Q954H N969K	BQ.1.1	0	0	0	0	0	0
BQ.1	1	2020-03-08	T19I G142D V213G G339D R346T S371F S373P S375F T376A D405N R408S K417N N440K K444T L452R N460K S477N T478K E484A F486V Q498R N501Y Y505H D614G H655Y N679K P681H N764K D796Y Q954H N969K	BQ.1.1	0	0	0	0	0	0
BQ.1	1	2020-03-15	T19I G142D V213G G339D R346T S371F S373P S375F T376A D405N R408S K417N N440K K444T L452R N460K S477N T478K E484A F486V Q498R N501Y Y505H D614G H655Y N679K P681H N764K D796Y Q954H N969K	BQ.1.1	0	0	0	0	0	0
BQ.1	1	2020-03-22	T19I G142D V213G G339D R346T S371F S373P S375F T376A D405N R408S K417N N440K K444T L452R N460K S477N T478K E484A F486V Q498R N501Y Y505H D614G H655Y N679K P681H N764K D796Y Q954H N969K	BQ.1.1	0	0	0	0	0	0
BQ.1	1	2020-03-29	T19I G142D V213G G339D R346T S371F S373P S375F T376A D405N R408S K417N N440K K444T L452R N460K S477N T478K E484A F486V Q498R N501Y Y505H D614G H655Y N679K P681H N764K D796Y Q954H N969K	BQ.1.1	0	0	0	0	0	0
BQ.1	1	2020-04-05	T19I G142D V213G G339D R346T S371F S373P S375F T376A D405N R408S K417N N440K K444T L452R N460K S477N T478K E484A F486V Q498R N501Y Y505H D614G H655Y N679K P681H N764K D796Y Q954H N969K	BQ.1.1	0	0	0	0	0	0
BQ.1	1	2020-04-12	T19I G142D V213G G339D R346T S371F S373P S375F T376A D405N R408S K417N N440K K444T L452R N460K S477N T478K E484A F486V Q498R N501Y Y505H D614G H655Y N679K P681H N764K D796Y Q954H N969K	BQ.1.1	0	0	0	0	0	0
BQ.1	1	2020-04-19	T19I G142D V213G G339D R346T S371F S373P S375F T376A D405N R408S K417N N440K K444T L452R N460K S477N T478K E484A F486V Q498R N501Y Y505H D614G H655Y N679K P681H N764K D796Y Q954H N969K	BQ.1.1	0	0	0	0	0	0
BQ.1	1	2020-04-26	T19I G142D V213G G339D R346T S371F S373P S375F T376A D405N R408S K417N N440K K444T L452R N460K S477N T478K E484A F486V Q498R N501Y Y505H D614G H655Y N679K P681H N764K D796Y Q954H N969K	BQ.1.1	0	0	0	0	0	0
BQ.1	1	2020-05-03	T19I G142D V213G G339D R346T S371F S373P S375F T376A D405N R408S K417N N440K K444T L452R N460K S477N T478K E484A F486V Q498R N501Y Y505H D614G H655Y N679K P681H N764K D796Y Q954H N969K	BQ.1.1	0	0	0	0	0	0
BQ.1	1	2020-05-10	T19I G142D V213G G339D R346T S371F S373P S375F T376A D405N R408S K417N N440K K444T L452R N460K S477N T478K E484A F486V Q498R N501Y Y505H D614G H655Y N679K P681H N764K D796Y Q954H N969K	BQ.1.1	0	0	0	0	0	0
BQ.1	1	2020-05-17	T19I G142D V213G G339D R346T S371F S373P S375F T376A D405N R408S K417N N440K K444T L452R N460K S477N T478K E484A F486V Q498R N501Y Y505H D614G H655Y N679K P681H N764K D796Y Q954H N969K	BQ.1.1	0	0	0	0	0	0
BQ.1	1	2020-05-24	T19I G142D V213G G339D R346T S371F S373P S375F T376A D405N R408S K417N N440K K444T L452R N460K S477N T478K E484A F486V Q498R N501Y Y505H D614G H655Y N679K P681H N764K D796Y Q954H N969K	BQ.1.1	0	0	0	0	0	0
BQ.1	1	2020-05-31	T19I G142D V213G G339D R346T S371F S373P S375F T376A D405N R408S K417N N440K K444T L452R N460K S477N T478K E484A F486V Q498R N501Y Y505H D614G H655Y N679K P681H N764K D796Y Q954H N969K	BQ.1.1	0	0	0	0	0	0
BQ.1	1	2020-06-07	T19I G142D V213G G339D R346T S371F S373P S375F T376A D405N R408S K417N N440K K444T L452R N460K S477N T478K E484A F486V Q498R N501Y Y505H D614G H655Y N679K P681H N764K D796Y Q954H N969K	BQ.1.1	0	0	0	0	0	0
BQ.1	1	2020-06-14	T19I G142D V213G G339D R346T S371F S373P S375F T376A D405N R408S K417N N440K K444T L452R N460K S477N T478K E484A F486V Q498R N501Y Y505H D614G H655Y N679K P681H N764K D796Y Q954H N969K	BQ.1.1	0	0	0	0	0	0
BQ.1	1	2020-06-21	T19I G142D V213G G339D R346T S371F S373P S375F T376A D405N R408S K417N N440K K444T L452R N460K S477N T478K E484A F486V Q498R N501Y Y505H D614G H655Y N679K P681H N764K D796Y Q954H N969K	BQ.1.1	0	0	0	0	0	0
BQ.1	1	2020-06-28	T19I G142D V213G G339D R346T S371F S373P S375F T376A D405N R408S K417N N440K K444T L452R N460K S477N T478K E484A F486V Q498R N501Y Y505H D614G H655Y N679K P681H N764K D796Y Q954H N969K	BQ.1.1	0	0	0	0	0	0
BQ.1	1	2020-07-05	T19I G142D V213G G339D R346T S371F S373P S375F T376A D405N R408S K417N N440K K444T L452R N460K S477N T478K E484A F486V Q498R N501Y Y505H D614G H655Y N679K P681H N764K D796Y Q954H N969K	BQ.1.1	0	0	0	0	0	3
BQ.1	1	2020-07-12	T19I G142D V213G G339D R346T S371F S373P S375F T376A D405N R408S K417N N440K K444T L452R N460K S477N T478K E484A F486V Q498R N501Y Y505H D614G H655Y N679K P681H N764K D796Y Q954H N969K	BQ.1.1	0	0	0	0	0	0
BQ.1	1	2020-07-19	T19I G142D V213G G339D R346T S371F S373P S375F T376A D405N R408S K417N N440K K444T L452R N460K S477N T478K E484A F486V Q498R N501Y Y505H D614G H655Y N679K P681H N764K D796Y Q954H N969K	BQ.1.1	0	0	0	0	0	0
BQ.1	1	2020-07-26	T19I G142D V213G G339D R346T S371F S373P S375F T376A D405N R408S K417N N440K K444T L452R N460K S477N T478K E484A F486V Q498R N501Y Y505H D614G H655Y N679K P681H N764K D796Y Q954H N969K	BQ.1.1	0	0	0	0	0	1
BQ.1	1	2020-08-02	T19I G142D V213G G339D R346T S371F S373P S375F T376A D405N R408S K417N N440K K444T L452R N460K S477N T478K E484A F486V Q498R N501Y Y505H D614G H655Y N679K P681H N764K D796Y Q954H N969K	BQ.1.1	0	0	0	0	0	0
BQ.1	1	2020-08-09	T19I G142D V213G G339D R346T S371F S373P S375F T376A D405N R408S K417N N440K K444T L452R N460K S477N T478K E484A F486V Q498R N501Y Y505H D614G H655Y N679K P681H N764K D796Y Q954H N969K	BQ.1.1	0	0	0	0	0	0
BQ.1	1	2020-08-16	T19I G142D V213G G339D R346T S371F S373P S375F T376A D405N R408S K417N N440K K444T L452R N460K S477N T478K E484A F486V Q498R N501Y Y505H D614G H655Y N679K P681H N764K D796Y Q954H N969K	BQ.1.1	0	0	0	0	0	4
BQ.1	1	2020-08-23	T19I G142D V213G G339D R346T S371F S373P S375F T376A D405N R408S K417N N440K K444T L452R N460K S477N T478K E484A F486V Q498R N501Y Y505H D614G H655Y N679K P681H N764K D796Y Q954H N969K	BQ.1.1	0	0	0	0	0	0
BQ.1	1	2020-08-30	T19I G142D V213G G339D R346T S371F S373P S375F T376A D405N R408S K417N N440K K444T L452R N460K S477N T478K E484A F486V Q498R N501Y Y505H D614G H655Y N679K P681H N764K D796Y Q954H N969K	BQ.1.1	0	0	0	0	0	1
BQ.1	1	2020-09-06	T19I G142D V213G G339D R346T S371F S373P S375F T376A D405N R408S K417N N440K K444T L452R N460K S477N T478K E484A F486V Q498R N501Y Y505H D614G H655Y N679K P681H N764K D796Y Q954H N969K	BQ.1.1	0	0	0	0	0	1
BQ.1	1	2020-09-13	T19I G142D V213G G339D R346T S371F S373P S375F T376A D405N R408S K417N N440K K444T L452R N460K S477N T478K E484A F486V Q498R N501Y Y505H D614G H655Y N679K P681H N764K D796Y Q954H N969K	BQ.1.1	0	0	0	0	0	0
BQ.1	1	2020-09-20	T19I G142D V213G G339D R346T S371F S373P S375F T376A D405N R408S K417N N440K K444T L452R N460K S477N T478K E484A F486V Q498R N501Y Y505H D614G H655Y N679K P681H N764K D796Y Q954H N969K	BQ.1.1	0	0	0	0	0	0
BQ.1	1	2020-09-27	T19I G142D V213G G339D R346T S371F S373P S375F T376A D405N R408S K417N N440K K444T L452R N460K S477N T478K E484A F486V Q498R N501Y Y505H D614G H655Y N679K P681H N764K D796Y Q954H N969K	BQ.1.1	0	0	0	0	0	0
BQ.1	1	2020-10-04	T19I G142D V213G G339D R346T S371F S373P S375F T376A D405N R408S K417N N440K K444T L452R N460K S477N T478K E484A F486V Q498R N501Y Y505H D614G H655Y N679K P681H N764K D796Y Q954H N969K	BQ.1.1	0	0	0	0	0	0
BQ.1	1	2020-10-11	T19I G142D V213G G339D R346T S371F S373P S375F T376A D405N R408S K417N N440K K444T L452R N460K S477N T478K E484A F486V Q498R N501Y Y505H D614G H655Y N679K P681H N764K D796Y Q954H N969K	BQ.1.1	0	0	0	0	0	1
BQ.1	1	2020-10-18	T19I G142D V213G G339D R346T S371F S373P S375F T376A D405N R408S K417N N440K K444T L452R N460K S477N T478K E484A F486V Q498R N501Y Y505H D614G H655Y N679K P681H N764K D796Y Q954H N969K	BQ.1.1	0	0	0	0	0	0
BQ.1	1	2020-10-25	T19I G142D V213G G339D R346T S371F S373P S375F T376A D405N R408S K417N N440K K444T L452R N460K S477N T478K E484A F486V Q498R N501Y Y505H D614G H655Y N679K P681H N764K D796Y Q954H N969K	BQ.1.1	0	0	0	0	0	0
BQ.1	1	2020-11-01	T19I G142D V213G G339D R346T S371F S373P S375F T376A D405N R408S K417N N440K K444T L452R N460K S477N T478K E484A F486V Q498R N501Y Y505H D614G H655Y N679K P681H N764K D796Y Q954H N969K	BQ.1.1	0	0	0	0	0	0
BQ.1	1	2020-11-08	T19I G142D V213G G339D R346T S371F S373P S375F T376A D405N R408S K417N N440K K444T L452R N460K S477N T478K E484A F486V Q498R N501Y Y505H D614G H655Y N679K P681H N764K D796Y Q954H N969K	BQ.1.1	0	0	0	0	0	0
BQ.1	1	2020-11-15	T19I G142D V213G G339D R346T S371F S373P S375F T376A D405N R408S K417N N440K K444T L452R N460K S477N T478K E484A F486V Q498R N501Y Y505H D614G H655Y N679K P681H N764K D796Y Q954H N969K	BQ.1.1	0	0	0	0	0	1
BQ.1	1	2020-11-22	T19I G142D V213G G339D R346T S371F S373P S375F T376A D405N R408S K417N N440K K444T L452R N460K S477N T478K E484A F486V Q498R N501Y Y505H D614G H655Y N679K P681H N764K D796Y Q954H N969K	BQ.1.1	0	0	0	0	0	0
BQ.1	1	2020-11-29	T19I G142D V213G G339D R346T S371F S373P S375F T376A D405N R408S K417N N440K K444T L452R N460K S477N T478K E484A F486V Q498R N501Y Y505H D614G H655Y N679K P681H N764K D796Y Q954H N969K	BQ.1.1	0	0	0	0	0	0
BQ.1	1	2020-12-06	T19I G142D V213G G339D R346T S371F S373P S375F T376A D405N R408S K417N N440K K444T L452R N460K S477N T478K E484A F486V Q498R N501Y Y505H D614G H655Y N679K P681H N764K D796Y Q954H N969K	BQ.1.1	0	0	0	0	0	0
BQ.1	1	2020-12-13	T19I G142D V213G G339D R346T S371F S373P S375F T376A D405N R408S K417N N440K K444T L452R N460K S477N T478K E484A F486V Q498R N501Y Y505H D614G H655Y N679K P681H N764K D796Y Q954H N969K	BQ.1.1	0	0	0	0	0	0
BQ.1	1	2020-12-20	T19I G142D V213G G339D R346T S371F S373P S375F T376A D405N R408S K417N N440K K444T L452R N460K S477N T478K E484A F486V Q498R N501Y Y505H D614G H655Y N679K P681H N764K D796Y Q954H N969K	BQ.1.1	0	0	0	0	0	0
BQ.1	1	2020-12-27	T19I G142D V213G G339D R346T S371F S373P S375F T376A D405N R408S K417N N440K K444T L452R N460K S477N T478K E484A F486V Q498R N501Y Y505H D614G H655Y N679K P681H N764K D796Y Q954H N969K	BQ.1.1	0	0	0	0	0	0
BQ.1	1	2021-01-03	T19I G142D V213G G339D R346T S371F S373P S375F T376A D405N R408S K417N N440K K444T L452R N460K S477N T478K E484A F486V Q498R N501Y Y505H D614G H655Y N679K P681H N764K D796Y Q954H N969K	BQ.1.1	0	0	0	0	0	0
BQ.1	1	2021-01-10	T19I G142D V213G G339D R346T S371F S373P S375F T376A D405N R408S K417N N440K K444T L452R N460K S477N T478K E484A F486V Q498R N501Y Y505H D614G H655Y N679K P681H N764K D796Y Q954H N969K	BQ.1.1	0	0	0	0	0	0
BQ.1	1	2021-01-17	T19I G142D V213G G339D R346T S371F S373P S375F T376A D405N R408S K417N N440K K444T L452R N460K S477N T478K E484A F486V Q498R N501Y Y505H D614G H655Y N679K P681H N764K D796Y Q954H N969K	BQ.1.1	0	0	0	0	0	1
BQ.1	1	2021-01-24	T19I G142D V213G G339D R346T S371F S373P S375F T376A D405N R408S K417N N440K K444T L452R N460K S477N T478K E484A F486V Q498R N501Y Y505H D614G H655Y N679K P681H N764K D796Y Q954H N969K	BQ.1.1	0	0	0	0	0	0
BQ.1	1	2021-01-31	T19I G142D V213G G339D R346T S371F S373P S375F T376A D405N R408S K417N N440K K444T L452R N460K S477N T478K E484A F486V Q498R N501Y Y505H D614G H655Y N679K P681H N764K D796Y Q954H N969K	BQ.1.1	0	0	0	0	0	0
BQ.1	1	2021-02-07	T19I G142D V213G G339D R346T S371F S373P S375F T376A D405N R408S K417N N440K K444T L452R N460K S477N T478K E484A F486V Q498R N501Y Y505H D614G H655Y N679K P681H N764K D796Y Q954H N969K	BQ.1.1	0	0	0	0	0	0
BQ.1	1	2021-02-14	T19I G142D V213G G339D R346T S371F S373P S375F T376A D405N R408S K417N N440K K444T L452R N460K S477N T478K E484A F486V Q498R N501Y Y505H D614G H655Y N679K P681H N764K D796Y Q954H N969K	BQ.1.1	0	0	0	0	0	0
BQ.1	1	2021-02-21	T19I G142D V213G G339D R346T S371F S373P S375F T376A D405N R408S K417N N440K K444T L452R N460K S477N T478K E484A F486V Q498R N501Y Y505H D614G H655Y N679K P681H N764K D796Y Q954H N969K	BQ.1.1	0	0	0	0	0	0
BQ.1	1	2021-02-28	T19I G142D V213G G339D R346T S371F S373P S375F T376A D405N R408S K417N N440K K444T L452R N460K S477N T478K E484A F486V Q498R N501Y Y505H D614G H655Y N679K P681H N764K D796Y Q954H N969K	BQ.1.1	0	0	0	0	0	0
BQ.1	1	2021-03-07	T19I G142D V213G G339D R346T S371F S373P S375F T376A D405N R408S K417N N440K K444T L452R N460K S477N T478K E484A F486V Q498R N501Y Y505H D614G H655Y N679K P681H N764K D796Y Q954H N969K	BQ.1.1	0	0	55.9961627322953	0	1	0
BQ.1	1	2021-03-14	T19I G142D V213G G339D R346T S371F S373P S375F T376A D405N R408S K417N N440K K444T L452R N460K S477N T478K E484A F486V Q498R N501Y Y505H D614G H655Y N679K P681H N764K D796Y Q954H N969K	BQ.1.1	0	0	0	0	0	0
BQ.1	1	2021-03-21	T19I G142D V213G G339D R346T S371F S373P S375F T376A D405N R408S K417N N440K K444T L452R N460K S477N T478K E484A F486V Q498R N501Y Y505H D614G H655Y N679K P681H N764K D796Y Q954H N969K	BQ.1.1	0	0	0	0	0	0
BQ.1	1	2021-03-28	T19I G142D V213G G339D R346T S371F S373P S375F T376A D405N R408S K417N N440K K444T L452R N460K S477N T478K E484A F486V Q498R N501Y Y505H D614G H655Y N679K P681H N764K D796Y Q954H N969K	BQ.1.1	0	0	0	0	0	0
BQ.1	1	2021-04-04	T19I G142D V213G G339D R346T S371F S373P S375F T376A D405N R408S K417N N440K K444T L452R N460K S477N T478K E484A F486V Q498R N501Y Y505H D614G H655Y N679K P681H N764K D796Y Q954H N969K	BQ.1.1	0	0	0	0	0	0
BQ.1	1	2021-04-11	T19I G142D V213G G339D R346T S371F S373P S375F T376A D405N R408S K417N N440K K444T L452R N460K S477N T478K E484A F486V Q498R N501Y Y505H D614G H655Y N679K P681H N764K D796Y Q954H N969K	BQ.1.1	0	0	0	0	0	0
BQ.1	1	2021-04-18	T19I G142D V213G G339D R346T S371F S373P S375F T376A D405N R408S K417N N440K K444T L452R N460K S477N T478K E484A F486V Q498R N501Y Y505H D614G H655Y N679K P681H N764K D796Y Q954H N969K	BQ.1.1	0	0	0	0	0	0
BQ.1	1	2021-04-25	T19I G142D V213G G339D R346T S371F S373P S375F T376A D405N R408S K417N N440K K444T L452R N460K S477N T478K E484A F486V Q498R N501Y Y505H D614G H655Y N679K P681H N764K D796Y Q954H N969K	BQ.1.1	0	0	0	0	0	0
BQ.1	1	2021-05-02	T19I G142D V213G G339D R346T S371F S373P S375F T376A D405N R408S K417N N440K K444T L452R N460K S477N T478K E484A F486V Q498R N501Y Y505H D614G H655Y N679K P681H N764K D796Y Q954H N969K	BQ.1.1	0	0	0	0	0	0
BQ.1	1	2021-05-09	T19I G142D V213G G339D R346T S371F S373P S375F T376A D405N R408S K417N N440K K444T L452R N460K S477N T478K E484A F486V Q498R N501Y Y505H D614G H655Y N679K P681H N764K D796Y Q954H N969K	BQ.1.1	0	0	0	0	0	0
BQ.1	1	2021-05-16	T19I G142D V213G G339D R346T S371F S373P S375F T376A D405N R408S K417N N440K K444T L452R N460K S477N T478K E484A F486V Q498R N501Y Y505H D614G H655Y N679K P681H N764K D796Y Q954H N969K	BQ.1.1	0	0	0	0	0	0
BQ.1	1	2021-05-23	T19I G142D V213G G339D R346T S371F S373P S375F T376A D405N R408S K417N N440K K444T L452R N460K S477N T478K E484A F486V Q498R N501Y Y505H D614G H655Y N679K P681H N764K D796Y Q954H N969K	BQ.1.1	0	0	0	0	0	0
BQ.1	1	2021-05-30	T19I G142D V213G G339D R346T S371F S373P S375F T376A D405N R408S K417N N440K K444T L452R N460K S477N T478K E484A F486V Q498R N501Y Y505H D614G H655Y N679K P681H N764K D796Y Q954H N969K	BQ.1.1	0	0	0	0	0	0
BQ.1	1	2021-06-06	T19I G142D V213G G339D R346T S371F S373P S375F T376A D405N R408S K417N N440K K444T L452R N460K S477N T478K E484A F486V Q498R N501Y Y505H D614G H655Y N679K P681H N764K D796Y Q954H N969K	BQ.1.1	0	0	0	0	0	0
BQ.1	1	2021-06-13	T19I G142D V213G G339D R346T S371F S373P S375F T376A D405N R408S K417N N440K K444T L452R N460K S477N T478K E484A F486V Q498R N501Y Y505H D614G H655Y N679K P681H N764K D796Y Q954H N969K	BQ.1.1	0	0	0	0	0	0
BQ.1	1	2021-06-20	T19I G142D V213G G339D R346T S371F S373P S375F T376A D405N R408S K417N N440K K444T L452R N460K S477N T478K E484A F486V Q498R N501Y Y505H D614G H655Y N679K P681H N764K D796Y Q954H N969K	BQ.1.1	0	0	0	0	0	0
BQ.1	1	2021-06-27	T19I G142D V213G G339D R346T S371F S373P S375F T376A D405N R408S K417N N440K K444T L452R N460K S477N T478K E484A F486V Q498R N501Y Y505H D614G H655Y N679K P681H N764K D796Y Q954H N969K	BQ.1.1	0	0	0	0	0	0
BQ.1	1	2021-07-04	T19I G142D V213G G339D R346T S371F S373P S375F T376A D405N R408S K417N N440K K444T L452R N460K S477N T478K E484A F486V Q498R N501Y Y505H D614G H655Y N679K P681H N764K D796Y Q954H N969K	BQ.1.1	0	0	0	0	0	2
BQ.1	1	2021-07-11	T19I G142D V213G G339D R346T S371F S373P S375F T376A D405N R408S K417N N440K K444T L452R N460K S477N T478K E484A F486V Q498R N501Y Y505H D614G H655Y N679K P681H N764K D796Y Q954H N969K	BQ.1.1	0	0	0	0	0	0
BQ.1	1	2021-07-18	T19I G142D V213G G339D R346T S371F S373P S375F T376A D405N R408S K417N N440K K444T L452R N460K S477N T478K E484A F486V Q498R N501Y Y505H D614G H655Y N679K P681H N764K D796Y Q954H N969K	BQ.1.1	0	0	0	0	0	0
BQ.1	1	2021-07-25	T19I G142D V213G G339D R346T S371F S373P S375F T376A D405N R408S K417N N440K K444T L452R N460K S477N T478K E484A F486V Q498R N501Y Y505H D614G H655Y N679K P681H N764K D796Y Q954H N969K	BQ.1.1	0	0	0	0	0	0
BQ.1	1	2021-08-01	T19I G142D V213G G339D R346T S371F S373P S375F T376A D405N R408S K417N N440K K444T L452R N460K S477N T478K E484A F486V Q498R N501Y Y505H D614G H655Y N679K P681H N764K D796Y Q954H N969K	BQ.1.1	0	0	0	0	0	0
BQ.1	1	2021-08-08	T19I G142D V213G G339D R346T S371F S373P S375F T376A D405N R408S K417N N440K K444T L452R N460K S477N T478K E484A F486V Q498R N501Y Y505H D614G H655Y N679K P681H N764K D796Y Q954H N969K	BQ.1.1	0	0	0	0	0	0
BQ.1	1	2021-08-15	T19I G142D V213G G339D R346T S371F S373P S375F T376A D405N R408S K417N N440K K444T L452R N460K S477N T478K E484A F486V Q498R N501Y Y505H D614G H655Y N679K P681H N764K D796Y Q954H N969K	BQ.1.1	0	0	0	0	0	0
BQ.1	1	2021-08-22	T19I G142D V213G G339D R346T S371F S373P S375F T376A D405N R408S K417N N440K K444T L452R N460K S477N T478K E484A F486V Q498R N501Y Y505H D614G H655Y N679K P681H N764K D796Y Q954H N969K	BQ.1.1	0	0	0	0	0	0
BQ.1	1	2021-08-29	T19I G142D V213G G339D R346T S371F S373P S375F T376A D405N R408S K417N N440K K444T L452R N460K S477N T478K E484A F486V Q498R N501Y Y505H D614G H655Y N679K P681H N764K D796Y Q954H N969K	BQ.1.1	0	0	0	0	0	3
BQ.1	1	2021-09-05	T19I G142D V213G G339D R346T S371F S373P S375F T376A D405N R408S K417N N440K K444T L452R N460K S477N T478K E484A F486V Q498R N501Y Y505H D614G H655Y N679K P681H N764K D796Y Q954H N969K	BQ.1.1	0	0	0	0	0	0
BQ.1	1	2021-09-12	T19I G142D V213G G339D R346T S371F S373P S375F T376A D405N R408S K417N N440K K444T L452R N460K S477N T478K E484A F486V Q498R N501Y Y505H D614G H655Y N679K P681H N764K D796Y Q954H N969K	BQ.1.1	0	0	0	0	0	0
BQ.1	1	2021-09-19	T19I G142D V213G G339D R346T S371F S373P S375F T376A D405N R408S K417N N440K K444T L452R N460K S477N T478K E484A F486V Q498R N501Y Y505H D614G H655Y N679K P681H N764K D796Y Q954H N969K	BQ.1.1	0	0	0	0	0	0
BQ.1	1	2021-09-26	T19I G142D V213G G339D R346T S371F S373P S375F T376A D405N R408S K417N N440K K444T L452R N460K S477N T478K E484A F486V Q498R N501Y Y505H D614G H655Y N679K P681H N764K D796Y Q954H N969K	BQ.1.1	0	0	0	0	0	1
BQ.1	1	2021-10-03	T19I G142D V213G G339D R346T S371F S373P S375F T376A D405N R408S K417N N440K K444T L452R N460K S477N T478K E484A F486V Q498R N501Y Y505H D614G H655Y N679K P681H N764K D796Y Q954H N969K	BQ.1.1	0	0	0	0	0	1
BQ.1	1	2021-10-10	T19I G142D V213G G339D R346T S371F S373P S375F T376A D405N R408S K417N N440K K444T L452R N460K S477N T478K E484A F486V Q498R N501Y Y505H D614G H655Y N679K P681H N764K D796Y Q954H N969K	BQ.1.1	0	0	0	0	0	0
BQ.1	1	2021-10-17	T19I G142D V213G G339D R346T S371F S373P S375F T376A D405N R408S K417N N440K K444T L452R N460K S477N T478K E484A F486V Q498R N501Y Y505H D614G H655Y N679K P681H N764K D796Y Q954H N969K	BQ.1.1	0	0	0	0	0	0
BQ.1	1	2021-10-24	T19I G142D V213G G339D R346T S371F S373P S375F T376A D405N R408S K417N N440K K444T L452R N460K S477N T478K E484A F486V Q498R N501Y Y505H D614G H655Y N679K P681H N764K D796Y Q954H N969K	BQ.1.1	0	0	0	0	0	0
BQ.1	1	2021-10-31	T19I G142D V213G G339D R346T S371F S373P S375F T376A D405N R408S K417N N440K K444T L452R N460K S477N T478K E484A F486V Q498R N501Y Y505H D614G H655Y N679K P681H N764K D796Y Q954H N969K	BQ.1.1	1	34.2911120684259	34.2911120684259	1	0	2
BQ.1	1	2021-11-07	T19I G142D V213G G339D R346T S371F S373P S375F T376A D405N R408S K417N N440K K444T L452R N460K S477N T478K E484A F486V Q498R N501Y Y505H D614G H655Y N679K P681H N764K D796Y Q954H N969K	BQ.1.1	0	0	0	0	0	13
BQ.1	1	2021-11-14	T19I G142D V213G G339D R346T S371F S373P S375F T376A D405N R408S K417N N440K K444T L452R N460K S477N T478K E484A F486V Q498R N501Y Y505H D614G H655Y N679K P681H N764K D796Y Q954H N969K	BQ.1.1	0	0	0	0	0	1
BQ.1	1	2021-11-21	T19I G142D V213G G339D R346T S371F S373P S375F T376A D405N R408S K417N N440K K444T L452R N460K S477N T478K E484A F486V Q498R N501Y Y505H D614G H655Y N679K P681H N764K D796Y Q954H N969K	BQ.1.1	0	0	0	0	0	2
BQ.1	1	2021-11-28	T19I G142D V213G G339D R346T S371F S373P S375F T376A D405N R408S K417N N440K K444T L452R N460K S477N T478K E484A F486V Q498R N501Y Y505H D614G H655Y N679K P681H N764K D796Y Q954H N969K	BQ.1.1	0	0	0	0	0	1
BQ.1	1	2021-12-05	T19I G142D V213G G339D R346T S371F S373P S375F T376A D405N R408S K417N N440K K444T L452R N460K S477N T478K E484A F486V Q498R N501Y Y505H D614G H655Y N679K P681H N764K D796Y Q954H N969K	BQ.1.1	0.5	35.63442043089	71.2688408617801	1	1	0
BQ.1	1	2021-12-12	T19I G142D V213G G339D R346T S371F S373P S375F T376A D405N R408S K417N N440K K444T L452R N460K S477N T478K E484A F486V Q498R N501Y Y505H D614G H655Y N679K P681H N764K D796Y Q954H N969K	BQ.1.1	0	0	41.4117333582648	0	1	0
BQ.1	1	2021-12-19	T19I G142D V213G G339D R346T S371F S373P S375F T376A D405N R408S K417N N440K K444T L452R N460K S477N T478K E484A F486V Q498R N501Y Y505H D614G H655Y N679K P681H N764K D796Y Q954H N969K	BQ.1.1	0	0	0	0	0	4
BQ.1	1	2021-12-26	T19I G142D V213G G339D R346T S371F S373P S375F T376A D405N R408S K417N N440K K444T L452R N460K S477N T478K E484A F486V Q498R N501Y Y505H D614G H655Y N679K P681H N764K D796Y Q954H N969K	BQ.1.1	0	0	0	0	0	1
BQ.1	1	2022-01-02	T19I G142D V213G G339D R346T S371F S373P S375F T376A D405N R408S K417N N440K K444T L452R N460K S477N T478K E484A F486V Q498R N501Y Y505H D614G H655Y N679K P681H N764K D796Y Q954H N969K	BQ.1.1	0.666666666666667	293.653326955782	440.479990433673	2	1	1
BQ.1	1	2022-01-09	T19I G142D V213G G339D R346T S371F S373P S375F T376A D405N R408S K417N N440K K444T L452R N460K S477N T478K E484A F486V Q498R N501Y Y505H D614G H655Y N679K P681H N764K D796Y Q954H N969K	BQ.1.1	0.545454545454545	1009.32388646842	1850.42712519211	6	5	21
BQ.1	1	2022-01-16	T19I G142D V213G G339D R346T S371F S373P S375F T376A D405N R408S K417N N440K K444T L452R N460K S477N T478K E484A F486V Q498R N501Y Y505H D614G H655Y N679K P681H N764K D796Y Q954H N969K	BQ.1.1	0.333333333333333	186.691125441425	560.073376324274	1	2	18
BQ.1	1	2022-01-23	T19I G142D V213G G339D R346T S371F S373P S375F T376A D405N R408S K417N N440K K444T L452R N460K S477N T478K E484A F486V Q498R N501Y Y505H D614G H655Y N679K P681H N764K D796Y Q954H N969K	BQ.1.1	1	376.184924343569	376.184924343569	2	0	9
BQ.1	1	2022-01-30	T19I G142D V213G G339D R346T S371F S373P S375F T376A D405N R408S K417N N440K K444T L452R N460K S477N T478K E484A F486V Q498R N501Y Y505H D614G H655Y N679K P681H N764K D796Y Q954H N969K	BQ.1.1	0.6	1281.1713960103	2135.28566001717	6	4	15
BQ.1	1	2022-02-06	T19I G142D V213G G339D R346T S371F S373P S375F T376A D405N R408S K417N N440K K444T L452R N460K S477N T478K E484A F486V Q498R N501Y Y505H D614G H655Y N679K P681H N764K D796Y Q954H N969K	BQ.1.1	0.5	185.570080081679	371.140160163358	1	1	11
BQ.1	1	2022-02-13	T19I G142D V213G G339D R346T S371F S373P S375F T376A D405N R408S K417N N440K K444T L452R N460K S477N T478K E484A F486V Q498R N501Y Y505H D614G H655Y N679K P681H N764K D796Y Q954H N969K	BQ.1.1	0	0	0	0	0	12
BQ.1	1	2022-02-20	T19I G142D V213G G339D R346T S371F S373P S375F T376A D405N R408S K417N N440K K444T L452R N460K S477N T478K E484A F486V Q498R N501Y Y505H D614G H655Y N679K P681H N764K D796Y Q954H N969K	BQ.1.1	0	0	241.069115435446	0	2	12
BQ.1	1	2022-02-27	T19I G142D V213G G339D R346T S371F S373P S375F T376A D405N R408S K417N N440K K444T L452R N460K S477N T478K E484A F486V Q498R N501Y Y505H D614G H655Y N679K P681H N764K D796Y Q954H N969K	BQ.1.1	1	120.550363043249	120.550363043249	1	0	17
BQ.1	1	2022-03-06	T19I G142D V213G G339D R346T S371F S373P S375F T376A D405N R408S K417N N440K K444T L452R N460K S477N T478K E484A F486V Q498R N501Y Y505H D614G H655Y N679K P681H N764K D796Y Q954H N969K	BQ.1.1	0.5	135.163739259042	270.327478518084	1	1	15
BQ.1	1	2022-03-13	T19I G142D V213G G339D R346T S371F S373P S375F T376A D405N R408S K417N N440K K444T L452R N460K S477N T478K E484A F486V Q498R N501Y Y505H D614G H655Y N679K P681H N764K D796Y Q954H N969K	BQ.1.1	0	0	253.942431126894	0	2	15
BQ.1	1	2022-03-20	T19I G142D V213G G339D R346T S371F S373P S375F T376A D405N R408S K417N N440K K444T L452R N460K S477N T478K E484A F486V Q498R N501Y Y505H D614G H655Y N679K P681H N764K D796Y Q954H N969K	BQ.1.1	0	0	0	0	0	16
BQ.1	1	2022-03-27	T19I G142D V213G G339D R346T S371F S373P S375F T376A D405N R408S K417N N440K K444T L452R N460K S477N T478K E484A F486V Q498R N501Y Y505H D614G H655Y N679K P681H N764K D796Y Q954H N969K	BQ.1.1	0	0	0	0	0	27
BQ.1	1	2022-04-03	T19I G142D V213G G339D R346T S371F S373P S375F T376A D405N R408S K417N N440K K444T L452R N460K S477N T478K E484A F486V Q498R N501Y Y505H D614G H655Y N679K P681H N764K D796Y Q954H N969K	BQ.1.1	0	0	0	0	0	35
BQ.1	1	2022-04-10	T19I G142D V213G G339D R346T S371F S373P S375F T376A D405N R408S K417N N440K K444T L452R N460K S477N T478K E484A F486V Q498R N501Y Y505H D614G H655Y N679K P681H N764K D796Y Q954H N969K	BQ.1.1	0	0	0	0	0	139
BQ.1	1	2022-04-17	T19I G142D V213G G339D R346T S371F S373P S375F T376A D405N R408S K417N N440K K444T L452R N460K S477N T478K E484A F486V Q498R N501Y Y505H D614G H655Y N679K P681H N764K D796Y Q954H N969K	BQ.1.1	0	0	195.246944147038	0	2	201
BQ.1	1	2022-04-24	T19I G142D V213G G339D R346T S371F S373P S375F T376A D405N R408S K417N N440K K444T L452R N460K S477N T478K E484A F486V Q498R N501Y Y505H D614G H655Y N679K P681H N764K D796Y Q954H N969K	BQ.1.1	1	82.2600419534351	82.2600419534351	1	0	292
BQ.1	1	2022-05-01	T19I G142D V213G G339D R346T S371F S373P S375F T376A D405N R408S K417N N440K K444T L452R N460K S477N T478K E484A F486V Q498R N501Y Y505H D614G H655Y N679K P681H N764K D796Y Q954H N969K	BQ.1.1	1	76.353763646811	76.353763646811	1	0	658
BQ.1	1	2022-05-08	T19I G142D V213G G339D R346T S371F S373P S375F T376A D405N R408S K417N N440K K444T L452R N460K S477N T478K E484A F486V Q498R N501Y Y505H D614G H655Y N679K P681H N764K D796Y Q954H N969K	BQ.1.1	0	0	147.435723896114	0	2	981
BQ.1	1	2022-05-15	T19I G142D V213G G339D R346T S371F S373P S375F T376A D405N R408S K417N N440K K444T L452R N460K S477N T478K E484A F486V Q498R N501Y Y505H D614G H655Y N679K P681H N764K D796Y Q954H N969K	BQ.1.1	0	0	62.4908749032187	0	1	1914
BQ.1	1	2022-05-22	T19I G142D V213G G339D R346T S371F S373P S375F T376A D405N R408S K417N N440K K444T L452R N460K S477N T478K E484A F486V Q498R N501Y Y505H D614G H655Y N679K P681H N764K D796Y Q954H N969K	BQ.1.1	0	0	0	0	0	3157
BQ.1	1	2022-05-29	T19I G142D V213G G339D R346T S371F S373P S375F T376A D405N R408S K417N N440K K444T L452R N460K S477N T478K E484A F486V Q498R N501Y Y505H D614G H655Y N679K P681H N764K D796Y Q954H N969K	BQ.1.1	0	0	57.9465964995582	0	1	5843
BQ.1	1	2022-06-05	T19I G142D V213G G339D R346T S371F S373P S375F T376A D405N R408S K417N N440K K444T L452R N460K S477N T478K E484A F486V Q498R N501Y Y505H D614G H655Y N679K P681H N764K D796Y Q954H N969K	BQ.1.1	0	0	0	0	0	10773
BQ.1	1	2022-06-12	T19I G142D V213G G339D R346T S371F S373P S375F T376A D405N R408S K417N N440K K444T L452R N460K S477N T478K E484A F486V Q498R N501Y Y505H D614G H655Y N679K P681H N764K D796Y Q954H N969K	BQ.1.1	1	56.058869696914	56.058869696914	1	0	18269
BQ.1	1	2022-06-19	T19I G142D V213G G339D R346T S371F S373P S375F T376A D405N R408S K417N N440K K444T L452R N460K S477N T478K E484A F486V Q498R N501Y Y505H D614G H655Y N679K P681H N764K D796Y Q954H N969K	BQ.1.1	0	0	0	0	0	27856
BQ.1	1	2022-06-26	T19I G142D V213G G339D R346T S371F S373P S375F T376A D405N R408S K417N N440K K444T L452R N460K S477N T478K E484A F486V Q498R N501Y Y505H D614G H655Y N679K P681H N764K D796Y Q954H N969K	BQ.1.1	0	0	75.0279226847416	0	1	37848
BQ.1	1	2022-07-03	T19I G142D V213G G339D R346T S371F S373P S375F T376A D405N R408S K417N N440K K444T L452R N460K S477N T478K E484A F486V Q498R N501Y Y505H D614G H655Y N679K P681H N764K D796Y Q954H N969K	BQ.1.1	0	0	0	0	0	50077
BQ.1	1	2022-07-10	T19I G142D V213G G339D R346T S371F S373P S375F T376A D405N R408S K417N N440K K444T L452R N460K S477N T478K E484A F486V Q498R N501Y Y505H D614G H655Y N679K P681H N764K D796Y Q954H N969K	BQ.1.1	0	0	85.3012772994241	0	1	58708
BQ.1	1	2022-07-17	T19I G142D V213G G339D R346T S371F S373P S375F T376A D405N R408S K417N N440K K444T L452R N460K S477N T478K E484A F486V Q498R N501Y Y505H D614G H655Y N679K P681H N764K D796Y Q954H N969K	BQ.1.1	1	90.6713889154781	90.6713889154781	1	0	64947
BQ.1	1	2022-07-24	T19I G142D V213G G339D R346T S371F S373P S375F T376A D405N R408S K417N N440K K444T L452R N460K S477N T478K E484A F486V Q498R N501Y Y505H D614G H655Y N679K P681H N764K D796Y Q954H N969K	BQ.1.1	0	0	0	0	0	62054
BQ.1	1	2022-07-31	T19I G142D V213G G339D R346T S371F S373P S375F T376A D405N R408S K417N N440K K444T L452R N460K S477N T478K E484A F486V Q498R N501Y Y505H D614G H655Y N679K P681H N764K D796Y Q954H N969K	BQ.1.1	0.416666666666667	1227.08542683934	2945.00502441441	10	14	53770
BQ.1	1	2022-08-07	T19I G142D V213G G339D R346T S371F S373P S375F T376A D405N R408S K417N N440K K444T L452R N460K S477N T478K E484A F486V Q498R N501Y Y505H D614G H655Y N679K P681H N764K D796Y Q954H N969K	BQ.1.1	0.666666666666667	3752.24310995068	5628.36466492602	30	15	49880
BQ.1	1	2022-08-14	T19I G142D V213G G339D R346T S371F S373P S375F T376A D405N R408S K417N N440K K444T L452R N460K S477N T478K E484A F486V Q498R N501Y Y505H D614G H655Y N679K P681H N764K D796Y Q954H N969K	BQ.1.1	0.0714285714285714	129.179145819098	1808.50804146738	1	13	44140
BQ.1	1	2022-08-21	T19I G142D V213G G339D R346T S371F S373P S375F T376A D405N R408S K417N N440K K444T L452R N460K S477N T478K E484A F486V Q498R N501Y Y505H D614G H655Y N679K P681H N764K D796Y Q954H N969K	BQ.1.1	0.193548387096774	676.271145427748	3494.06758471003	6	25	44303
BQ.1	1	2022-08-28	T19I G142D V213G G339D R346T S371F S373P S375F T376A D405N R408S K417N N440K K444T L452R N460K S477N T478K E484A F486V Q498R N501Y Y505H D614G H655Y N679K P681H N764K D796Y Q954H N969K	BQ.1.1	0.111111111111111	409.932808958805	3689.39528062925	4	32	43986
BQ.1	1	2022-09-04	T19I G142D V213G G339D R346T S371F S373P S375F T376A D405N R408S K417N N440K K444T L452R N460K S477N T478K E484A F486V Q498R N501Y Y505H D614G H655Y N679K P681H N764K D796Y Q954H N969K	BQ.1.1	0.169491525423729	968.379382130069	5713.43835456741	10	49	39183
BQ.1	1	2022-09-11	T19I G142D V213G G339D R346T S371F S373P S375F T376A D405N R408S K417N N440K K444T L452R N460K S477N T478K E484A F486V Q498R N501Y Y505H D614G H655Y N679K P681H N764K D796Y Q954H N969K	BQ.1.1	0.265895953757225	4286.90849529263	16122.5036888179	46	127	35321
BQ.1	1	2022-09-18	T19I G142D V213G G339D R346T S371F S373P S375F T376A D405N R408S K417N N440K K444T L452R N460K S477N T478K E484A F486V Q498R N501Y Y505H D614G H655Y N679K P681H N764K D796Y Q954H N969K	BQ.1.1	0.310880829015544	8973.16440602176	28863.67883937	120	266	38800
BQ.1	1	2022-09-25	T19I G142D V213G G339D R346T S371F S373P S375F T376A D405N R408S K417N N440K K444T L452R N460K S477N T478K E484A F486V Q498R N501Y Y505H D614G H655Y N679K P681H N764K D796Y Q954H N969K	BQ.1.1	0.365576102418208	21085.8645824741	57678.4544804641	257	446	34509
BQ.1	1	2022-10-02	T19I G142D V213G G339D R346T S371F S373P S375F T376A D405N R408S K417N N440K K444T L452R N460K S477N T478K E484A F486V Q498R N501Y Y505H D614G H655Y N679K P681H N764K D796Y Q954H N969K	BQ.1.1	0.436734693877551	47291.0960559989	108283.350782428	535	690	30403
BQ.1	1	2022-10-09	T19I G142D V213G G339D R346T S371F S373P S375F T376A D405N R408S K417N N440K K444T L452R N460K S477N T478K E484A F486V Q498R N501Y Y505H D614G H655Y N679K P681H N764K D796Y Q954H N969K	BQ.1.1	0.421573478476002	75836.056986031	179888.111700433	852	1169	28662
BQ.1	1	2022-10-16	T19I G142D V213G G339D R346T S371F S373P S375F T376A D405N R408S K417N N440K K444T L452R N460K S477N T478K E484A F486V Q498R N501Y Y505H D614G H655Y N679K P681H N764K D796Y Q954H N969K	BQ.1.1	0.397107166337936	104434.914252559	262989.245990302	1208	1834	27280
BQ.1	1	2022-10-23	T19I G142D V213G G339D R346T S371F S373P S375F T376A D405N R408S K417N N440K K444T L452R N460K S477N T478K E484A F486V Q498R N501Y Y505H D614G H655Y N679K P681H N764K D796Y Q954H N969K	BQ.1.1	0.430286006128703	144539.554113994	335915.070569971	1685	2231	24214
BQ.1	1	2022-10-30	T19I G142D V213G G339D R346T S371F S373P S375F T376A D405N R408S K417N N440K K444T L452R N460K S477N T478K E484A F486V Q498R N501Y Y505H D614G H655Y N679K P681H N764K D796Y Q954H N969K	BQ.1.1	0.402376910016978	163154.467894116	405476.715568078	2133	3168	23135
BQ.1	1	2022-11-06	T19I G142D V213G G339D R346T S371F S373P S375F T376A D405N R408S K417N N440K K444T L452R N460K S477N T478K E484A F486V Q498R N501Y Y505H D614G H655Y N679K P681H N764K D796Y Q954H N969K	BQ.1.1	0.406206512663512	213134.014038524	524693.739253455	2919	4267	20833
BQ.1	1	2022-11-13	T19I G142D V213G G339D R346T S371F S373P S375F T376A D405N R408S K417N N440K K444T L452R N460K S477N T478K E484A F486V Q498R N501Y Y505H D614G H655Y N679K P681H N764K D796Y Q954H N969K	BQ.1.1	0.418799918083146	287583.129959265	686683.825716914	4090	5676	20106
BQ.1	1	2022-11-20	T19I G142D V213G G339D R346T S371F S373P S375F T376A D405N R408S K417N N440K K444T L452R N460K S477N T478K E484A F486V Q498R N501Y Y505H D614G H655Y N679K P681H N764K D796Y Q954H N969K	BQ.1.1	0.410955347871236	365807.184859526	890138.519317053	4749	6807	18077
BQ.1	1	2022-11-27	T19I G142D V213G G339D R346T S371F S373P S375F T376A D405N R408S K417N N440K K444T L452R N460K S477N T478K E484A F486V Q498R N501Y Y505H D614G H655Y N679K P681H N764K D796Y Q954H N969K	BQ.1.1	0.411664569609947	462885.032008276	1124422.80968425	5562	7949	16266
BQ.1	1	2022-12-04	T19I G142D V213G G339D R346T S371F S373P S375F T376A D405N R408S K417N N440K K444T L452R N460K S477N T478K E484A F486V Q498R N501Y Y505H D614G H655Y N679K P681H N764K D796Y Q954H N969K	BQ.1.1	0.4090625	597129.692933401	1459751.73215194	7854	11346	16529
BQ.1	1	2022-12-11	T19I G142D V213G G339D R346T S371F S373P S375F T376A D405N R408S K417N N440K K444T L452R N460K S477N T478K E484A F486V Q498R N501Y Y505H D614G H655Y N679K P681H N764K D796Y Q954H N969K	BQ.1.1	0.423357664233577	730389.694649167	1725230.83046441	8294	11297	13770
BQ.1	1	2022-12-18	T19I G142D V213G G339D R346T S371F S373P S375F T376A D405N R408S K417N N440K K444T L452R N460K S477N T478K E484A F486V Q498R N501Y Y505H D614G H655Y N679K P681H N764K D796Y Q954H N969K	BQ.1.1	0.425970873786408	813944.066388486	1910797.46639348	8775	11825	12610
BQ.1	1	2022-12-25	T19I G142D V213G G339D R346T S371F S373P S375F T376A D405N R408S K417N N440K K444T L452R N460K S477N T478K E484A F486V Q498R N501Y Y505H D614G H655Y N679K P681H N764K D796Y Q954H N969K	BQ.1.1	0.431906614785992	822596.645367928	1904570.61134736	8547	11242	10787
BQ.1	1	2023-01-01	T19I G142D V213G G339D R346T S371F S373P S375F T376A D405N R408S K417N N440K K444T L452R N460K S477N T478K E484A F486V Q498R N501Y Y505H D614G H655Y N679K P681H N764K D796Y Q954H N969K	BQ.1.1	0.40929485404088	729623.745859873	1782636.01082803	7389	10664	7929
BQ.1	1	2023-01-08	T19I G142D V213G G339D R346T S371F S373P S375F T376A D405N R408S K417N N440K K444T L452R N460K S477N T478K E484A F486V Q498R N501Y Y505H D614G H655Y N679K P681H N764K D796Y Q954H N969K	BQ.1.1	0.421483440372749	600180.266473296	1423971.16703449	6694	9188	7760
BQ.1	1	2023-01-15	T19I G142D V213G G339D R346T S371F S373P S375F T376A D405N R408S K417N N440K K444T L452R N460K S477N T478K E484A F486V Q498R N501Y Y505H D614G H655Y N679K P681H N764K D796Y Q954H N969K	BQ.1.1	0.413707165109034	454042.596691077	1097497.54170057	4648	6587	5611
BQ.1	1	2023-01-22	T19I G142D V213G G339D R346T S371F S373P S375F T376A D405N R408S K417N N440K K444T L452R N460K S477N T478K E484A F486V Q498R N501Y Y505H D614G H655Y N679K P681H N764K D796Y Q954H N969K	BQ.1.1	0.405057417932954	315896.583082005	779880.997351078	3492	5129	4410
BQ.1	1	2023-01-29	T19I G142D V213G G339D R346T S371F S373P S375F T376A D405N R408S K417N N440K K444T L452R N460K S477N T478K E484A F486V Q498R N501Y Y505H D614G H655Y N679K P681H N764K D796Y Q954H N969K	BQ.1.1	0.384371281237604	203443.647138569	529289.406023046	2907	4656	3507
BQ.1	1	2023-02-05	T19I G142D V213G G339D R346T S371F S373P S375F T376A D405N R408S K417N N440K K444T L452R N460K S477N T478K E484A F486V Q498R N501Y Y505H D614G H655Y N679K P681H N764K D796Y Q954H N969K	BQ.1.1	0.366748166259169	142019.060375026	387238.637955904	2250	3885	2788
BQ.1	1	2023-02-12	T19I G142D V213G G339D R346T S371F S373P S375F T376A D405N R408S K417N N440K K444T L452R N460K S477N T478K E484A F486V Q498R N501Y Y505H D614G H655Y N679K P681H N764K D796Y Q954H N969K	BQ.1.1	0.362089434111595	105825.099576603	292262.324185876	1830	3224	2170
BQ.1	1	2023-02-19	T19I G142D V213G G339D R346T S371F S373P S375F T376A D405N R408S K417N N440K K444T L452R N460K S477N T478K E484A F486V Q498R N501Y Y505H D614G H655Y N679K P681H N764K D796Y Q954H N969K	BQ.1.1	0.329576816927323	80105.8522717097	243056.696215906	1433	2915	1690
BQ.1	1	2023-02-26	T19I G142D V213G G339D R346T S371F S373P S375F T376A D405N R408S K417N N440K K444T L452R N460K S477N T478K E484A F486V Q498R N501Y Y505H D614G H655Y N679K P681H N764K D796Y Q954H N969K	BQ.1.1	0.327166504381694	58748.9552555562	179568.979307905	1008	2073	1251
BQ.1	1	2023-03-05	T19I G142D V213G G339D R346T S371F S373P S375F T376A D405N R408S K417N N440K K444T L452R N460K S477N T478K E484A F486V Q498R N501Y Y505H D614G H655Y N679K P681H N764K D796Y Q954H N969K	BQ.1.1	0.314235345967387	39488.4895151515	125665.333393939	713	1556	873
BQ.1	1	2023-03-12	T19I G142D V213G G339D R346T S371F S373P S375F T376A D405N R408S K417N N440K K444T L452R N460K S477N T478K E484A F486V Q498R N501Y Y505H D614G H655Y N679K P681H N764K D796Y Q954H N969K	BQ.1.1	0.263995285798468	25274.4025913929	95738.0830303431	448	1249	634
BQ.1	1	2023-03-19	T19I G142D V213G G339D R346T S371F S373P S375F T376A D405N R408S K417N N440K K444T L452R N460K S477N T478K E484A F486V Q498R N501Y Y505H D614G H655Y N679K P681H N764K D796Y Q954H N969K	BQ.1.1	0.239697224558452	16367.9577763632	68285.9712143716	285	904	354
BQ.1	1	2023-03-26	T19I G142D V213G G339D R346T S371F S373P S375F T376A D405N R408S K417N N440K K444T L452R N460K S477N T478K E484A F486V Q498R N501Y Y505H D614G H655Y N679K P681H N764K D796Y Q954H N969K	BQ.1.1	0.247386759581882	12587.0661175098	50880.1123341595	213	648	416
BQ.1	1	2023-04-02	T19I G142D V213G G339D R346T S371F S373P S375F T376A D405N R408S K417N N440K K444T L452R N460K S477N T478K E484A F486V Q498R N501Y Y505H D614G H655Y N679K P681H N764K D796Y Q954H N969K	BQ.1.1	0.226244343891403	9480.76734293194	41904.9916557592	150	513	336
BQ.1	1	2023-04-09	T19I G142D V213G G339D R346T S371F S373P S375F T376A D405N R408S K417N N440K K444T L452R N460K S477N T478K E484A F486V Q498R N501Y Y505H D614G H655Y N679K P681H N764K D796Y Q954H N969K	BQ.1.1	0.222477064220183	6777.28933524629	30462.8675274988	97	339	268
BQ.1	1	2023-04-16	T19I G142D V213G G339D R346T S371F S373P S375F T376A D405N R408S K417N N440K K444T L452R N460K S477N T478K E484A F486V Q498R N501Y Y505H D614G H655Y N679K P681H N764K D796Y Q954H N969K	BQ.1.1	0.226700251889169	5887.62378976487	25970.9627170739	90	307	182
BQ.1	1	2023-04-23	T19I G142D V213G G339D R346T S371F S373P S375F T376A D405N R408S K417N N440K K444T L452R N460K S477N T478K E484A F486V Q498R N501Y Y505H D614G H655Y N679K P681H N764K D796Y Q954H N969K	BQ.1.1	0.211940298507463	4907.93402129402	23157.1534807535	71	264	193
BQ.1	1	2023-04-30	T19I G142D V213G G339D R346T S371F S373P S375F T376A D405N R408S K417N N440K K444T L452R N460K S477N T478K E484A F486V Q498R N501Y Y505H D614G H655Y N679K P681H N764K D796Y Q954H N969K	BQ.1.1	0.245967741935484	4048.76740828247	16460.5625779353	61	187	143
BQ.1	1	2023-05-07	T19I G142D V213G G339D R346T S371F S373P S375F T376A D405N R408S K417N N440K K444T L452R N460K S477N T478K E484A F486V Q498R N501Y Y505H D614G H655Y N679K P681H N764K D796Y Q954H N969K	BQ.1.1	0.202898550724638	1973.24631386444	9725.28540404618	28	110	83
BQ.1	1	2023-05-14	T19I G142D V213G G339D R346T S371F S373P S375F T376A D405N R408S K417N N440K K444T L452R N460K S477N T478K E484A F486V Q498R N501Y Y505H D614G H655Y N679K P681H N764K D796Y Q954H N969K	BQ.1.1	0.129032258064516	769.285429141717	5961.9620758483	12	81	40
BQ.1	1	2023-05-21	T19I G142D V213G G339D R346T S371F S373P S375F T376A D405N R408S K417N N440K K444T L452R N460K S477N T478K E484A F486V Q498R N501Y Y505H D614G H655Y N679K P681H N764K D796Y Q954H N969K	BQ.1.1	0.117647058823529	349.230182511577	2968.45655134841	6	45	35
BQ.1	1	2023-05-28	T19I G142D V213G G339D R346T S371F S373P S375F T376A D405N R408S K417N N440K K444T L452R N460K S477N T478K E484A F486V Q498R N501Y Y505H D614G H655Y N679K P681H N764K D796Y Q954H N969K	BQ.1.1	0.3125	704.971328671329	2255.90825174825	15	33	34
BQ.1	1	2023-06-04	T19I G142D V213G G339D R346T S371F S373P S375F T376A D405N R408S K417N N440K K444T L452R N460K S477N T478K E484A F486V Q498R N501Y Y505H D614G H655Y N679K P681H N764K D796Y Q954H N969K	BQ.1.1	0.152173913043478	319.664211264783	2100.65053116857	7	39	30
BQ.1	1	2023-06-11	T19I G142D V213G G339D R346T S371F S373P S375F T376A D405N R408S K417N N440K K444T L452R N460K S477N T478K E484A F486V Q498R N501Y Y505H D614G H655Y N679K P681H N764K D796Y Q954H N969K	BQ.1.1	0.1	124.648906139732	1246.48906139732	3	27	23
BQ.1	1	2023-06-18	T19I G142D V213G G339D R346T S371F S373P S375F T376A D405N R408S K417N N440K K444T L452R N460K S477N T478K E484A F486V Q498R N501Y Y505H D614G H655Y N679K P681H N764K D796Y Q954H N969K	BQ.1.1	0.1875	116.748408835642	622.658180456758	3	13	30
BQ.1	1	2023-06-25	T19I G142D V213G G339D R346T S371F S373P S375F T376A D405N R408S K417N N440K K444T L452R N460K S477N T478K E484A F486V Q498R N501Y Y505H D614G H655Y N679K P681H N764K D796Y Q954H N969K	BQ.1.1	0.157894736842105	103.183109707972	653.493028150487	3	16	32
BQ.1	1	2023-07-02	T19I G142D V213G G339D R346T S371F S373P S375F T376A D405N R408S K417N N440K K444T L452R N460K S477N T478K E484A F486V Q498R N501Y Y505H D614G H655Y N679K P681H N764K D796Y Q954H N969K	BQ.1.1	0.357142857142857	212.382885931273	594.672080607564	5	9	16
BQ.1	1	2023-07-09	T19I G142D V213G G339D R346T S371F S373P S375F T376A D405N R408S K417N N440K K444T L452R N460K S477N T478K E484A F486V Q498R N501Y Y505H D614G H655Y N679K P681H N764K D796Y Q954H N969K	BQ.1.1	0	0	732.962350380849	0	18	15
BQ.1	1	2023-07-16	T19I G142D V213G G339D R346T S371F S373P S375F T376A D405N R408S K417N N440K K444T L452R N460K S477N T478K E484A F486V Q498R N501Y Y505H D614G H655Y N679K P681H N764K D796Y Q954H N969K	BQ.1.1	0.173913043478261	167.893438839433	965.387273326739	4	19	18
BQ.1	1	2023-07-23	T19I G142D V213G G339D R346T S371F S373P S375F T376A D405N R408S K417N N440K K444T L452R N460K S477N T478K E484A F486V Q498R N501Y Y505H D614G H655Y N679K P681H N764K D796Y Q954H N969K	BQ.1.1	0.0769230769230769	49.8199018468294	647.658724008782	1	12	23
BQ.1	1	2023-07-30	T19I G142D V213G G339D R346T S371F S373P S375F T376A D405N R408S K417N N440K K444T L452R N460K S477N T478K E484A F486V Q498R N501Y Y505H D614G H655Y N679K P681H N764K D796Y Q954H N969K	BQ.1.1	0	0	275.200431848853	0	4	25
BQ.1	1	2023-08-06	T19I G142D V213G G339D R346T S371F S373P S375F T376A D405N R408S K417N N440K K444T L452R N460K S477N T478K E484A F486V Q498R N501Y Y505H D614G H655Y N679K P681H N764K D796Y Q954H N969K	BQ.1.1	0	0	1179.22836095764	0	22	18
BQ.1	1	2023-08-13	T19I G142D V213G G339D R346T S371F S373P S375F T376A D405N R408S K417N N440K K444T L452R N460K S477N T478K E484A F486V Q498R N501Y Y505H D614G H655Y N679K P681H N764K D796Y Q954H N969K	BQ.1.1	0	0	870.973971021926	0	18	17
BQ.1	1	2023-08-20	T19I G142D V213G G339D R346T S371F S373P S375F T376A D405N R408S K417N N440K K444T L452R N460K S477N T478K E484A F486V Q498R N501Y Y505H D614G H655Y N679K P681H N764K D796Y Q954H N969K	BQ.1.1	0	0	184.080102159276	0	6	14
BQ.1	1	2023-08-27	T19I G142D V213G G339D R346T S371F S373P S375F T376A D405N R408S K417N N440K K444T L452R N460K S477N T478K E484A F486V Q498R N501Y Y505H D614G H655Y N679K P681H N764K D796Y Q954H N969K	BQ.1.1	0.111111111111111	31.7566233026303	285.809609723673	1	8	9
BQ.1	1	2023-09-03	T19I G142D V213G G339D R346T S371F S373P S375F T376A D405N R408S K417N N440K K444T L452R N460K S477N T478K E484A F486V Q498R N501Y Y505H D614G H655Y N679K P681H N764K D796Y Q954H N969K	BQ.1.1	0	0	119.109336305102	0	4	10
BQ.1	1	2023-09-10	T19I G142D V213G G339D R346T S371F S373P S375F T376A D405N R408S K417N N440K K444T L452R N460K S477N T478K E484A F486V Q498R N501Y Y505H D614G H655Y N679K P681H N764K D796Y Q954H N969K	BQ.1.1	0.285714285714286	41.3875398996808	144.856389648883	2	5	11
BQ.1	1	2023-09-17	T19I G142D V213G G339D R346T S371F S373P S375F T376A D405N R408S K417N N440K K444T L452R N460K S477N T478K E484A F486V Q498R N501Y Y505H D614G H655Y N679K P681H N764K D796Y Q954H N969K	BQ.1.1	0.444444444444444	60.2143790849673	135.482352941176	4	5	11
BQ.1	1	2023-09-24	T19I G142D V213G G339D R346T S371F S373P S375F T376A D405N R408S K417N N440K K444T L452R N460K S477N T478K E484A F486V Q498R N501Y Y505H D614G H655Y N679K P681H N764K D796Y Q954H N969K	BQ.1.1	0	0	47.9769042860315	0	4	3
BQ.1	1	2023-10-01	T19I G142D V213G G339D R346T S371F S373P S375F T376A D405N R408S K417N N440K K444T L452R N460K S477N T478K E484A F486V Q498R N501Y Y505H D614G H655Y N679K P681H N764K D796Y Q954H N969K	BQ.1.1	0	0	102.558241209169	0	7	4
BQ.1	1	2023-10-08	T19I G142D V213G G339D R346T S371F S373P S375F T376A D405N R408S K417N N440K K444T L452R N460K S477N T478K E484A F486V Q498R N501Y Y505H D614G H655Y N679K P681H N764K D796Y Q954H N969K	BQ.1.1	0	0	77.1504436241176	0	5	5
BQ.1	1	2023-10-15	T19I G142D V213G G339D R346T S371F S373P S375F T376A D405N R408S K417N N440K K444T L452R N460K S477N T478K E484A F486V Q498R N501Y Y505H D614G H655Y N679K P681H N764K D796Y Q954H N969K	BQ.1.1	0	0	16.4515480931367	0	1	3
BQ.1	1	2023-10-22	T19I G142D V213G G339D R346T S371F S373P S375F T376A D405N R408S K417N N440K K444T L452R N460K S477N T478K E484A F486V Q498R N501Y Y505H D614G H655Y N679K P681H N764K D796Y Q954H N969K	BQ.1.1	0	0	16.2832150767729	0	1	1
BQ.1	1	2023-10-29	T19I G142D V213G G339D R346T S371F S373P S375F T376A D405N R408S K417N N440K K444T L452R N460K S477N T478K E484A F486V Q498R N501Y Y505H D614G H655Y N679K P681H N764K D796Y Q954H N969K	BQ.1.1	0	0	15.4694142862162	0	1	2
BQ.1	1	2023-11-05	T19I G142D V213G G339D R346T S371F S373P S375F T376A D405N R408S K417N N440K K444T L452R N460K S477N T478K E484A F486V Q498R N501Y Y505H D614G H655Y N679K P681H N764K D796Y Q954H N969K	BQ.1.1	0	0	66.9764018185755	0	4	1
BQ.1	1	2023-11-12	T19I G142D V213G G339D R346T S371F S373P S375F T376A D405N R408S K417N N440K K444T L452R N460K S477N T478K E484A F486V Q498R N501Y Y505H D614G H655Y N679K P681H N764K D796Y Q954H N969K	BQ.1.1	0	0	0	0	0	2
BQ.1	1	2023-11-19	T19I G142D V213G G339D R346T S371F S373P S375F T376A D405N R408S K417N N440K K444T L452R N460K S477N T478K E484A F486V Q498R N501Y Y505H D614G H655Y N679K P681H N764K D796Y Q954H N969K	BQ.1.1	0	0	22.6208534268596	0	1	4
BQ.1	1	2023-11-26	T19I G142D V213G G339D R346T S371F S373P S375F T376A D405N R408S K417N N440K K444T L452R N460K S477N T478K E484A F486V Q498R N501Y Y505H D614G H655Y N679K P681H N764K D796Y Q954H N969K	BQ.1.1	0	0	25.9830616133813	0	1	2
BQ.1	1	2023-12-03	T19I G142D V213G G339D R346T S371F S373P S375F T376A D405N R408S K417N N440K K444T L452R N460K S477N T478K E484A F486V Q498R N501Y Y505H D614G H655Y N679K P681H N764K D796Y Q954H N969K	BQ.1.1	0	0	53.7489980750418	0	2	0
BQ.1	1	2023-12-10	T19I G142D V213G G339D R346T S371F S373P S375F T376A D405N R408S K417N N440K K444T L452R N460K S477N T478K E484A F486V Q498R N501Y Y505H D614G H655Y N679K P681H N764K D796Y Q954H N969K	BQ.1.1	0	0	0	0	0	0
BQ.1	1	2023-12-17	T19I G142D V213G G339D R346T S371F S373P S375F T376A D405N R408S K417N N440K K444T L452R N460K S477N T478K E484A F486V Q498R N501Y Y505H D614G H655Y N679K P681H N764K D796Y Q954H N969K	BQ.1.1	0	0	59.9941687692739	0	2	0
BQ.1	1	2023-12-24	T19I G142D V213G G339D R346T S371F S373P S375F T376A D405N R408S K417N N440K K444T L452R N460K S477N T478K E484A F486V Q498R N501Y Y505H D614G H655Y N679K P681H N764K D796Y Q954H N969K	BQ.1.1	0	0	68.0934451947343	0	2	0
BQ.1	1	2023-12-31	T19I G142D V213G G339D R346T S371F S373P S375F T376A D405N R408S K417N N440K K444T L452R N460K S477N T478K E484A F486V Q498R N501Y Y505H D614G H655Y N679K P681H N764K D796Y Q954H N969K	BQ.1.1	0	0	0	0	0	3
BQ.1	1	2024-01-07	T19I G142D V213G G339D R346T S371F S373P S375F T376A D405N R408S K417N N440K K444T L452R N460K S477N T478K E484A F486V Q498R N501Y Y505H D614G H655Y N679K P681H N764K D796Y Q954H N969K	BQ.1.1	0	0	0	0	0	1
BQ.1	1	2024-01-14	T19I G142D V213G G339D R346T S371F S373P S375F T376A D405N R408S K417N N440K K444T L452R N460K S477N T478K E484A F486V Q498R N501Y Y505H D614G H655Y N679K P681H N764K D796Y Q954H N969K	BQ.1.1	0	0	20.5921073527076	0	1	1
BQ.1	1	2024-01-21	T19I G142D V213G G339D R346T S371F S373P S375F T376A D405N R408S K417N N440K K444T L452R N460K S477N T478K E484A F486V Q498R N501Y Y505H D614G H655Y N679K P681H N764K D796Y Q954H N969K	BQ.1.1	0	0	19.4898969443319	0	1	5
BQ.1	1	2024-01-28	T19I G142D V213G G339D R346T S371F S373P S375F T376A D405N R408S K417N N440K K444T L452R N460K S477N T478K E484A F486V Q498R N501Y Y505H D614G H655Y N679K P681H N764K D796Y Q954H N969K	BQ.1.1	0	0	0	0	0	0
BQ.1	1	2024-02-04	T19I G142D V213G G339D R346T S371F S373P S375F T376A D405N R408S K417N N440K K444T L452R N460K S477N T478K E484A F486V Q498R N501Y Y505H D614G H655Y N679K P681H N764K D796Y Q954H N969K	BQ.1.1	0	0	0	0	0	1
BQ.1	1	2024-02-11	T19I G142D V213G G339D R346T S371F S373P S375F T376A D405N R408S K417N N440K K444T L452R N460K S477N T478K E484A F486V Q498R N501Y Y505H D614G H655Y N679K P681H N764K D796Y Q954H N969K	BQ.1.1	0	0	0	0	0	0
BQ.1	1	2024-02-18	T19I G142D V213G G339D R346T S371F S373P S375F T376A D405N R408S K417N N440K K444T L452R N460K S477N T478K E484A F486V Q498R N501Y Y505H D614G H655Y N679K P681H N764K D796Y Q954H N969K	BQ.1.1	0	0	0	0	0	0
BQ.1	1	2024-02-25	T19I G142D V213G G339D R346T S371F S373P S375F T376A D405N R408S K417N N440K K444T L452R N460K S477N T478K E484A F486V Q498R N501Y Y505H D614G H655Y N679K P681H N764K D796Y Q954H N969K	BQ.1.1	1	20.1303574770728	20.1303574770728	1	0	2
BQ.1	1	2024-03-03	T19I G142D V213G G339D R346T S371F S373P S375F T376A D405N R408S K417N N440K K444T L452R N460K S477N T478K E484A F486V Q498R N501Y Y505H D614G H655Y N679K P681H N764K D796Y Q954H N969K	BQ.1.1	0	0	25.0137179487179	0	1	2
BQ.1	1	2024-03-10	T19I G142D V213G G339D R346T S371F S373P S375F T376A D405N R408S K417N N440K K444T L452R N460K S477N T478K E484A F486V Q498R N501Y Y505H D614G H655Y N679K P681H N764K D796Y Q954H N969K	BQ.1.1	0	0	0	0	0	0
BQ.1	1	2024-03-17	T19I G142D V213G G339D R346T S371F S373P S375F T376A D405N R408S K417N N440K K444T L452R N460K S477N T478K E484A F486V Q498R N501Y Y505H D614G H655Y N679K P681H N764K D796Y Q954H N969K	BQ.1.1	0	0	43.480202190396	0	1	1
BQ.1	1	2024-03-24	T19I G142D V213G G339D R346T S371F S373P S375F T376A D405N R408S K417N N440K K444T L452R N460K S477N T478K E484A F486V Q498R N501Y Y505H D614G H655Y N679K P681H N764K D796Y Q954H N969K	BQ.1.1	0	0	95.4940476190476	0	1	0
BQ.1	1	2024-03-31	T19I G142D V213G G339D R346T S371F S373P S375F T376A D405N R408S K417N N440K K444T L452R N460K S477N T478K E484A F486V Q498R N501Y Y505H D614G H655Y N679K P681H N764K D796Y Q954H N969K	BQ.1.1	0	0	0	0	0	0
