VOC	TopK	Week	Mut	Lineage	Proportion	HaploWeeklyCases	VOCWeeklyCases	HaploCount	OtherCount	PreviousVOCCount
BQ.1	2	2020-01-12	T19I G142D V213G G339D S371F S373P S375F T376A D405N R408S K417N N440K K444T L452R N460K S477N T478K E484A F486V Q498R N501Y Y505H D614G H655Y N679K P681H N764K D796Y Q954H N969K	BQ.1	0	0	0	0	0	0
BQ.1	2	2020-01-19	T19I G142D V213G G339D S371F S373P S375F T376A D405N R408S K417N N440K K444T L452R N460K S477N T478K E484A F486V Q498R N501Y Y505H D614G H655Y N679K P681H N764K D796Y Q954H N969K	BQ.1	0	0	0	0	0	0
BQ.1	2	2020-01-26	T19I G142D V213G G339D S371F S373P S375F T376A D405N R408S K417N N440K K444T L452R N460K S477N T478K E484A F486V Q498R N501Y Y505H D614G H655Y N679K P681H N764K D796Y Q954H N969K	BQ.1	0	0	0	0	0	0
BQ.1	2	2020-02-02	T19I G142D V213G G339D S371F S373P S375F T376A D405N R408S K417N N440K K444T L452R N460K S477N T478K E484A F486V Q498R N501Y Y505H D614G H655Y N679K P681H N764K D796Y Q954H N969K	BQ.1	0	0	0	0	0	0
BQ.1	2	2020-02-09	T19I G142D V213G G339D S371F S373P S375F T376A D405N R408S K417N N440K K444T L452R N460K S477N T478K E484A F486V Q498R N501Y Y505H D614G H655Y N679K P681H N764K D796Y Q954H N969K	BQ.1	0	0	0	0	0	0
BQ.1	2	2020-02-16	T19I G142D V213G G339D S371F S373P S375F T376A D405N R408S K417N N440K K444T L452R N460K S477N T478K E484A F486V Q498R N501Y Y505H D614G H655Y N679K P681H N764K D796Y Q954H N969K	BQ.1	0	0	0	0	0	0
BQ.1	2	2020-02-23	T19I G142D V213G G339D S371F S373P S375F T376A D405N R408S K417N N440K K444T L452R N460K S477N T478K E484A F486V Q498R N501Y Y505H D614G H655Y N679K P681H N764K D796Y Q954H N969K	BQ.1	0	0	0	0	0	0
BQ.1	2	2020-03-01	T19I G142D V213G G339D S371F S373P S375F T376A D405N R408S K417N N440K K444T L452R N460K S477N T478K E484A F486V Q498R N501Y Y505H D614G H655Y N679K P681H N764K D796Y Q954H N969K	BQ.1	0	0	0	0	0	0
BQ.1	2	2020-03-08	T19I G142D V213G G339D S371F S373P S375F T376A D405N R408S K417N N440K K444T L452R N460K S477N T478K E484A F486V Q498R N501Y Y505H D614G H655Y N679K P681H N764K D796Y Q954H N969K	BQ.1	0	0	0	0	0	0
BQ.1	2	2020-03-15	T19I G142D V213G G339D S371F S373P S375F T376A D405N R408S K417N N440K K444T L452R N460K S477N T478K E484A F486V Q498R N501Y Y505H D614G H655Y N679K P681H N764K D796Y Q954H N969K	BQ.1	0	0	0	0	0	0
BQ.1	2	2020-03-22	T19I G142D V213G G339D S371F S373P S375F T376A D405N R408S K417N N440K K444T L452R N460K S477N T478K E484A F486V Q498R N501Y Y505H D614G H655Y N679K P681H N764K D796Y Q954H N969K	BQ.1	0	0	0	0	0	0
BQ.1	2	2020-03-29	T19I G142D V213G G339D S371F S373P S375F T376A D405N R408S K417N N440K K444T L452R N460K S477N T478K E484A F486V Q498R N501Y Y505H D614G H655Y N679K P681H N764K D796Y Q954H N969K	BQ.1	0	0	0	0	0	0
BQ.1	2	2020-04-05	T19I G142D V213G G339D S371F S373P S375F T376A D405N R408S K417N N440K K444T L452R N460K S477N T478K E484A F486V Q498R N501Y Y505H D614G H655Y N679K P681H N764K D796Y Q954H N969K	BQ.1	0	0	0	0	0	0
BQ.1	2	2020-04-12	T19I G142D V213G G339D S371F S373P S375F T376A D405N R408S K417N N440K K444T L452R N460K S477N T478K E484A F486V Q498R N501Y Y505H D614G H655Y N679K P681H N764K D796Y Q954H N969K	BQ.1	0	0	0	0	0	0
BQ.1	2	2020-04-19	T19I G142D V213G G339D S371F S373P S375F T376A D405N R408S K417N N440K K444T L452R N460K S477N T478K E484A F486V Q498R N501Y Y505H D614G H655Y N679K P681H N764K D796Y Q954H N969K	BQ.1	0	0	0	0	0	0
BQ.1	2	2020-04-26	T19I G142D V213G G339D S371F S373P S375F T376A D405N R408S K417N N440K K444T L452R N460K S477N T478K E484A F486V Q498R N501Y Y505H D614G H655Y N679K P681H N764K D796Y Q954H N969K	BQ.1	0	0	0	0	0	0
BQ.1	2	2020-05-03	T19I G142D V213G G339D S371F S373P S375F T376A D405N R408S K417N N440K K444T L452R N460K S477N T478K E484A F486V Q498R N501Y Y505H D614G H655Y N679K P681H N764K D796Y Q954H N969K	BQ.1	0	0	0	0	0	0
BQ.1	2	2020-05-10	T19I G142D V213G G339D S371F S373P S375F T376A D405N R408S K417N N440K K444T L452R N460K S477N T478K E484A F486V Q498R N501Y Y505H D614G H655Y N679K P681H N764K D796Y Q954H N969K	BQ.1	0	0	0	0	0	0
BQ.1	2	2020-05-17	T19I G142D V213G G339D S371F S373P S375F T376A D405N R408S K417N N440K K444T L452R N460K S477N T478K E484A F486V Q498R N501Y Y505H D614G H655Y N679K P681H N764K D796Y Q954H N969K	BQ.1	0	0	0	0	0	0
BQ.1	2	2020-05-24	T19I G142D V213G G339D S371F S373P S375F T376A D405N R408S K417N N440K K444T L452R N460K S477N T478K E484A F486V Q498R N501Y Y505H D614G H655Y N679K P681H N764K D796Y Q954H N969K	BQ.1	0	0	0	0	0	0
BQ.1	2	2020-05-31	T19I G142D V213G G339D S371F S373P S375F T376A D405N R408S K417N N440K K444T L452R N460K S477N T478K E484A F486V Q498R N501Y Y505H D614G H655Y N679K P681H N764K D796Y Q954H N969K	BQ.1	0	0	0	0	0	0
BQ.1	2	2020-06-07	T19I G142D V213G G339D S371F S373P S375F T376A D405N R408S K417N N440K K444T L452R N460K S477N T478K E484A F486V Q498R N501Y Y505H D614G H655Y N679K P681H N764K D796Y Q954H N969K	BQ.1	0	0	0	0	0	0
BQ.1	2	2020-06-14	T19I G142D V213G G339D S371F S373P S375F T376A D405N R408S K417N N440K K444T L452R N460K S477N T478K E484A F486V Q498R N501Y Y505H D614G H655Y N679K P681H N764K D796Y Q954H N969K	BQ.1	0	0	0	0	0	0
BQ.1	2	2020-06-21	T19I G142D V213G G339D S371F S373P S375F T376A D405N R408S K417N N440K K444T L452R N460K S477N T478K E484A F486V Q498R N501Y Y505H D614G H655Y N679K P681H N764K D796Y Q954H N969K	BQ.1	0	0	0	0	0	0
BQ.1	2	2020-06-28	T19I G142D V213G G339D S371F S373P S375F T376A D405N R408S K417N N440K K444T L452R N460K S477N T478K E484A F486V Q498R N501Y Y505H D614G H655Y N679K P681H N764K D796Y Q954H N969K	BQ.1	0	0	0	0	0	0
BQ.1	2	2020-07-05	T19I G142D V213G G339D S371F S373P S375F T376A D405N R408S K417N N440K K444T L452R N460K S477N T478K E484A F486V Q498R N501Y Y505H D614G H655Y N679K P681H N764K D796Y Q954H N969K	BQ.1	0	0	0	0	0	3
BQ.1	2	2020-07-12	T19I G142D V213G G339D S371F S373P S375F T376A D405N R408S K417N N440K K444T L452R N460K S477N T478K E484A F486V Q498R N501Y Y505H D614G H655Y N679K P681H N764K D796Y Q954H N969K	BQ.1	0	0	0	0	0	0
BQ.1	2	2020-07-19	T19I G142D V213G G339D S371F S373P S375F T376A D405N R408S K417N N440K K444T L452R N460K S477N T478K E484A F486V Q498R N501Y Y505H D614G H655Y N679K P681H N764K D796Y Q954H N969K	BQ.1	0	0	0	0	0	0
BQ.1	2	2020-07-26	T19I G142D V213G G339D S371F S373P S375F T376A D405N R408S K417N N440K K444T L452R N460K S477N T478K E484A F486V Q498R N501Y Y505H D614G H655Y N679K P681H N764K D796Y Q954H N969K	BQ.1	0	0	0	0	0	1
BQ.1	2	2020-08-02	T19I G142D V213G G339D S371F S373P S375F T376A D405N R408S K417N N440K K444T L452R N460K S477N T478K E484A F486V Q498R N501Y Y505H D614G H655Y N679K P681H N764K D796Y Q954H N969K	BQ.1	0	0	0	0	0	0
BQ.1	2	2020-08-09	T19I G142D V213G G339D S371F S373P S375F T376A D405N R408S K417N N440K K444T L452R N460K S477N T478K E484A F486V Q498R N501Y Y505H D614G H655Y N679K P681H N764K D796Y Q954H N969K	BQ.1	0	0	0	0	0	0
BQ.1	2	2020-08-16	T19I G142D V213G G339D S371F S373P S375F T376A D405N R408S K417N N440K K444T L452R N460K S477N T478K E484A F486V Q498R N501Y Y505H D614G H655Y N679K P681H N764K D796Y Q954H N969K	BQ.1	0	0	0	0	0	4
BQ.1	2	2020-08-23	T19I G142D V213G G339D S371F S373P S375F T376A D405N R408S K417N N440K K444T L452R N460K S477N T478K E484A F486V Q498R N501Y Y505H D614G H655Y N679K P681H N764K D796Y Q954H N969K	BQ.1	0	0	0	0	0	0
BQ.1	2	2020-08-30	T19I G142D V213G G339D S371F S373P S375F T376A D405N R408S K417N N440K K444T L452R N460K S477N T478K E484A F486V Q498R N501Y Y505H D614G H655Y N679K P681H N764K D796Y Q954H N969K	BQ.1	0	0	0	0	0	1
BQ.1	2	2020-09-06	T19I G142D V213G G339D S371F S373P S375F T376A D405N R408S K417N N440K K444T L452R N460K S477N T478K E484A F486V Q498R N501Y Y505H D614G H655Y N679K P681H N764K D796Y Q954H N969K	BQ.1	0	0	0	0	0	1
BQ.1	2	2020-09-13	T19I G142D V213G G339D S371F S373P S375F T376A D405N R408S K417N N440K K444T L452R N460K S477N T478K E484A F486V Q498R N501Y Y505H D614G H655Y N679K P681H N764K D796Y Q954H N969K	BQ.1	0	0	0	0	0	0
BQ.1	2	2020-09-20	T19I G142D V213G G339D S371F S373P S375F T376A D405N R408S K417N N440K K444T L452R N460K S477N T478K E484A F486V Q498R N501Y Y505H D614G H655Y N679K P681H N764K D796Y Q954H N969K	BQ.1	0	0	0	0	0	0
BQ.1	2	2020-09-27	T19I G142D V213G G339D S371F S373P S375F T376A D405N R408S K417N N440K K444T L452R N460K S477N T478K E484A F486V Q498R N501Y Y505H D614G H655Y N679K P681H N764K D796Y Q954H N969K	BQ.1	0	0	0	0	0	0
BQ.1	2	2020-10-04	T19I G142D V213G G339D S371F S373P S375F T376A D405N R408S K417N N440K K444T L452R N460K S477N T478K E484A F486V Q498R N501Y Y505H D614G H655Y N679K P681H N764K D796Y Q954H N969K	BQ.1	0	0	0	0	0	0
BQ.1	2	2020-10-11	T19I G142D V213G G339D S371F S373P S375F T376A D405N R408S K417N N440K K444T L452R N460K S477N T478K E484A F486V Q498R N501Y Y505H D614G H655Y N679K P681H N764K D796Y Q954H N969K	BQ.1	0	0	0	0	0	1
BQ.1	2	2020-10-18	T19I G142D V213G G339D S371F S373P S375F T376A D405N R408S K417N N440K K444T L452R N460K S477N T478K E484A F486V Q498R N501Y Y505H D614G H655Y N679K P681H N764K D796Y Q954H N969K	BQ.1	0	0	0	0	0	0
BQ.1	2	2020-10-25	T19I G142D V213G G339D S371F S373P S375F T376A D405N R408S K417N N440K K444T L452R N460K S477N T478K E484A F486V Q498R N501Y Y505H D614G H655Y N679K P681H N764K D796Y Q954H N969K	BQ.1	0	0	0	0	0	0
BQ.1	2	2020-11-01	T19I G142D V213G G339D S371F S373P S375F T376A D405N R408S K417N N440K K444T L452R N460K S477N T478K E484A F486V Q498R N501Y Y505H D614G H655Y N679K P681H N764K D796Y Q954H N969K	BQ.1	0	0	0	0	0	0
BQ.1	2	2020-11-08	T19I G142D V213G G339D S371F S373P S375F T376A D405N R408S K417N N440K K444T L452R N460K S477N T478K E484A F486V Q498R N501Y Y505H D614G H655Y N679K P681H N764K D796Y Q954H N969K	BQ.1	0	0	0	0	0	0
BQ.1	2	2020-11-15	T19I G142D V213G G339D S371F S373P S375F T376A D405N R408S K417N N440K K444T L452R N460K S477N T478K E484A F486V Q498R N501Y Y505H D614G H655Y N679K P681H N764K D796Y Q954H N969K	BQ.1	0	0	0	0	0	1
BQ.1	2	2020-11-22	T19I G142D V213G G339D S371F S373P S375F T376A D405N R408S K417N N440K K444T L452R N460K S477N T478K E484A F486V Q498R N501Y Y505H D614G H655Y N679K P681H N764K D796Y Q954H N969K	BQ.1	0	0	0	0	0	0
BQ.1	2	2020-11-29	T19I G142D V213G G339D S371F S373P S375F T376A D405N R408S K417N N440K K444T L452R N460K S477N T478K E484A F486V Q498R N501Y Y505H D614G H655Y N679K P681H N764K D796Y Q954H N969K	BQ.1	0	0	0	0	0	0
BQ.1	2	2020-12-06	T19I G142D V213G G339D S371F S373P S375F T376A D405N R408S K417N N440K K444T L452R N460K S477N T478K E484A F486V Q498R N501Y Y505H D614G H655Y N679K P681H N764K D796Y Q954H N969K	BQ.1	0	0	0	0	0	0
BQ.1	2	2020-12-13	T19I G142D V213G G339D S371F S373P S375F T376A D405N R408S K417N N440K K444T L452R N460K S477N T478K E484A F486V Q498R N501Y Y505H D614G H655Y N679K P681H N764K D796Y Q954H N969K	BQ.1	0	0	0	0	0	0
BQ.1	2	2020-12-20	T19I G142D V213G G339D S371F S373P S375F T376A D405N R408S K417N N440K K444T L452R N460K S477N T478K E484A F486V Q498R N501Y Y505H D614G H655Y N679K P681H N764K D796Y Q954H N969K	BQ.1	0	0	0	0	0	0
BQ.1	2	2020-12-27	T19I G142D V213G G339D S371F S373P S375F T376A D405N R408S K417N N440K K444T L452R N460K S477N T478K E484A F486V Q498R N501Y Y505H D614G H655Y N679K P681H N764K D796Y Q954H N969K	BQ.1	0	0	0	0	0	0
BQ.1	2	2021-01-03	T19I G142D V213G G339D S371F S373P S375F T376A D405N R408S K417N N440K K444T L452R N460K S477N T478K E484A F486V Q498R N501Y Y505H D614G H655Y N679K P681H N764K D796Y Q954H N969K	BQ.1	0	0	0	0	0	0
BQ.1	2	2021-01-10	T19I G142D V213G G339D S371F S373P S375F T376A D405N R408S K417N N440K K444T L452R N460K S477N T478K E484A F486V Q498R N501Y Y505H D614G H655Y N679K P681H N764K D796Y Q954H N969K	BQ.1	0	0	0	0	0	0
BQ.1	2	2021-01-17	T19I G142D V213G G339D S371F S373P S375F T376A D405N R408S K417N N440K K444T L452R N460K S477N T478K E484A F486V Q498R N501Y Y505H D614G H655Y N679K P681H N764K D796Y Q954H N969K	BQ.1	0	0	0	0	0	1
BQ.1	2	2021-01-24	T19I G142D V213G G339D S371F S373P S375F T376A D405N R408S K417N N440K K444T L452R N460K S477N T478K E484A F486V Q498R N501Y Y505H D614G H655Y N679K P681H N764K D796Y Q954H N969K	BQ.1	0	0	0	0	0	0
BQ.1	2	2021-01-31	T19I G142D V213G G339D S371F S373P S375F T376A D405N R408S K417N N440K K444T L452R N460K S477N T478K E484A F486V Q498R N501Y Y505H D614G H655Y N679K P681H N764K D796Y Q954H N969K	BQ.1	0	0	0	0	0	0
BQ.1	2	2021-02-07	T19I G142D V213G G339D S371F S373P S375F T376A D405N R408S K417N N440K K444T L452R N460K S477N T478K E484A F486V Q498R N501Y Y505H D614G H655Y N679K P681H N764K D796Y Q954H N969K	BQ.1	0	0	0	0	0	0
BQ.1	2	2021-02-14	T19I G142D V213G G339D S371F S373P S375F T376A D405N R408S K417N N440K K444T L452R N460K S477N T478K E484A F486V Q498R N501Y Y505H D614G H655Y N679K P681H N764K D796Y Q954H N969K	BQ.1	0	0	0	0	0	0
BQ.1	2	2021-02-21	T19I G142D V213G G339D S371F S373P S375F T376A D405N R408S K417N N440K K444T L452R N460K S477N T478K E484A F486V Q498R N501Y Y505H D614G H655Y N679K P681H N764K D796Y Q954H N969K	BQ.1	0	0	0	0	0	0
BQ.1	2	2021-02-28	T19I G142D V213G G339D S371F S373P S375F T376A D405N R408S K417N N440K K444T L452R N460K S477N T478K E484A F486V Q498R N501Y Y505H D614G H655Y N679K P681H N764K D796Y Q954H N969K	BQ.1	0	0	0	0	0	0
BQ.1	2	2021-03-07	T19I G142D V213G G339D S371F S373P S375F T376A D405N R408S K417N N440K K444T L452R N460K S477N T478K E484A F486V Q498R N501Y Y505H D614G H655Y N679K P681H N764K D796Y Q954H N969K	BQ.1	0	0	55.9961627322953	0	1	0
BQ.1	2	2021-03-14	T19I G142D V213G G339D S371F S373P S375F T376A D405N R408S K417N N440K K444T L452R N460K S477N T478K E484A F486V Q498R N501Y Y505H D614G H655Y N679K P681H N764K D796Y Q954H N969K	BQ.1	0	0	0	0	0	0
BQ.1	2	2021-03-21	T19I G142D V213G G339D S371F S373P S375F T376A D405N R408S K417N N440K K444T L452R N460K S477N T478K E484A F486V Q498R N501Y Y505H D614G H655Y N679K P681H N764K D796Y Q954H N969K	BQ.1	0	0	0	0	0	0
BQ.1	2	2021-03-28	T19I G142D V213G G339D S371F S373P S375F T376A D405N R408S K417N N440K K444T L452R N460K S477N T478K E484A F486V Q498R N501Y Y505H D614G H655Y N679K P681H N764K D796Y Q954H N969K	BQ.1	0	0	0	0	0	0
BQ.1	2	2021-04-04	T19I G142D V213G G339D S371F S373P S375F T376A D405N R408S K417N N440K K444T L452R N460K S477N T478K E484A F486V Q498R N501Y Y505H D614G H655Y N679K P681H N764K D796Y Q954H N969K	BQ.1	0	0	0	0	0	0
BQ.1	2	2021-04-11	T19I G142D V213G G339D S371F S373P S375F T376A D405N R408S K417N N440K K444T L452R N460K S477N T478K E484A F486V Q498R N501Y Y505H D614G H655Y N679K P681H N764K D796Y Q954H N969K	BQ.1	0	0	0	0	0	0
BQ.1	2	2021-04-18	T19I G142D V213G G339D S371F S373P S375F T376A D405N R408S K417N N440K K444T L452R N460K S477N T478K E484A F486V Q498R N501Y Y505H D614G H655Y N679K P681H N764K D796Y Q954H N969K	BQ.1	0	0	0	0	0	0
BQ.1	2	2021-04-25	T19I G142D V213G G339D S371F S373P S375F T376A D405N R408S K417N N440K K444T L452R N460K S477N T478K E484A F486V Q498R N501Y Y505H D614G H655Y N679K P681H N764K D796Y Q954H N969K	BQ.1	0	0	0	0	0	0
BQ.1	2	2021-05-02	T19I G142D V213G G339D S371F S373P S375F T376A D405N R408S K417N N440K K444T L452R N460K S477N T478K E484A F486V Q498R N501Y Y505H D614G H655Y N679K P681H N764K D796Y Q954H N969K	BQ.1	0	0	0	0	0	0
BQ.1	2	2021-05-09	T19I G142D V213G G339D S371F S373P S375F T376A D405N R408S K417N N440K K444T L452R N460K S477N T478K E484A F486V Q498R N501Y Y505H D614G H655Y N679K P681H N764K D796Y Q954H N969K	BQ.1	0	0	0	0	0	0
BQ.1	2	2021-05-16	T19I G142D V213G G339D S371F S373P S375F T376A D405N R408S K417N N440K K444T L452R N460K S477N T478K E484A F486V Q498R N501Y Y505H D614G H655Y N679K P681H N764K D796Y Q954H N969K	BQ.1	0	0	0	0	0	0
BQ.1	2	2021-05-23	T19I G142D V213G G339D S371F S373P S375F T376A D405N R408S K417N N440K K444T L452R N460K S477N T478K E484A F486V Q498R N501Y Y505H D614G H655Y N679K P681H N764K D796Y Q954H N969K	BQ.1	0	0	0	0	0	0
BQ.1	2	2021-05-30	T19I G142D V213G G339D S371F S373P S375F T376A D405N R408S K417N N440K K444T L452R N460K S477N T478K E484A F486V Q498R N501Y Y505H D614G H655Y N679K P681H N764K D796Y Q954H N969K	BQ.1	0	0	0	0	0	0
BQ.1	2	2021-06-06	T19I G142D V213G G339D S371F S373P S375F T376A D405N R408S K417N N440K K444T L452R N460K S477N T478K E484A F486V Q498R N501Y Y505H D614G H655Y N679K P681H N764K D796Y Q954H N969K	BQ.1	0	0	0	0	0	0
BQ.1	2	2021-06-13	T19I G142D V213G G339D S371F S373P S375F T376A D405N R408S K417N N440K K444T L452R N460K S477N T478K E484A F486V Q498R N501Y Y505H D614G H655Y N679K P681H N764K D796Y Q954H N969K	BQ.1	0	0	0	0	0	0
BQ.1	2	2021-06-20	T19I G142D V213G G339D S371F S373P S375F T376A D405N R408S K417N N440K K444T L452R N460K S477N T478K E484A F486V Q498R N501Y Y505H D614G H655Y N679K P681H N764K D796Y Q954H N969K	BQ.1	0	0	0	0	0	0
BQ.1	2	2021-06-27	T19I G142D V213G G339D S371F S373P S375F T376A D405N R408S K417N N440K K444T L452R N460K S477N T478K E484A F486V Q498R N501Y Y505H D614G H655Y N679K P681H N764K D796Y Q954H N969K	BQ.1	0	0	0	0	0	0
BQ.1	2	2021-07-04	T19I G142D V213G G339D S371F S373P S375F T376A D405N R408S K417N N440K K444T L452R N460K S477N T478K E484A F486V Q498R N501Y Y505H D614G H655Y N679K P681H N764K D796Y Q954H N969K	BQ.1	0	0	0	0	0	2
BQ.1	2	2021-07-11	T19I G142D V213G G339D S371F S373P S375F T376A D405N R408S K417N N440K K444T L452R N460K S477N T478K E484A F486V Q498R N501Y Y505H D614G H655Y N679K P681H N764K D796Y Q954H N969K	BQ.1	0	0	0	0	0	0
BQ.1	2	2021-07-18	T19I G142D V213G G339D S371F S373P S375F T376A D405N R408S K417N N440K K444T L452R N460K S477N T478K E484A F486V Q498R N501Y Y505H D614G H655Y N679K P681H N764K D796Y Q954H N969K	BQ.1	0	0	0	0	0	0
BQ.1	2	2021-07-25	T19I G142D V213G G339D S371F S373P S375F T376A D405N R408S K417N N440K K444T L452R N460K S477N T478K E484A F486V Q498R N501Y Y505H D614G H655Y N679K P681H N764K D796Y Q954H N969K	BQ.1	0	0	0	0	0	0
BQ.1	2	2021-08-01	T19I G142D V213G G339D S371F S373P S375F T376A D405N R408S K417N N440K K444T L452R N460K S477N T478K E484A F486V Q498R N501Y Y505H D614G H655Y N679K P681H N764K D796Y Q954H N969K	BQ.1	0	0	0	0	0	0
BQ.1	2	2021-08-08	T19I G142D V213G G339D S371F S373P S375F T376A D405N R408S K417N N440K K444T L452R N460K S477N T478K E484A F486V Q498R N501Y Y505H D614G H655Y N679K P681H N764K D796Y Q954H N969K	BQ.1	0	0	0	0	0	0
BQ.1	2	2021-08-15	T19I G142D V213G G339D S371F S373P S375F T376A D405N R408S K417N N440K K444T L452R N460K S477N T478K E484A F486V Q498R N501Y Y505H D614G H655Y N679K P681H N764K D796Y Q954H N969K	BQ.1	0	0	0	0	0	0
BQ.1	2	2021-08-22	T19I G142D V213G G339D S371F S373P S375F T376A D405N R408S K417N N440K K444T L452R N460K S477N T478K E484A F486V Q498R N501Y Y505H D614G H655Y N679K P681H N764K D796Y Q954H N969K	BQ.1	0	0	0	0	0	0
BQ.1	2	2021-08-29	T19I G142D V213G G339D S371F S373P S375F T376A D405N R408S K417N N440K K444T L452R N460K S477N T478K E484A F486V Q498R N501Y Y505H D614G H655Y N679K P681H N764K D796Y Q954H N969K	BQ.1	0	0	0	0	0	3
BQ.1	2	2021-09-05	T19I G142D V213G G339D S371F S373P S375F T376A D405N R408S K417N N440K K444T L452R N460K S477N T478K E484A F486V Q498R N501Y Y505H D614G H655Y N679K P681H N764K D796Y Q954H N969K	BQ.1	0	0	0	0	0	0
BQ.1	2	2021-09-12	T19I G142D V213G G339D S371F S373P S375F T376A D405N R408S K417N N440K K444T L452R N460K S477N T478K E484A F486V Q498R N501Y Y505H D614G H655Y N679K P681H N764K D796Y Q954H N969K	BQ.1	0	0	0	0	0	0
BQ.1	2	2021-09-19	T19I G142D V213G G339D S371F S373P S375F T376A D405N R408S K417N N440K K444T L452R N460K S477N T478K E484A F486V Q498R N501Y Y505H D614G H655Y N679K P681H N764K D796Y Q954H N969K	BQ.1	0	0	0	0	0	0
BQ.1	2	2021-09-26	T19I G142D V213G G339D S371F S373P S375F T376A D405N R408S K417N N440K K444T L452R N460K S477N T478K E484A F486V Q498R N501Y Y505H D614G H655Y N679K P681H N764K D796Y Q954H N969K	BQ.1	0	0	0	0	0	1
BQ.1	2	2021-10-03	T19I G142D V213G G339D S371F S373P S375F T376A D405N R408S K417N N440K K444T L452R N460K S477N T478K E484A F486V Q498R N501Y Y505H D614G H655Y N679K P681H N764K D796Y Q954H N969K	BQ.1	0	0	0	0	0	1
BQ.1	2	2021-10-10	T19I G142D V213G G339D S371F S373P S375F T376A D405N R408S K417N N440K K444T L452R N460K S477N T478K E484A F486V Q498R N501Y Y505H D614G H655Y N679K P681H N764K D796Y Q954H N969K	BQ.1	0	0	0	0	0	0
BQ.1	2	2021-10-17	T19I G142D V213G G339D S371F S373P S375F T376A D405N R408S K417N N440K K444T L452R N460K S477N T478K E484A F486V Q498R N501Y Y505H D614G H655Y N679K P681H N764K D796Y Q954H N969K	BQ.1	0	0	0	0	0	0
BQ.1	2	2021-10-24	T19I G142D V213G G339D S371F S373P S375F T376A D405N R408S K417N N440K K444T L452R N460K S477N T478K E484A F486V Q498R N501Y Y505H D614G H655Y N679K P681H N764K D796Y Q954H N969K	BQ.1	0	0	0	0	0	0
BQ.1	2	2021-10-31	T19I G142D V213G G339D S371F S373P S375F T376A D405N R408S K417N N440K K444T L452R N460K S477N T478K E484A F486V Q498R N501Y Y505H D614G H655Y N679K P681H N764K D796Y Q954H N969K	BQ.1	0	0	34.2911120684259	0	1	2
BQ.1	2	2021-11-07	T19I G142D V213G G339D S371F S373P S375F T376A D405N R408S K417N N440K K444T L452R N460K S477N T478K E484A F486V Q498R N501Y Y505H D614G H655Y N679K P681H N764K D796Y Q954H N969K	BQ.1	0	0	0	0	0	13
BQ.1	2	2021-11-14	T19I G142D V213G G339D S371F S373P S375F T376A D405N R408S K417N N440K K444T L452R N460K S477N T478K E484A F486V Q498R N501Y Y505H D614G H655Y N679K P681H N764K D796Y Q954H N969K	BQ.1	0	0	0	0	0	1
BQ.1	2	2021-11-21	T19I G142D V213G G339D S371F S373P S375F T376A D405N R408S K417N N440K K444T L452R N460K S477N T478K E484A F486V Q498R N501Y Y505H D614G H655Y N679K P681H N764K D796Y Q954H N969K	BQ.1	0	0	0	0	0	2
BQ.1	2	2021-11-28	T19I G142D V213G G339D S371F S373P S375F T376A D405N R408S K417N N440K K444T L452R N460K S477N T478K E484A F486V Q498R N501Y Y505H D614G H655Y N679K P681H N764K D796Y Q954H N969K	BQ.1	0	0	0	0	0	1
BQ.1	2	2021-12-05	T19I G142D V213G G339D S371F S373P S375F T376A D405N R408S K417N N440K K444T L452R N460K S477N T478K E484A F486V Q498R N501Y Y505H D614G H655Y N679K P681H N764K D796Y Q954H N969K	BQ.1	0	0	71.2688408617801	0	2	0
BQ.1	2	2021-12-12	T19I G142D V213G G339D S371F S373P S375F T376A D405N R408S K417N N440K K444T L452R N460K S477N T478K E484A F486V Q498R N501Y Y505H D614G H655Y N679K P681H N764K D796Y Q954H N969K	BQ.1	0	0	41.4117333582648	0	1	0
BQ.1	2	2021-12-19	T19I G142D V213G G339D S371F S373P S375F T376A D405N R408S K417N N440K K444T L452R N460K S477N T478K E484A F486V Q498R N501Y Y505H D614G H655Y N679K P681H N764K D796Y Q954H N969K	BQ.1	0	0	0	0	0	4
BQ.1	2	2021-12-26	T19I G142D V213G G339D S371F S373P S375F T376A D405N R408S K417N N440K K444T L452R N460K S477N T478K E484A F486V Q498R N501Y Y505H D614G H655Y N679K P681H N764K D796Y Q954H N969K	BQ.1	0	0	0	0	0	1
BQ.1	2	2022-01-02	T19I G142D V213G G339D S371F S373P S375F T376A D405N R408S K417N N440K K444T L452R N460K S477N T478K E484A F486V Q498R N501Y Y505H D614G H655Y N679K P681H N764K D796Y Q954H N969K	BQ.1	0	0	440.479990433673	0	3	1
BQ.1	2	2022-01-09	T19I G142D V213G G339D S371F S373P S375F T376A D405N R408S K417N N440K K444T L452R N460K S477N T478K E484A F486V Q498R N501Y Y505H D614G H655Y N679K P681H N764K D796Y Q954H N969K	BQ.1	0.0909090909090909	168.220647744737	1850.42712519211	1	10	21
BQ.1	2	2022-01-16	T19I G142D V213G G339D S371F S373P S375F T376A D405N R408S K417N N440K K444T L452R N460K S477N T478K E484A F486V Q498R N501Y Y505H D614G H655Y N679K P681H N764K D796Y Q954H N969K	BQ.1	0.333333333333333	186.691125441425	560.073376324274	1	2	18
BQ.1	2	2022-01-23	T19I G142D V213G G339D S371F S373P S375F T376A D405N R408S K417N N440K K444T L452R N460K S477N T478K E484A F486V Q498R N501Y Y505H D614G H655Y N679K P681H N764K D796Y Q954H N969K	BQ.1	0	0	376.184924343569	0	2	9
BQ.1	2	2022-01-30	T19I G142D V213G G339D S371F S373P S375F T376A D405N R408S K417N N440K K444T L452R N460K S477N T478K E484A F486V Q498R N501Y Y505H D614G H655Y N679K P681H N764K D796Y Q954H N969K	BQ.1	0	0	2135.28566001717	0	10	15
BQ.1	2	2022-02-06	T19I G142D V213G G339D S371F S373P S375F T376A D405N R408S K417N N440K K444T L452R N460K S477N T478K E484A F486V Q498R N501Y Y505H D614G H655Y N679K P681H N764K D796Y Q954H N969K	BQ.1	0	0	371.140160163358	0	2	11
BQ.1	2	2022-02-13	T19I G142D V213G G339D S371F S373P S375F T376A D405N R408S K417N N440K K444T L452R N460K S477N T478K E484A F486V Q498R N501Y Y505H D614G H655Y N679K P681H N764K D796Y Q954H N969K	BQ.1	0	0	0	0	0	12
BQ.1	2	2022-02-20	T19I G142D V213G G339D S371F S373P S375F T376A D405N R408S K417N N440K K444T L452R N460K S477N T478K E484A F486V Q498R N501Y Y505H D614G H655Y N679K P681H N764K D796Y Q954H N969K	BQ.1	0	0	241.069115435446	0	2	12
BQ.1	2	2022-02-27	T19I G142D V213G G339D S371F S373P S375F T376A D405N R408S K417N N440K K444T L452R N460K S477N T478K E484A F486V Q498R N501Y Y505H D614G H655Y N679K P681H N764K D796Y Q954H N969K	BQ.1	0	0	120.550363043249	0	1	17
BQ.1	2	2022-03-06	T19I G142D V213G G339D S371F S373P S375F T376A D405N R408S K417N N440K K444T L452R N460K S477N T478K E484A F486V Q498R N501Y Y505H D614G H655Y N679K P681H N764K D796Y Q954H N969K	BQ.1	0	0	270.327478518084	0	2	15
BQ.1	2	2022-03-13	T19I G142D V213G G339D S371F S373P S375F T376A D405N R408S K417N N440K K444T L452R N460K S477N T478K E484A F486V Q498R N501Y Y505H D614G H655Y N679K P681H N764K D796Y Q954H N969K	BQ.1	0	0	253.942431126894	0	2	15
BQ.1	2	2022-03-20	T19I G142D V213G G339D S371F S373P S375F T376A D405N R408S K417N N440K K444T L452R N460K S477N T478K E484A F486V Q498R N501Y Y505H D614G H655Y N679K P681H N764K D796Y Q954H N969K	BQ.1	0	0	0	0	0	16
BQ.1	2	2022-03-27	T19I G142D V213G G339D S371F S373P S375F T376A D405N R408S K417N N440K K444T L452R N460K S477N T478K E484A F486V Q498R N501Y Y505H D614G H655Y N679K P681H N764K D796Y Q954H N969K	BQ.1	0	0	0	0	0	27
BQ.1	2	2022-04-03	T19I G142D V213G G339D S371F S373P S375F T376A D405N R408S K417N N440K K444T L452R N460K S477N T478K E484A F486V Q498R N501Y Y505H D614G H655Y N679K P681H N764K D796Y Q954H N969K	BQ.1	0	0	0	0	0	35
BQ.1	2	2022-04-10	T19I G142D V213G G339D S371F S373P S375F T376A D405N R408S K417N N440K K444T L452R N460K S477N T478K E484A F486V Q498R N501Y Y505H D614G H655Y N679K P681H N764K D796Y Q954H N969K	BQ.1	0	0	0	0	0	139
BQ.1	2	2022-04-17	T19I G142D V213G G339D S371F S373P S375F T376A D405N R408S K417N N440K K444T L452R N460K S477N T478K E484A F486V Q498R N501Y Y505H D614G H655Y N679K P681H N764K D796Y Q954H N969K	BQ.1	0.5	97.6234720735189	195.246944147038	1	1	201
BQ.1	2	2022-04-24	T19I G142D V213G G339D S371F S373P S375F T376A D405N R408S K417N N440K K444T L452R N460K S477N T478K E484A F486V Q498R N501Y Y505H D614G H655Y N679K P681H N764K D796Y Q954H N969K	BQ.1	0	0	82.2600419534351	0	1	292
BQ.1	2	2022-05-01	T19I G142D V213G G339D S371F S373P S375F T376A D405N R408S K417N N440K K444T L452R N460K S477N T478K E484A F486V Q498R N501Y Y505H D614G H655Y N679K P681H N764K D796Y Q954H N969K	BQ.1	0	0	76.353763646811	0	1	658
BQ.1	2	2022-05-08	T19I G142D V213G G339D S371F S373P S375F T376A D405N R408S K417N N440K K444T L452R N460K S477N T478K E484A F486V Q498R N501Y Y505H D614G H655Y N679K P681H N764K D796Y Q954H N969K	BQ.1	0	0	147.435723896114	0	2	981
BQ.1	2	2022-05-15	T19I G142D V213G G339D S371F S373P S375F T376A D405N R408S K417N N440K K444T L452R N460K S477N T478K E484A F486V Q498R N501Y Y505H D614G H655Y N679K P681H N764K D796Y Q954H N969K	BQ.1	0	0	62.4908749032187	0	1	1914
BQ.1	2	2022-05-22	T19I G142D V213G G339D S371F S373P S375F T376A D405N R408S K417N N440K K444T L452R N460K S477N T478K E484A F486V Q498R N501Y Y505H D614G H655Y N679K P681H N764K D796Y Q954H N969K	BQ.1	0	0	0	0	0	3157
BQ.1	2	2022-05-29	T19I G142D V213G G339D S371F S373P S375F T376A D405N R408S K417N N440K K444T L452R N460K S477N T478K E484A F486V Q498R N501Y Y505H D614G H655Y N679K P681H N764K D796Y Q954H N969K	BQ.1	0	0	57.9465964995582	0	1	5843
BQ.1	2	2022-06-05	T19I G142D V213G G339D S371F S373P S375F T376A D405N R408S K417N N440K K444T L452R N460K S477N T478K E484A F486V Q498R N501Y Y505H D614G H655Y N679K P681H N764K D796Y Q954H N969K	BQ.1	0	0	0	0	0	10773
BQ.1	2	2022-06-12	T19I G142D V213G G339D S371F S373P S375F T376A D405N R408S K417N N440K K444T L452R N460K S477N T478K E484A F486V Q498R N501Y Y505H D614G H655Y N679K P681H N764K D796Y Q954H N969K	BQ.1	0	0	56.058869696914	0	1	18269
BQ.1	2	2022-06-19	T19I G142D V213G G339D S371F S373P S375F T376A D405N R408S K417N N440K K444T L452R N460K S477N T478K E484A F486V Q498R N501Y Y505H D614G H655Y N679K P681H N764K D796Y Q954H N969K	BQ.1	0	0	0	0	0	27856
BQ.1	2	2022-06-26	T19I G142D V213G G339D S371F S373P S375F T376A D405N R408S K417N N440K K444T L452R N460K S477N T478K E484A F486V Q498R N501Y Y505H D614G H655Y N679K P681H N764K D796Y Q954H N969K	BQ.1	0	0	75.0279226847416	0	1	37848
BQ.1	2	2022-07-03	T19I G142D V213G G339D S371F S373P S375F T376A D405N R408S K417N N440K K444T L452R N460K S477N T478K E484A F486V Q498R N501Y Y505H D614G H655Y N679K P681H N764K D796Y Q954H N969K	BQ.1	0	0	0	0	0	50077
BQ.1	2	2022-07-10	T19I G142D V213G G339D S371F S373P S375F T376A D405N R408S K417N N440K K444T L452R N460K S477N T478K E484A F486V Q498R N501Y Y505H D614G H655Y N679K P681H N764K D796Y Q954H N969K	BQ.1	0	0	85.3012772994241	0	1	58708
BQ.1	2	2022-07-17	T19I G142D V213G G339D S371F S373P S375F T376A D405N R408S K417N N440K K444T L452R N460K S477N T478K E484A F486V Q498R N501Y Y505H D614G H655Y N679K P681H N764K D796Y Q954H N969K	BQ.1	0	0	90.6713889154781	0	1	64947
BQ.1	2	2022-07-24	T19I G142D V213G G339D S371F S373P S375F T376A D405N R408S K417N N440K K444T L452R N460K S477N T478K E484A F486V Q498R N501Y Y505H D614G H655Y N679K P681H N764K D796Y Q954H N969K	BQ.1	0	0	0	0	0	62054
BQ.1	2	2022-07-31	T19I G142D V213G G339D S371F S373P S375F T376A D405N R408S K417N N440K K444T L452R N460K S477N T478K E484A F486V Q498R N501Y Y505H D614G H655Y N679K P681H N764K D796Y Q954H N969K	BQ.1	0.333333333333333	981.668341471469	2945.00502441441	8	16	53770
BQ.1	2	2022-08-07	T19I G142D V213G G339D S371F S373P S375F T376A D405N R408S K417N N440K K444T L452R N460K S477N T478K E484A F486V Q498R N501Y Y505H D614G H655Y N679K P681H N764K D796Y Q954H N969K	BQ.1	0.111111111111111	625.373851658447	5628.36466492602	5	40	49880
BQ.1	2	2022-08-14	T19I G142D V213G G339D S371F S373P S375F T376A D405N R408S K417N N440K K444T L452R N460K S477N T478K E484A F486V Q498R N501Y Y505H D614G H655Y N679K P681H N764K D796Y Q954H N969K	BQ.1	0.428571428571429	775.074874914589	1808.50804146738	6	8	44140
BQ.1	2	2022-08-21	T19I G142D V213G G339D S371F S373P S375F T376A D405N R408S K417N N440K K444T L452R N460K S477N T478K E484A F486V Q498R N501Y Y505H D614G H655Y N679K P681H N764K D796Y Q954H N969K	BQ.1	0.32258064516129	1127.11857571291	3494.06758471003	10	21	44303
BQ.1	2	2022-08-28	T19I G142D V213G G339D S371F S373P S375F T376A D405N R408S K417N N440K K444T L452R N460K S477N T478K E484A F486V Q498R N501Y Y505H D614G H655Y N679K P681H N764K D796Y Q954H N969K	BQ.1	0.5	1844.69764031462	3689.39528062925	18	18	43986
BQ.1	2	2022-09-04	T19I G142D V213G G339D S371F S373P S375F T376A D405N R408S K417N N440K K444T L452R N460K S477N T478K E484A F486V Q498R N501Y Y505H D614G H655Y N679K P681H N764K D796Y Q954H N969K	BQ.1	0.423728813559322	2420.94845532517	5713.43835456741	25	34	39183
BQ.1	2	2022-09-11	T19I G142D V213G G339D S371F S373P S375F T376A D405N R408S K417N N440K K444T L452R N460K S477N T478K E484A F486V Q498R N501Y Y505H D614G H655Y N679K P681H N764K D796Y Q954H N969K	BQ.1	0.421965317919075	6803.13739470352	16122.5036888179	73	100	35321
BQ.1	2	2022-09-18	T19I G142D V213G G339D S371F S373P S375F T376A D405N R408S K417N N440K K444T L452R N460K S477N T478K E484A F486V Q498R N501Y Y505H D614G H655Y N679K P681H N764K D796Y Q954H N969K	BQ.1	0.422279792746114	12188.5483181796	28863.67883937	163	223	38800
BQ.1	2	2022-09-25	T19I G142D V213G G339D S371F S373P S375F T376A D405N R408S K417N N440K K444T L452R N460K S477N T478K E484A F486V Q498R N501Y Y505H D614G H655Y N679K P681H N764K D796Y Q954H N969K	BQ.1	0.376955903271693	21742.2339079986	57678.4544804641	265	438	34509
BQ.1	2	2022-10-02	T19I G142D V213G G339D S371F S373P S375F T376A D405N R408S K417N N440K K444T L452R N460K S477N T478K E484A F486V Q498R N501Y Y505H D614G H655Y N679K P681H N764K D796Y Q954H N969K	BQ.1	0.333877551020408	36153.3799755207	108283.350782428	409	816	30403
BQ.1	2	2022-10-09	T19I G142D V213G G339D S371F S373P S375F T376A D405N R408S K417N N440K K444T L452R N460K S477N T478K E484A F486V Q498R N501Y Y505H D614G H655Y N679K P681H N764K D796Y Q954H N969K	BQ.1	0.307273626917368	55274.8725215085	179888.111700433	621	1400	28662
BQ.1	2	2022-10-16	T19I G142D V213G G339D S371F S373P S375F T376A D405N R408S K417N N440K K444T L452R N460K S477N T478K E484A F486V Q498R N501Y Y505H D614G H655Y N679K P681H N764K D796Y Q954H N969K	BQ.1	0.29750164365549	78239.7329458328	262989.245990302	905	2137	27280
BQ.1	2	2022-10-23	T19I G142D V213G G339D S371F S373P S375F T376A D405N R408S K417N N440K K444T L452R N460K S477N T478K E484A F486V Q498R N501Y Y505H D614G H655Y N679K P681H N764K D796Y Q954H N969K	BQ.1	0.276046986721144	92728.343025061	335915.070569971	1081	2835	24214
BQ.1	2	2022-10-30	T19I G142D V213G G339D S371F S373P S375F T376A D405N R408S K417N N440K K444T L452R N460K S477N T478K E484A F486V Q498R N501Y Y505H D614G H655Y N679K P681H N764K D796Y Q954H N969K	BQ.1	0.283154121863799	114812.403332897	405476.715568078	1501	3800	23135
BQ.1	2	2022-11-06	T19I G142D V213G G339D S371F S373P S375F T376A D405N R408S K417N N440K K444T L452R N460K S477N T478K E484A F486V Q498R N501Y Y505H D614G H655Y N679K P681H N764K D796Y Q954H N969K	BQ.1	0.274422488171444	143987.761453912	524693.739253455	1972	5214	20833
BQ.1	2	2022-11-13	T19I G142D V213G G339D S371F S373P S375F T376A D405N R408S K417N N440K K444T L452R N460K S477N T478K E484A F486V Q498R N501Y Y505H D614G H655Y N679K P681H N764K D796Y Q954H N969K	BQ.1	0.240425967642843	165096.623262678	686683.825716914	2348	7418	20106
BQ.1	2	2022-11-20	T19I G142D V213G G339D S371F S373P S375F T376A D405N R408S K417N N440K K444T L452R N460K S477N T478K E484A F486V Q498R N501Y Y505H D614G H655Y N679K P681H N764K D796Y Q954H N969K	BQ.1	0.237885081343025	211750.674074297	890138.519317053	2749	8807	18077
BQ.1	2	2022-11-27	T19I G142D V213G G339D S371F S373P S375F T376A D405N R408S K417N N440K K444T L452R N460K S477N T478K E484A F486V Q498R N501Y Y505H D614G H655Y N679K P681H N764K D796Y Q954H N969K	BQ.1	0.212789578861668	239265.456135166	1124422.80968425	2875	10636	16266
BQ.1	2	2022-12-04	T19I G142D V213G G339D S371F S373P S375F T376A D405N R408S K417N N440K K444T L452R N460K S477N T478K E484A F486V Q498R N501Y Y505H D614G H655Y N679K P681H N764K D796Y Q954H N969K	BQ.1	0.20640625	301301.880964485	1459751.73215194	3963	15237	16529
BQ.1	2	2022-12-11	T19I G142D V213G G339D S371F S373P S375F T376A D405N R408S K417N N440K K444T L452R N460K S477N T478K E484A F486V Q498R N501Y Y505H D614G H655Y N679K P681H N764K D796Y Q954H N969K	BQ.1	0.190087284977796	327944.444522968	1725230.83046441	3724	15867	13770
BQ.1	2	2022-12-18	T19I G142D V213G G339D S371F S373P S375F T376A D405N R408S K417N N440K K444T L452R N460K S477N T478K E484A F486V Q498R N501Y Y505H D614G H655Y N679K P681H N764K D796Y Q954H N969K	BQ.1	0.158932038834951	303686.937134576	1910797.46639348	3274	17326	12610
BQ.1	2	2022-12-25	T19I G142D V213G G339D S371F S373P S375F T376A D405N R408S K417N N440K K444T L452R N460K S477N T478K E484A F486V Q498R N501Y Y505H D614G H655Y N679K P681H N764K D796Y Q954H N969K	BQ.1	0.148567385921472	282957.077030737	1904570.61134736	2940	16849	10787
BQ.1	2	2023-01-01	T19I G142D V213G G339D S371F S373P S375F T376A D405N R408S K417N N440K K444T L452R N460K S477N T478K E484A F486V Q498R N501Y Y505H D614G H655Y N679K P681H N764K D796Y Q954H N969K	BQ.1	0.148008641223065	263845.533757962	1782636.01082803	2672	15381	7929
BQ.1	2	2023-01-08	T19I G142D V213G G339D S371F S373P S375F T376A D405N R408S K417N N440K K444T L452R N460K S477N T478K E484A F486V Q498R N501Y Y505H D614G H655Y N679K P681H N764K D796Y Q954H N969K	BQ.1	0.125928724342022	179318.872564474	1423971.16703449	2000	13882	7760
BQ.1	2	2023-01-15	T19I G142D V213G G339D S371F S373P S375F T376A D405N R408S K417N N440K K444T L452R N460K S477N T478K E484A F486V Q498R N501Y Y505H D614G H655Y N679K P681H N764K D796Y Q954H N969K	BQ.1	0.111348464619493	122204.666192026	1097497.54170057	1251	9984	5611
BQ.1	2	2023-01-22	T19I G142D V213G G339D S371F S373P S375F T376A D405N R408S K417N N440K K444T L452R N460K S477N T478K E484A F486V Q498R N501Y Y505H D614G H655Y N679K P681H N764K D796Y Q954H N969K	BQ.1	0.100104396241735	78069.516380232	779880.997351078	863	7758	4410
BQ.1	2	2023-01-29	T19I G142D V213G G339D S371F S373P S375F T376A D405N R408S K417N N440K K444T L452R N460K S477N T478K E484A F486V Q498R N501Y Y505H D614G H655Y N679K P681H N764K D796Y Q954H N969K	BQ.1	0.0854158402750231	45209.6993641264	529289.406023046	646	6917	3507
BQ.1	2	2023-02-05	T19I G142D V213G G339D S371F S373P S375F T376A D405N R408S K417N N440K K444T L452R N460K S477N T478K E484A F486V Q498R N501Y Y505H D614G H655Y N679K P681H N764K D796Y Q954H N969K	BQ.1	0.0735126324368378	28466.931657394	387238.637955904	451	5684	2788
BQ.1	2	2023-02-12	T19I G142D V213G G339D S371F S373P S375F T376A D405N R408S K417N N440K K444T L452R N460K S477N T478K E484A F486V Q498R N501Y Y505H D614G H655Y N679K P681H N764K D796Y Q954H N969K	BQ.1	0.0627225959635932	18331.4516752914	292262.324185876	317	4737	2170
BQ.1	2	2023-02-19	T19I G142D V213G G339D S371F S373P S375F T376A D405N R408S K417N N440K K444T L452R N460K S477N T478K E484A F486V Q498R N501Y Y505H D614G H655Y N679K P681H N764K D796Y Q954H N969K	BQ.1	0.0609475620975161	14813.7130858361	243056.696215906	265	4083	1690
BQ.1	2	2023-02-26	T19I G142D V213G G339D S371F S373P S375F T376A D405N R408S K417N N440K K444T L452R N460K S477N T478K E484A F486V Q498R N501Y Y505H D614G H655Y N679K P681H N764K D796Y Q954H N969K	BQ.1	0.0542031807854593	9733.20984888679	179568.979307905	167	2914	1251
BQ.1	2	2023-03-05	T19I G142D V213G G339D S371F S373P S375F T376A D405N R408S K417N N440K K444T L452R N460K S477N T478K E484A F486V Q498R N501Y Y505H D614G H655Y N679K P681H N764K D796Y Q954H N969K	BQ.1	0.0414279418245923	5206.05612121212	125665.333393939	94	2175	873
BQ.1	2	2023-03-12	T19I G142D V213G G339D S371F S373P S375F T376A D405N R408S K417N N440K K444T L452R N460K S477N T478K E484A F486V Q498R N501Y Y505H D614G H655Y N679K P681H N764K D796Y Q954H N969K	BQ.1	0.0477312905126694	4569.70225424737	95738.0830303431	81	1616	634
BQ.1	2	2023-03-19	T19I G142D V213G G339D S371F S373P S375F T376A D405N R408S K417N N440K K444T L452R N460K S477N T478K E484A F486V Q498R N501Y Y505H D614G H655Y N679K P681H N764K D796Y Q954H N969K	BQ.1	0.0403700588730025	2756.70867812434	68285.9712143716	48	1141	354
BQ.1	2	2023-03-26	T19I G142D V213G G339D S371F S373P S375F T376A D405N R408S K417N N440K K444T L452R N460K S477N T478K E484A F486V Q498R N501Y Y505H D614G H655Y N679K P681H N764K D796Y Q954H N969K	BQ.1	0.0348432055749129	1772.82621373378	50880.1123341595	30	831	416
BQ.1	2	2023-04-02	T19I G142D V213G G339D S371F S373P S375F T376A D405N R408S K417N N440K K444T L452R N460K S477N T478K E484A F486V Q498R N501Y Y505H D614G H655Y N679K P681H N764K D796Y Q954H N969K	BQ.1	0.0346907993966818	1453.71765924956	41904.9916557592	23	640	336
BQ.1	2	2023-04-09	T19I G142D V213G G339D S371F S373P S375F T376A D405N R408S K417N N440K K444T L452R N460K S477N T478K E484A F486V Q498R N501Y Y505H D614G H655Y N679K P681H N764K D796Y Q954H N969K	BQ.1	0.0458715596330275	1397.37924438068	30462.8675274988	20	416	268
BQ.1	2	2023-04-16	T19I G142D V213G G339D S371F S373P S375F T376A D405N R408S K417N N440K K444T L452R N460K S477N T478K E484A F486V Q498R N501Y Y505H D614G H655Y N679K P681H N764K D796Y Q954H N969K	BQ.1	0.035264483627204	915.852589518979	25970.9627170739	14	383	182
BQ.1	2	2023-04-23	T19I G142D V213G G339D S371F S373P S375F T376A D405N R408S K417N N440K K444T L452R N460K S477N T478K E484A F486V Q498R N501Y Y505H D614G H655Y N679K P681H N764K D796Y Q954H N969K	BQ.1	0.0149253731343284	345.629156429156	23157.1534807535	5	330	193
BQ.1	2	2023-04-30	T19I G142D V213G G339D S371F S373P S375F T376A D405N R408S K417N N440K K444T L452R N460K S477N T478K E484A F486V Q498R N501Y Y505H D614G H655Y N679K P681H N764K D796Y Q954H N969K	BQ.1	0.00403225806451613	66.373236201352	16460.5625779353	1	247	143
BQ.1	2	2023-05-07	T19I G142D V213G G339D S371F S373P S375F T376A D405N R408S K417N N440K K444T L452R N460K S477N T478K E484A F486V Q498R N501Y Y505H D614G H655Y N679K P681H N764K D796Y Q954H N969K	BQ.1	0	0	9725.28540404618	0	138	83
BQ.1	2	2023-05-14	T19I G142D V213G G339D S371F S373P S375F T376A D405N R408S K417N N440K K444T L452R N460K S477N T478K E484A F486V Q498R N501Y Y505H D614G H655Y N679K P681H N764K D796Y Q954H N969K	BQ.1	0	0	5961.9620758483	0	93	40
BQ.1	2	2023-05-21	T19I G142D V213G G339D S371F S373P S375F T376A D405N R408S K417N N440K K444T L452R N460K S477N T478K E484A F486V Q498R N501Y Y505H D614G H655Y N679K P681H N764K D796Y Q954H N969K	BQ.1	0	0	2968.45655134841	0	51	35
BQ.1	2	2023-05-28	T19I G142D V213G G339D S371F S373P S375F T376A D405N R408S K417N N440K K444T L452R N460K S477N T478K E484A F486V Q498R N501Y Y505H D614G H655Y N679K P681H N764K D796Y Q954H N969K	BQ.1	0.0208333333333333	46.9980885780886	2255.90825174825	1	47	34
BQ.1	2	2023-06-04	T19I G142D V213G G339D S371F S373P S375F T376A D405N R408S K417N N440K K444T L452R N460K S477N T478K E484A F486V Q498R N501Y Y505H D614G H655Y N679K P681H N764K D796Y Q954H N969K	BQ.1	0	0	2100.65053116857	0	46	30
BQ.1	2	2023-06-11	T19I G142D V213G G339D S371F S373P S375F T376A D405N R408S K417N N440K K444T L452R N460K S477N T478K E484A F486V Q498R N501Y Y505H D614G H655Y N679K P681H N764K D796Y Q954H N969K	BQ.1	0	0	1246.48906139732	0	30	23
BQ.1	2	2023-06-18	T19I G142D V213G G339D S371F S373P S375F T376A D405N R408S K417N N440K K444T L452R N460K S477N T478K E484A F486V Q498R N501Y Y505H D614G H655Y N679K P681H N764K D796Y Q954H N969K	BQ.1	0	0	622.658180456758	0	16	30
BQ.1	2	2023-06-25	T19I G142D V213G G339D S371F S373P S375F T376A D405N R408S K417N N440K K444T L452R N460K S477N T478K E484A F486V Q498R N501Y Y505H D614G H655Y N679K P681H N764K D796Y Q954H N969K	BQ.1	0	0	653.493028150487	0	19	32
BQ.1	2	2023-07-02	T19I G142D V213G G339D S371F S373P S375F T376A D405N R408S K417N N440K K444T L452R N460K S477N T478K E484A F486V Q498R N501Y Y505H D614G H655Y N679K P681H N764K D796Y Q954H N969K	BQ.1	0	0	594.672080607564	0	14	16
BQ.1	2	2023-07-09	T19I G142D V213G G339D S371F S373P S375F T376A D405N R408S K417N N440K K444T L452R N460K S477N T478K E484A F486V Q498R N501Y Y505H D614G H655Y N679K P681H N764K D796Y Q954H N969K	BQ.1	0	0	732.962350380849	0	18	15
BQ.1	2	2023-07-16	T19I G142D V213G G339D S371F S373P S375F T376A D405N R408S K417N N440K K444T L452R N460K S477N T478K E484A F486V Q498R N501Y Y505H D614G H655Y N679K P681H N764K D796Y Q954H N969K	BQ.1	0	0	965.387273326739	0	23	18
BQ.1	2	2023-07-23	T19I G142D V213G G339D S371F S373P S375F T376A D405N R408S K417N N440K K444T L452R N460K S477N T478K E484A F486V Q498R N501Y Y505H D614G H655Y N679K P681H N764K D796Y Q954H N969K	BQ.1	0.0769230769230769	49.8199018468294	647.658724008782	1	12	23
BQ.1	2	2023-07-30	T19I G142D V213G G339D S371F S373P S375F T376A D405N R408S K417N N440K K444T L452R N460K S477N T478K E484A F486V Q498R N501Y Y505H D614G H655Y N679K P681H N764K D796Y Q954H N969K	BQ.1	0	0	275.200431848853	0	4	25
BQ.1	2	2023-08-06	T19I G142D V213G G339D S371F S373P S375F T376A D405N R408S K417N N440K K444T L452R N460K S477N T478K E484A F486V Q498R N501Y Y505H D614G H655Y N679K P681H N764K D796Y Q954H N969K	BQ.1	0.0454545454545455	53.6012891344383	1179.22836095764	1	21	18
BQ.1	2	2023-08-13	T19I G142D V213G G339D S371F S373P S375F T376A D405N R408S K417N N440K K444T L452R N460K S477N T478K E484A F486V Q498R N501Y Y505H D614G H655Y N679K P681H N764K D796Y Q954H N969K	BQ.1	0	0	870.973971021926	0	18	17
BQ.1	2	2023-08-20	T19I G142D V213G G339D S371F S373P S375F T376A D405N R408S K417N N440K K444T L452R N460K S477N T478K E484A F486V Q498R N501Y Y505H D614G H655Y N679K P681H N764K D796Y Q954H N969K	BQ.1	0	0	184.080102159276	0	6	14
BQ.1	2	2023-08-27	T19I G142D V213G G339D S371F S373P S375F T376A D405N R408S K417N N440K K444T L452R N460K S477N T478K E484A F486V Q498R N501Y Y505H D614G H655Y N679K P681H N764K D796Y Q954H N969K	BQ.1	0	0	285.809609723673	0	9	9
BQ.1	2	2023-09-03	T19I G142D V213G G339D S371F S373P S375F T376A D405N R408S K417N N440K K444T L452R N460K S477N T478K E484A F486V Q498R N501Y Y505H D614G H655Y N679K P681H N764K D796Y Q954H N969K	BQ.1	0	0	119.109336305102	0	4	10
BQ.1	2	2023-09-10	T19I G142D V213G G339D S371F S373P S375F T376A D405N R408S K417N N440K K444T L452R N460K S477N T478K E484A F486V Q498R N501Y Y505H D614G H655Y N679K P681H N764K D796Y Q954H N969K	BQ.1	0	0	144.856389648883	0	7	11
BQ.1	2	2023-09-17	T19I G142D V213G G339D S371F S373P S375F T376A D405N R408S K417N N440K K444T L452R N460K S477N T478K E484A F486V Q498R N501Y Y505H D614G H655Y N679K P681H N764K D796Y Q954H N969K	BQ.1	0	0	135.482352941176	0	9	11
BQ.1	2	2023-09-24	T19I G142D V213G G339D S371F S373P S375F T376A D405N R408S K417N N440K K444T L452R N460K S477N T478K E484A F486V Q498R N501Y Y505H D614G H655Y N679K P681H N764K D796Y Q954H N969K	BQ.1	0	0	47.9769042860315	0	4	3
BQ.1	2	2023-10-01	T19I G142D V213G G339D S371F S373P S375F T376A D405N R408S K417N N440K K444T L452R N460K S477N T478K E484A F486V Q498R N501Y Y505H D614G H655Y N679K P681H N764K D796Y Q954H N969K	BQ.1	0	0	102.558241209169	0	7	4
BQ.1	2	2023-10-08	T19I G142D V213G G339D S371F S373P S375F T376A D405N R408S K417N N440K K444T L452R N460K S477N T478K E484A F486V Q498R N501Y Y505H D614G H655Y N679K P681H N764K D796Y Q954H N969K	BQ.1	0	0	77.1504436241176	0	5	5
BQ.1	2	2023-10-15	T19I G142D V213G G339D S371F S373P S375F T376A D405N R408S K417N N440K K444T L452R N460K S477N T478K E484A F486V Q498R N501Y Y505H D614G H655Y N679K P681H N764K D796Y Q954H N969K	BQ.1	0	0	16.4515480931367	0	1	3
BQ.1	2	2023-10-22	T19I G142D V213G G339D S371F S373P S375F T376A D405N R408S K417N N440K K444T L452R N460K S477N T478K E484A F486V Q498R N501Y Y505H D614G H655Y N679K P681H N764K D796Y Q954H N969K	BQ.1	0	0	16.2832150767729	0	1	1
BQ.1	2	2023-10-29	T19I G142D V213G G339D S371F S373P S375F T376A D405N R408S K417N N440K K444T L452R N460K S477N T478K E484A F486V Q498R N501Y Y505H D614G H655Y N679K P681H N764K D796Y Q954H N969K	BQ.1	0	0	15.4694142862162	0	1	2
BQ.1	2	2023-11-05	T19I G142D V213G G339D S371F S373P S375F T376A D405N R408S K417N N440K K444T L452R N460K S477N T478K E484A F486V Q498R N501Y Y505H D614G H655Y N679K P681H N764K D796Y Q954H N969K	BQ.1	0	0	66.9764018185755	0	4	1
BQ.1	2	2023-11-12	T19I G142D V213G G339D S371F S373P S375F T376A D405N R408S K417N N440K K444T L452R N460K S477N T478K E484A F486V Q498R N501Y Y505H D614G H655Y N679K P681H N764K D796Y Q954H N969K	BQ.1	0	0	0	0	0	2
BQ.1	2	2023-11-19	T19I G142D V213G G339D S371F S373P S375F T376A D405N R408S K417N N440K K444T L452R N460K S477N T478K E484A F486V Q498R N501Y Y505H D614G H655Y N679K P681H N764K D796Y Q954H N969K	BQ.1	0	0	22.6208534268596	0	1	4
BQ.1	2	2023-11-26	T19I G142D V213G G339D S371F S373P S375F T376A D405N R408S K417N N440K K444T L452R N460K S477N T478K E484A F486V Q498R N501Y Y505H D614G H655Y N679K P681H N764K D796Y Q954H N969K	BQ.1	0	0	25.9830616133813	0	1	2
BQ.1	2	2023-12-03	T19I G142D V213G G339D S371F S373P S375F T376A D405N R408S K417N N440K K444T L452R N460K S477N T478K E484A F486V Q498R N501Y Y505H D614G H655Y N679K P681H N764K D796Y Q954H N969K	BQ.1	0	0	53.7489980750418	0	2	0
BQ.1	2	2023-12-10	T19I G142D V213G G339D S371F S373P S375F T376A D405N R408S K417N N440K K444T L452R N460K S477N T478K E484A F486V Q498R N501Y Y505H D614G H655Y N679K P681H N764K D796Y Q954H N969K	BQ.1	0	0	0	0	0	0
BQ.1	2	2023-12-17	T19I G142D V213G G339D S371F S373P S375F T376A D405N R408S K417N N440K K444T L452R N460K S477N T478K E484A F486V Q498R N501Y Y505H D614G H655Y N679K P681H N764K D796Y Q954H N969K	BQ.1	0	0	59.9941687692739	0	2	0
BQ.1	2	2023-12-24	T19I G142D V213G G339D S371F S373P S375F T376A D405N R408S K417N N440K K444T L452R N460K S477N T478K E484A F486V Q498R N501Y Y505H D614G H655Y N679K P681H N764K D796Y Q954H N969K	BQ.1	0	0	68.0934451947343	0	2	0
BQ.1	2	2023-12-31	T19I G142D V213G G339D S371F S373P S375F T376A D405N R408S K417N N440K K444T L452R N460K S477N T478K E484A F486V Q498R N501Y Y505H D614G H655Y N679K P681H N764K D796Y Q954H N969K	BQ.1	0	0	0	0	0	3
BQ.1	2	2024-01-07	T19I G142D V213G G339D S371F S373P S375F T376A D405N R408S K417N N440K K444T L452R N460K S477N T478K E484A F486V Q498R N501Y Y505H D614G H655Y N679K P681H N764K D796Y Q954H N969K	BQ.1	0	0	0	0	0	1
BQ.1	2	2024-01-14	T19I G142D V213G G339D S371F S373P S375F T376A D405N R408S K417N N440K K444T L452R N460K S477N T478K E484A F486V Q498R N501Y Y505H D614G H655Y N679K P681H N764K D796Y Q954H N969K	BQ.1	0	0	20.5921073527076	0	1	1
BQ.1	2	2024-01-21	T19I G142D V213G G339D S371F S373P S375F T376A D405N R408S K417N N440K K444T L452R N460K S477N T478K E484A F486V Q498R N501Y Y505H D614G H655Y N679K P681H N764K D796Y Q954H N969K	BQ.1	0	0	19.4898969443319	0	1	5
BQ.1	2	2024-01-28	T19I G142D V213G G339D S371F S373P S375F T376A D405N R408S K417N N440K K444T L452R N460K S477N T478K E484A F486V Q498R N501Y Y505H D614G H655Y N679K P681H N764K D796Y Q954H N969K	BQ.1	0	0	0	0	0	0
BQ.1	2	2024-02-04	T19I G142D V213G G339D S371F S373P S375F T376A D405N R408S K417N N440K K444T L452R N460K S477N T478K E484A F486V Q498R N501Y Y505H D614G H655Y N679K P681H N764K D796Y Q954H N969K	BQ.1	0	0	0	0	0	1
BQ.1	2	2024-02-11	T19I G142D V213G G339D S371F S373P S375F T376A D405N R408S K417N N440K K444T L452R N460K S477N T478K E484A F486V Q498R N501Y Y505H D614G H655Y N679K P681H N764K D796Y Q954H N969K	BQ.1	0	0	0	0	0	0
BQ.1	2	2024-02-18	T19I G142D V213G G339D S371F S373P S375F T376A D405N R408S K417N N440K K444T L452R N460K S477N T478K E484A F486V Q498R N501Y Y505H D614G H655Y N679K P681H N764K D796Y Q954H N969K	BQ.1	0	0	0	0	0	0
BQ.1	2	2024-02-25	T19I G142D V213G G339D S371F S373P S375F T376A D405N R408S K417N N440K K444T L452R N460K S477N T478K E484A F486V Q498R N501Y Y505H D614G H655Y N679K P681H N764K D796Y Q954H N969K	BQ.1	0	0	20.1303574770728	0	1	2
BQ.1	2	2024-03-03	T19I G142D V213G G339D S371F S373P S375F T376A D405N R408S K417N N440K K444T L452R N460K S477N T478K E484A F486V Q498R N501Y Y505H D614G H655Y N679K P681H N764K D796Y Q954H N969K	BQ.1	0	0	25.0137179487179	0	1	2
BQ.1	2	2024-03-10	T19I G142D V213G G339D S371F S373P S375F T376A D405N R408S K417N N440K K444T L452R N460K S477N T478K E484A F486V Q498R N501Y Y505H D614G H655Y N679K P681H N764K D796Y Q954H N969K	BQ.1	0	0	0	0	0	0
BQ.1	2	2024-03-17	T19I G142D V213G G339D S371F S373P S375F T376A D405N R408S K417N N440K K444T L452R N460K S477N T478K E484A F486V Q498R N501Y Y505H D614G H655Y N679K P681H N764K D796Y Q954H N969K	BQ.1	0	0	43.480202190396	0	1	1
BQ.1	2	2024-03-24	T19I G142D V213G G339D S371F S373P S375F T376A D405N R408S K417N N440K K444T L452R N460K S477N T478K E484A F486V Q498R N501Y Y505H D614G H655Y N679K P681H N764K D796Y Q954H N969K	BQ.1	0	0	95.4940476190476	0	1	0
BQ.1	2	2024-03-31	T19I G142D V213G G339D S371F S373P S375F T376A D405N R408S K417N N440K K444T L452R N460K S477N T478K E484A F486V Q498R N501Y Y505H D614G H655Y N679K P681H N764K D796Y Q954H N969K	BQ.1	0	0	0	0	0	0
