VOC	TopK	Week	Mut	Lineage	Proportion	HaploWeeklyCases	VOCWeeklyCases	HaploCount	OtherCount	PreviousVOCCount
XBB	1	2020-01-12	T19I V83A G142D H146Q Q183E V213E G252V G339H R346T L368I S371F S373P S375F T376A D405N R408S K417N N440K V445P G446S N460K S477N T478K E484A F486P F490S Q498R N501Y Y505H D614G H655Y N679K P681H N764K D796Y Q954H N969K	XBB.1.5	0	0	0	0	0	0
XBB	1	2020-01-19	T19I V83A G142D H146Q Q183E V213E G252V G339H R346T L368I S371F S373P S375F T376A D405N R408S K417N N440K V445P G446S N460K S477N T478K E484A F486P F490S Q498R N501Y Y505H D614G H655Y N679K P681H N764K D796Y Q954H N969K	XBB.1.5	0	0	0	0	0	0
XBB	1	2020-01-26	T19I V83A G142D H146Q Q183E V213E G252V G339H R346T L368I S371F S373P S375F T376A D405N R408S K417N N440K V445P G446S N460K S477N T478K E484A F486P F490S Q498R N501Y Y505H D614G H655Y N679K P681H N764K D796Y Q954H N969K	XBB.1.5	0	0	0	0	0	0
XBB	1	2020-02-02	T19I V83A G142D H146Q Q183E V213E G252V G339H R346T L368I S371F S373P S375F T376A D405N R408S K417N N440K V445P G446S N460K S477N T478K E484A F486P F490S Q498R N501Y Y505H D614G H655Y N679K P681H N764K D796Y Q954H N969K	XBB.1.5	0	0	0	0	0	0
XBB	1	2020-02-09	T19I V83A G142D H146Q Q183E V213E G252V G339H R346T L368I S371F S373P S375F T376A D405N R408S K417N N440K V445P G446S N460K S477N T478K E484A F486P F490S Q498R N501Y Y505H D614G H655Y N679K P681H N764K D796Y Q954H N969K	XBB.1.5	0	0	0	0	0	0
XBB	1	2020-02-16	T19I V83A G142D H146Q Q183E V213E G252V G339H R346T L368I S371F S373P S375F T376A D405N R408S K417N N440K V445P G446S N460K S477N T478K E484A F486P F490S Q498R N501Y Y505H D614G H655Y N679K P681H N764K D796Y Q954H N969K	XBB.1.5	0	0	0	0	0	0
XBB	1	2020-02-23	T19I V83A G142D H146Q Q183E V213E G252V G339H R346T L368I S371F S373P S375F T376A D405N R408S K417N N440K V445P G446S N460K S477N T478K E484A F486P F490S Q498R N501Y Y505H D614G H655Y N679K P681H N764K D796Y Q954H N969K	XBB.1.5	0	0	0	0	0	0
XBB	1	2020-03-01	T19I V83A G142D H146Q Q183E V213E G252V G339H R346T L368I S371F S373P S375F T376A D405N R408S K417N N440K V445P G446S N460K S477N T478K E484A F486P F490S Q498R N501Y Y505H D614G H655Y N679K P681H N764K D796Y Q954H N969K	XBB.1.5	0	0	0	0	0	0
XBB	1	2020-03-08	T19I V83A G142D H146Q Q183E V213E G252V G339H R346T L368I S371F S373P S375F T376A D405N R408S K417N N440K V445P G446S N460K S477N T478K E484A F486P F490S Q498R N501Y Y505H D614G H655Y N679K P681H N764K D796Y Q954H N969K	XBB.1.5	0	0	0	0	0	0
XBB	1	2020-03-15	T19I V83A G142D H146Q Q183E V213E G252V G339H R346T L368I S371F S373P S375F T376A D405N R408S K417N N440K V445P G446S N460K S477N T478K E484A F486P F490S Q498R N501Y Y505H D614G H655Y N679K P681H N764K D796Y Q954H N969K	XBB.1.5	0	0	0	0	0	0
XBB	1	2020-03-22	T19I V83A G142D H146Q Q183E V213E G252V G339H R346T L368I S371F S373P S375F T376A D405N R408S K417N N440K V445P G446S N460K S477N T478K E484A F486P F490S Q498R N501Y Y505H D614G H655Y N679K P681H N764K D796Y Q954H N969K	XBB.1.5	0	0	0	0	0	0
XBB	1	2020-03-29	T19I V83A G142D H146Q Q183E V213E G252V G339H R346T L368I S371F S373P S375F T376A D405N R408S K417N N440K V445P G446S N460K S477N T478K E484A F486P F490S Q498R N501Y Y505H D614G H655Y N679K P681H N764K D796Y Q954H N969K	XBB.1.5	0	0	0	0	0	0
XBB	1	2020-04-05	T19I V83A G142D H146Q Q183E V213E G252V G339H R346T L368I S371F S373P S375F T376A D405N R408S K417N N440K V445P G446S N460K S477N T478K E484A F486P F490S Q498R N501Y Y505H D614G H655Y N679K P681H N764K D796Y Q954H N969K	XBB.1.5	0	0	0	0	0	0
XBB	1	2020-04-12	T19I V83A G142D H146Q Q183E V213E G252V G339H R346T L368I S371F S373P S375F T376A D405N R408S K417N N440K V445P G446S N460K S477N T478K E484A F486P F490S Q498R N501Y Y505H D614G H655Y N679K P681H N764K D796Y Q954H N969K	XBB.1.5	0	0	0	0	0	0
XBB	1	2020-04-19	T19I V83A G142D H146Q Q183E V213E G252V G339H R346T L368I S371F S373P S375F T376A D405N R408S K417N N440K V445P G446S N460K S477N T478K E484A F486P F490S Q498R N501Y Y505H D614G H655Y N679K P681H N764K D796Y Q954H N969K	XBB.1.5	0	0	0	0	0	0
XBB	1	2020-04-26	T19I V83A G142D H146Q Q183E V213E G252V G339H R346T L368I S371F S373P S375F T376A D405N R408S K417N N440K V445P G446S N460K S477N T478K E484A F486P F490S Q498R N501Y Y505H D614G H655Y N679K P681H N764K D796Y Q954H N969K	XBB.1.5	0	0	0	0	0	0
XBB	1	2020-05-03	T19I V83A G142D H146Q Q183E V213E G252V G339H R346T L368I S371F S373P S375F T376A D405N R408S K417N N440K V445P G446S N460K S477N T478K E484A F486P F490S Q498R N501Y Y505H D614G H655Y N679K P681H N764K D796Y Q954H N969K	XBB.1.5	0	0	0	0	0	0
XBB	1	2020-05-10	T19I V83A G142D H146Q Q183E V213E G252V G339H R346T L368I S371F S373P S375F T376A D405N R408S K417N N440K V445P G446S N460K S477N T478K E484A F486P F490S Q498R N501Y Y505H D614G H655Y N679K P681H N764K D796Y Q954H N969K	XBB.1.5	0	0	0	0	0	0
XBB	1	2020-05-17	T19I V83A G142D H146Q Q183E V213E G252V G339H R346T L368I S371F S373P S375F T376A D405N R408S K417N N440K V445P G446S N460K S477N T478K E484A F486P F490S Q498R N501Y Y505H D614G H655Y N679K P681H N764K D796Y Q954H N969K	XBB.1.5	0	0	0	0	0	0
XBB	1	2020-05-24	T19I V83A G142D H146Q Q183E V213E G252V G339H R346T L368I S371F S373P S375F T376A D405N R408S K417N N440K V445P G446S N460K S477N T478K E484A F486P F490S Q498R N501Y Y505H D614G H655Y N679K P681H N764K D796Y Q954H N969K	XBB.1.5	0	0	0	0	0	0
XBB	1	2020-05-31	T19I V83A G142D H146Q Q183E V213E G252V G339H R346T L368I S371F S373P S375F T376A D405N R408S K417N N440K V445P G446S N460K S477N T478K E484A F486P F490S Q498R N501Y Y505H D614G H655Y N679K P681H N764K D796Y Q954H N969K	XBB.1.5	0	0	0	0	0	0
XBB	1	2020-06-07	T19I V83A G142D H146Q Q183E V213E G252V G339H R346T L368I S371F S373P S375F T376A D405N R408S K417N N440K V445P G446S N460K S477N T478K E484A F486P F490S Q498R N501Y Y505H D614G H655Y N679K P681H N764K D796Y Q954H N969K	XBB.1.5	0	0	0	0	0	0
XBB	1	2020-06-14	T19I V83A G142D H146Q Q183E V213E G252V G339H R346T L368I S371F S373P S375F T376A D405N R408S K417N N440K V445P G446S N460K S477N T478K E484A F486P F490S Q498R N501Y Y505H D614G H655Y N679K P681H N764K D796Y Q954H N969K	XBB.1.5	0	0	0	0	0	0
XBB	1	2020-06-21	T19I V83A G142D H146Q Q183E V213E G252V G339H R346T L368I S371F S373P S375F T376A D405N R408S K417N N440K V445P G446S N460K S477N T478K E484A F486P F490S Q498R N501Y Y505H D614G H655Y N679K P681H N764K D796Y Q954H N969K	XBB.1.5	0	0	0	0	0	0
XBB	1	2020-06-28	T19I V83A G142D H146Q Q183E V213E G252V G339H R346T L368I S371F S373P S375F T376A D405N R408S K417N N440K V445P G446S N460K S477N T478K E484A F486P F490S Q498R N501Y Y505H D614G H655Y N679K P681H N764K D796Y Q954H N969K	XBB.1.5	0	0	0	0	0	0
XBB	1	2020-07-05	T19I V83A G142D H146Q Q183E V213E G252V G339H R346T L368I S371F S373P S375F T376A D405N R408S K417N N440K V445P G446S N460K S477N T478K E484A F486P F490S Q498R N501Y Y505H D614G H655Y N679K P681H N764K D796Y Q954H N969K	XBB.1.5	0	0	0	0	0	0
XBB	1	2020-07-12	T19I V83A G142D H146Q Q183E V213E G252V G339H R346T L368I S371F S373P S375F T376A D405N R408S K417N N440K V445P G446S N460K S477N T478K E484A F486P F490S Q498R N501Y Y505H D614G H655Y N679K P681H N764K D796Y Q954H N969K	XBB.1.5	0	0	0	0	0	0
XBB	1	2020-07-19	T19I V83A G142D H146Q Q183E V213E G252V G339H R346T L368I S371F S373P S375F T376A D405N R408S K417N N440K V445P G446S N460K S477N T478K E484A F486P F490S Q498R N501Y Y505H D614G H655Y N679K P681H N764K D796Y Q954H N969K	XBB.1.5	0	0	0	0	0	0
XBB	1	2020-07-26	T19I V83A G142D H146Q Q183E V213E G252V G339H R346T L368I S371F S373P S375F T376A D405N R408S K417N N440K V445P G446S N460K S477N T478K E484A F486P F490S Q498R N501Y Y505H D614G H655Y N679K P681H N764K D796Y Q954H N969K	XBB.1.5	0	0	0	0	0	0
XBB	1	2020-08-02	T19I V83A G142D H146Q Q183E V213E G252V G339H R346T L368I S371F S373P S375F T376A D405N R408S K417N N440K V445P G446S N460K S477N T478K E484A F486P F490S Q498R N501Y Y505H D614G H655Y N679K P681H N764K D796Y Q954H N969K	XBB.1.5	0	0	0	0	0	0
XBB	1	2020-08-09	T19I V83A G142D H146Q Q183E V213E G252V G339H R346T L368I S371F S373P S375F T376A D405N R408S K417N N440K V445P G446S N460K S477N T478K E484A F486P F490S Q498R N501Y Y505H D614G H655Y N679K P681H N764K D796Y Q954H N969K	XBB.1.5	0	0	0	0	0	0
XBB	1	2020-08-16	T19I V83A G142D H146Q Q183E V213E G252V G339H R346T L368I S371F S373P S375F T376A D405N R408S K417N N440K V445P G446S N460K S477N T478K E484A F486P F490S Q498R N501Y Y505H D614G H655Y N679K P681H N764K D796Y Q954H N969K	XBB.1.5	0	0	0	0	0	0
XBB	1	2020-08-23	T19I V83A G142D H146Q Q183E V213E G252V G339H R346T L368I S371F S373P S375F T376A D405N R408S K417N N440K V445P G446S N460K S477N T478K E484A F486P F490S Q498R N501Y Y505H D614G H655Y N679K P681H N764K D796Y Q954H N969K	XBB.1.5	0	0	0	0	0	0
XBB	1	2020-08-30	T19I V83A G142D H146Q Q183E V213E G252V G339H R346T L368I S371F S373P S375F T376A D405N R408S K417N N440K V445P G446S N460K S477N T478K E484A F486P F490S Q498R N501Y Y505H D614G H655Y N679K P681H N764K D796Y Q954H N969K	XBB.1.5	0	0	0	0	0	0
XBB	1	2020-09-06	T19I V83A G142D H146Q Q183E V213E G252V G339H R346T L368I S371F S373P S375F T376A D405N R408S K417N N440K V445P G446S N460K S477N T478K E484A F486P F490S Q498R N501Y Y505H D614G H655Y N679K P681H N764K D796Y Q954H N969K	XBB.1.5	0	0	0	0	0	0
XBB	1	2020-09-13	T19I V83A G142D H146Q Q183E V213E G252V G339H R346T L368I S371F S373P S375F T376A D405N R408S K417N N440K V445P G446S N460K S477N T478K E484A F486P F490S Q498R N501Y Y505H D614G H655Y N679K P681H N764K D796Y Q954H N969K	XBB.1.5	0	0	0	0	0	0
XBB	1	2020-09-20	T19I V83A G142D H146Q Q183E V213E G252V G339H R346T L368I S371F S373P S375F T376A D405N R408S K417N N440K V445P G446S N460K S477N T478K E484A F486P F490S Q498R N501Y Y505H D614G H655Y N679K P681H N764K D796Y Q954H N969K	XBB.1.5	0	0	0	0	0	0
XBB	1	2020-09-27	T19I V83A G142D H146Q Q183E V213E G252V G339H R346T L368I S371F S373P S375F T376A D405N R408S K417N N440K V445P G446S N460K S477N T478K E484A F486P F490S Q498R N501Y Y505H D614G H655Y N679K P681H N764K D796Y Q954H N969K	XBB.1.5	0	0	0	0	0	0
XBB	1	2020-10-04	T19I V83A G142D H146Q Q183E V213E G252V G339H R346T L368I S371F S373P S375F T376A D405N R408S K417N N440K V445P G446S N460K S477N T478K E484A F486P F490S Q498R N501Y Y505H D614G H655Y N679K P681H N764K D796Y Q954H N969K	XBB.1.5	0	0	0	0	0	0
XBB	1	2020-10-11	T19I V83A G142D H146Q Q183E V213E G252V G339H R346T L368I S371F S373P S375F T376A D405N R408S K417N N440K V445P G446S N460K S477N T478K E484A F486P F490S Q498R N501Y Y505H D614G H655Y N679K P681H N764K D796Y Q954H N969K	XBB.1.5	0	0	0	0	0	0
XBB	1	2020-10-18	T19I V83A G142D H146Q Q183E V213E G252V G339H R346T L368I S371F S373P S375F T376A D405N R408S K417N N440K V445P G446S N460K S477N T478K E484A F486P F490S Q498R N501Y Y505H D614G H655Y N679K P681H N764K D796Y Q954H N969K	XBB.1.5	0	0	0	0	0	0
XBB	1	2020-10-25	T19I V83A G142D H146Q Q183E V213E G252V G339H R346T L368I S371F S373P S375F T376A D405N R408S K417N N440K V445P G446S N460K S477N T478K E484A F486P F490S Q498R N501Y Y505H D614G H655Y N679K P681H N764K D796Y Q954H N969K	XBB.1.5	0	0	0	0	0	0
XBB	1	2020-11-01	T19I V83A G142D H146Q Q183E V213E G252V G339H R346T L368I S371F S373P S375F T376A D405N R408S K417N N440K V445P G446S N460K S477N T478K E484A F486P F490S Q498R N501Y Y505H D614G H655Y N679K P681H N764K D796Y Q954H N969K	XBB.1.5	0	0	0	0	0	0
XBB	1	2020-11-08	T19I V83A G142D H146Q Q183E V213E G252V G339H R346T L368I S371F S373P S375F T376A D405N R408S K417N N440K V445P G446S N460K S477N T478K E484A F486P F490S Q498R N501Y Y505H D614G H655Y N679K P681H N764K D796Y Q954H N969K	XBB.1.5	0	0	0	0	0	0
XBB	1	2020-11-15	T19I V83A G142D H146Q Q183E V213E G252V G339H R346T L368I S371F S373P S375F T376A D405N R408S K417N N440K V445P G446S N460K S477N T478K E484A F486P F490S Q498R N501Y Y505H D614G H655Y N679K P681H N764K D796Y Q954H N969K	XBB.1.5	0	0	0	0	0	0
XBB	1	2020-11-22	T19I V83A G142D H146Q Q183E V213E G252V G339H R346T L368I S371F S373P S375F T376A D405N R408S K417N N440K V445P G446S N460K S477N T478K E484A F486P F490S Q498R N501Y Y505H D614G H655Y N679K P681H N764K D796Y Q954H N969K	XBB.1.5	0	0	0	0	0	0
XBB	1	2020-11-29	T19I V83A G142D H146Q Q183E V213E G252V G339H R346T L368I S371F S373P S375F T376A D405N R408S K417N N440K V445P G446S N460K S477N T478K E484A F486P F490S Q498R N501Y Y505H D614G H655Y N679K P681H N764K D796Y Q954H N969K	XBB.1.5	0	0	0	0	0	0
XBB	1	2020-12-06	T19I V83A G142D H146Q Q183E V213E G252V G339H R346T L368I S371F S373P S375F T376A D405N R408S K417N N440K V445P G446S N460K S477N T478K E484A F486P F490S Q498R N501Y Y505H D614G H655Y N679K P681H N764K D796Y Q954H N969K	XBB.1.5	0	0	0	0	0	0
XBB	1	2020-12-13	T19I V83A G142D H146Q Q183E V213E G252V G339H R346T L368I S371F S373P S375F T376A D405N R408S K417N N440K V445P G446S N460K S477N T478K E484A F486P F490S Q498R N501Y Y505H D614G H655Y N679K P681H N764K D796Y Q954H N969K	XBB.1.5	0	0	0	0	0	0
XBB	1	2020-12-20	T19I V83A G142D H146Q Q183E V213E G252V G339H R346T L368I S371F S373P S375F T376A D405N R408S K417N N440K V445P G446S N460K S477N T478K E484A F486P F490S Q498R N501Y Y505H D614G H655Y N679K P681H N764K D796Y Q954H N969K	XBB.1.5	0	0	0	0	0	0
XBB	1	2020-12-27	T19I V83A G142D H146Q Q183E V213E G252V G339H R346T L368I S371F S373P S375F T376A D405N R408S K417N N440K V445P G446S N460K S477N T478K E484A F486P F490S Q498R N501Y Y505H D614G H655Y N679K P681H N764K D796Y Q954H N969K	XBB.1.5	0	0	0	0	0	0
XBB	1	2021-01-03	T19I V83A G142D H146Q Q183E V213E G252V G339H R346T L368I S371F S373P S375F T376A D405N R408S K417N N440K V445P G446S N460K S477N T478K E484A F486P F490S Q498R N501Y Y505H D614G H655Y N679K P681H N764K D796Y Q954H N969K	XBB.1.5	0	0	0	0	0	0
XBB	1	2021-01-10	T19I V83A G142D H146Q Q183E V213E G252V G339H R346T L368I S371F S373P S375F T376A D405N R408S K417N N440K V445P G446S N460K S477N T478K E484A F486P F490S Q498R N501Y Y505H D614G H655Y N679K P681H N764K D796Y Q954H N969K	XBB.1.5	0	0	0	0	0	0
XBB	1	2021-01-17	T19I V83A G142D H146Q Q183E V213E G252V G339H R346T L368I S371F S373P S375F T376A D405N R408S K417N N440K V445P G446S N460K S477N T478K E484A F486P F490S Q498R N501Y Y505H D614G H655Y N679K P681H N764K D796Y Q954H N969K	XBB.1.5	0	0	0	0	0	0
XBB	1	2021-01-24	T19I V83A G142D H146Q Q183E V213E G252V G339H R346T L368I S371F S373P S375F T376A D405N R408S K417N N440K V445P G446S N460K S477N T478K E484A F486P F490S Q498R N501Y Y505H D614G H655Y N679K P681H N764K D796Y Q954H N969K	XBB.1.5	0	0	0	0	0	0
XBB	1	2021-01-31	T19I V83A G142D H146Q Q183E V213E G252V G339H R346T L368I S371F S373P S375F T376A D405N R408S K417N N440K V445P G446S N460K S477N T478K E484A F486P F490S Q498R N501Y Y505H D614G H655Y N679K P681H N764K D796Y Q954H N969K	XBB.1.5	0	0	0	0	0	0
XBB	1	2021-02-07	T19I V83A G142D H146Q Q183E V213E G252V G339H R346T L368I S371F S373P S375F T376A D405N R408S K417N N440K V445P G446S N460K S477N T478K E484A F486P F490S Q498R N501Y Y505H D614G H655Y N679K P681H N764K D796Y Q954H N969K	XBB.1.5	0	0	0	0	0	0
XBB	1	2021-02-14	T19I V83A G142D H146Q Q183E V213E G252V G339H R346T L368I S371F S373P S375F T376A D405N R408S K417N N440K V445P G446S N460K S477N T478K E484A F486P F490S Q498R N501Y Y505H D614G H655Y N679K P681H N764K D796Y Q954H N969K	XBB.1.5	0	0	0	0	0	0
XBB	1	2021-02-21	T19I V83A G142D H146Q Q183E V213E G252V G339H R346T L368I S371F S373P S375F T376A D405N R408S K417N N440K V445P G446S N460K S477N T478K E484A F486P F490S Q498R N501Y Y505H D614G H655Y N679K P681H N764K D796Y Q954H N969K	XBB.1.5	0	0	0	0	0	0
XBB	1	2021-02-28	T19I V83A G142D H146Q Q183E V213E G252V G339H R346T L368I S371F S373P S375F T376A D405N R408S K417N N440K V445P G446S N460K S477N T478K E484A F486P F490S Q498R N501Y Y505H D614G H655Y N679K P681H N764K D796Y Q954H N969K	XBB.1.5	0	0	0	0	0	0
XBB	1	2021-03-07	T19I V83A G142D H146Q Q183E V213E G252V G339H R346T L368I S371F S373P S375F T376A D405N R408S K417N N440K V445P G446S N460K S477N T478K E484A F486P F490S Q498R N501Y Y505H D614G H655Y N679K P681H N764K D796Y Q954H N969K	XBB.1.5	0	0	0	0	0	1
XBB	1	2021-03-14	T19I V83A G142D H146Q Q183E V213E G252V G339H R346T L368I S371F S373P S375F T376A D405N R408S K417N N440K V445P G446S N460K S477N T478K E484A F486P F490S Q498R N501Y Y505H D614G H655Y N679K P681H N764K D796Y Q954H N969K	XBB.1.5	0	0	0	0	0	0
XBB	1	2021-03-21	T19I V83A G142D H146Q Q183E V213E G252V G339H R346T L368I S371F S373P S375F T376A D405N R408S K417N N440K V445P G446S N460K S477N T478K E484A F486P F490S Q498R N501Y Y505H D614G H655Y N679K P681H N764K D796Y Q954H N969K	XBB.1.5	0	0	0	0	0	0
XBB	1	2021-03-28	T19I V83A G142D H146Q Q183E V213E G252V G339H R346T L368I S371F S373P S375F T376A D405N R408S K417N N440K V445P G446S N460K S477N T478K E484A F486P F490S Q498R N501Y Y505H D614G H655Y N679K P681H N764K D796Y Q954H N969K	XBB.1.5	0	0	0	0	0	0
XBB	1	2021-04-04	T19I V83A G142D H146Q Q183E V213E G252V G339H R346T L368I S371F S373P S375F T376A D405N R408S K417N N440K V445P G446S N460K S477N T478K E484A F486P F490S Q498R N501Y Y505H D614G H655Y N679K P681H N764K D796Y Q954H N969K	XBB.1.5	0	0	0	0	0	0
XBB	1	2021-04-11	T19I V83A G142D H146Q Q183E V213E G252V G339H R346T L368I S371F S373P S375F T376A D405N R408S K417N N440K V445P G446S N460K S477N T478K E484A F486P F490S Q498R N501Y Y505H D614G H655Y N679K P681H N764K D796Y Q954H N969K	XBB.1.5	0	0	0	0	0	0
XBB	1	2021-04-18	T19I V83A G142D H146Q Q183E V213E G252V G339H R346T L368I S371F S373P S375F T376A D405N R408S K417N N440K V445P G446S N460K S477N T478K E484A F486P F490S Q498R N501Y Y505H D614G H655Y N679K P681H N764K D796Y Q954H N969K	XBB.1.5	0	0	0	0	0	0
XBB	1	2021-04-25	T19I V83A G142D H146Q Q183E V213E G252V G339H R346T L368I S371F S373P S375F T376A D405N R408S K417N N440K V445P G446S N460K S477N T478K E484A F486P F490S Q498R N501Y Y505H D614G H655Y N679K P681H N764K D796Y Q954H N969K	XBB.1.5	0	0	0	0	0	0
XBB	1	2021-05-02	T19I V83A G142D H146Q Q183E V213E G252V G339H R346T L368I S371F S373P S375F T376A D405N R408S K417N N440K V445P G446S N460K S477N T478K E484A F486P F490S Q498R N501Y Y505H D614G H655Y N679K P681H N764K D796Y Q954H N969K	XBB.1.5	0	0	0	0	0	0
XBB	1	2021-05-09	T19I V83A G142D H146Q Q183E V213E G252V G339H R346T L368I S371F S373P S375F T376A D405N R408S K417N N440K V445P G446S N460K S477N T478K E484A F486P F490S Q498R N501Y Y505H D614G H655Y N679K P681H N764K D796Y Q954H N969K	XBB.1.5	0	0	0	0	0	0
XBB	1	2021-05-16	T19I V83A G142D H146Q Q183E V213E G252V G339H R346T L368I S371F S373P S375F T376A D405N R408S K417N N440K V445P G446S N460K S477N T478K E484A F486P F490S Q498R N501Y Y505H D614G H655Y N679K P681H N764K D796Y Q954H N969K	XBB.1.5	0	0	0	0	0	0
XBB	1	2021-05-23	T19I V83A G142D H146Q Q183E V213E G252V G339H R346T L368I S371F S373P S375F T376A D405N R408S K417N N440K V445P G446S N460K S477N T478K E484A F486P F490S Q498R N501Y Y505H D614G H655Y N679K P681H N764K D796Y Q954H N969K	XBB.1.5	0	0	0	0	0	0
XBB	1	2021-05-30	T19I V83A G142D H146Q Q183E V213E G252V G339H R346T L368I S371F S373P S375F T376A D405N R408S K417N N440K V445P G446S N460K S477N T478K E484A F486P F490S Q498R N501Y Y505H D614G H655Y N679K P681H N764K D796Y Q954H N969K	XBB.1.5	0	0	0	0	0	0
XBB	1	2021-06-06	T19I V83A G142D H146Q Q183E V213E G252V G339H R346T L368I S371F S373P S375F T376A D405N R408S K417N N440K V445P G446S N460K S477N T478K E484A F486P F490S Q498R N501Y Y505H D614G H655Y N679K P681H N764K D796Y Q954H N969K	XBB.1.5	0	0	0	0	0	0
XBB	1	2021-06-13	T19I V83A G142D H146Q Q183E V213E G252V G339H R346T L368I S371F S373P S375F T376A D405N R408S K417N N440K V445P G446S N460K S477N T478K E484A F486P F490S Q498R N501Y Y505H D614G H655Y N679K P681H N764K D796Y Q954H N969K	XBB.1.5	0	0	0	0	0	0
XBB	1	2021-06-20	T19I V83A G142D H146Q Q183E V213E G252V G339H R346T L368I S371F S373P S375F T376A D405N R408S K417N N440K V445P G446S N460K S477N T478K E484A F486P F490S Q498R N501Y Y505H D614G H655Y N679K P681H N764K D796Y Q954H N969K	XBB.1.5	0	0	0	0	0	0
XBB	1	2021-06-27	T19I V83A G142D H146Q Q183E V213E G252V G339H R346T L368I S371F S373P S375F T376A D405N R408S K417N N440K V445P G446S N460K S477N T478K E484A F486P F490S Q498R N501Y Y505H D614G H655Y N679K P681H N764K D796Y Q954H N969K	XBB.1.5	0	0	0	0	0	0
XBB	1	2021-07-04	T19I V83A G142D H146Q Q183E V213E G252V G339H R346T L368I S371F S373P S375F T376A D405N R408S K417N N440K V445P G446S N460K S477N T478K E484A F486P F490S Q498R N501Y Y505H D614G H655Y N679K P681H N764K D796Y Q954H N969K	XBB.1.5	0	0	0	0	0	0
XBB	1	2021-07-11	T19I V83A G142D H146Q Q183E V213E G252V G339H R346T L368I S371F S373P S375F T376A D405N R408S K417N N440K V445P G446S N460K S477N T478K E484A F486P F490S Q498R N501Y Y505H D614G H655Y N679K P681H N764K D796Y Q954H N969K	XBB.1.5	0	0	0	0	0	0
XBB	1	2021-07-18	T19I V83A G142D H146Q Q183E V213E G252V G339H R346T L368I S371F S373P S375F T376A D405N R408S K417N N440K V445P G446S N460K S477N T478K E484A F486P F490S Q498R N501Y Y505H D614G H655Y N679K P681H N764K D796Y Q954H N969K	XBB.1.5	0	0	0	0	0	0
XBB	1	2021-07-25	T19I V83A G142D H146Q Q183E V213E G252V G339H R346T L368I S371F S373P S375F T376A D405N R408S K417N N440K V445P G446S N460K S477N T478K E484A F486P F490S Q498R N501Y Y505H D614G H655Y N679K P681H N764K D796Y Q954H N969K	XBB.1.5	0	0	0	0	0	0
XBB	1	2021-08-01	T19I V83A G142D H146Q Q183E V213E G252V G339H R346T L368I S371F S373P S375F T376A D405N R408S K417N N440K V445P G446S N460K S477N T478K E484A F486P F490S Q498R N501Y Y505H D614G H655Y N679K P681H N764K D796Y Q954H N969K	XBB.1.5	0	0	0	0	0	0
XBB	1	2021-08-08	T19I V83A G142D H146Q Q183E V213E G252V G339H R346T L368I S371F S373P S375F T376A D405N R408S K417N N440K V445P G446S N460K S477N T478K E484A F486P F490S Q498R N501Y Y505H D614G H655Y N679K P681H N764K D796Y Q954H N969K	XBB.1.5	0	0	0	0	0	0
XBB	1	2021-08-15	T19I V83A G142D H146Q Q183E V213E G252V G339H R346T L368I S371F S373P S375F T376A D405N R408S K417N N440K V445P G446S N460K S477N T478K E484A F486P F490S Q498R N501Y Y505H D614G H655Y N679K P681H N764K D796Y Q954H N969K	XBB.1.5	0	0	0	0	0	0
XBB	1	2021-08-22	T19I V83A G142D H146Q Q183E V213E G252V G339H R346T L368I S371F S373P S375F T376A D405N R408S K417N N440K V445P G446S N460K S477N T478K E484A F486P F490S Q498R N501Y Y505H D614G H655Y N679K P681H N764K D796Y Q954H N969K	XBB.1.5	0	0	0	0	0	0
XBB	1	2021-08-29	T19I V83A G142D H146Q Q183E V213E G252V G339H R346T L368I S371F S373P S375F T376A D405N R408S K417N N440K V445P G446S N460K S477N T478K E484A F486P F490S Q498R N501Y Y505H D614G H655Y N679K P681H N764K D796Y Q954H N969K	XBB.1.5	0	0	0	0	0	0
XBB	1	2021-09-05	T19I V83A G142D H146Q Q183E V213E G252V G339H R346T L368I S371F S373P S375F T376A D405N R408S K417N N440K V445P G446S N460K S477N T478K E484A F486P F490S Q498R N501Y Y505H D614G H655Y N679K P681H N764K D796Y Q954H N969K	XBB.1.5	0	0	0	0	0	0
XBB	1	2021-09-12	T19I V83A G142D H146Q Q183E V213E G252V G339H R346T L368I S371F S373P S375F T376A D405N R408S K417N N440K V445P G446S N460K S477N T478K E484A F486P F490S Q498R N501Y Y505H D614G H655Y N679K P681H N764K D796Y Q954H N969K	XBB.1.5	0	0	0	0	0	0
XBB	1	2021-09-19	T19I V83A G142D H146Q Q183E V213E G252V G339H R346T L368I S371F S373P S375F T376A D405N R408S K417N N440K V445P G446S N460K S477N T478K E484A F486P F490S Q498R N501Y Y505H D614G H655Y N679K P681H N764K D796Y Q954H N969K	XBB.1.5	0	0	0	0	0	0
XBB	1	2021-09-26	T19I V83A G142D H146Q Q183E V213E G252V G339H R346T L368I S371F S373P S375F T376A D405N R408S K417N N440K V445P G446S N460K S477N T478K E484A F486P F490S Q498R N501Y Y505H D614G H655Y N679K P681H N764K D796Y Q954H N969K	XBB.1.5	0	0	0	0	0	0
XBB	1	2021-10-03	T19I V83A G142D H146Q Q183E V213E G252V G339H R346T L368I S371F S373P S375F T376A D405N R408S K417N N440K V445P G446S N460K S477N T478K E484A F486P F490S Q498R N501Y Y505H D614G H655Y N679K P681H N764K D796Y Q954H N969K	XBB.1.5	0	0	0	0	0	0
XBB	1	2021-10-10	T19I V83A G142D H146Q Q183E V213E G252V G339H R346T L368I S371F S373P S375F T376A D405N R408S K417N N440K V445P G446S N460K S477N T478K E484A F486P F490S Q498R N501Y Y505H D614G H655Y N679K P681H N764K D796Y Q954H N969K	XBB.1.5	0	0	38.7704085831482	0	1	0
XBB	1	2021-10-17	T19I V83A G142D H146Q Q183E V213E G252V G339H R346T L368I S371F S373P S375F T376A D405N R408S K417N N440K V445P G446S N460K S477N T478K E484A F486P F490S Q498R N501Y Y505H D614G H655Y N679K P681H N764K D796Y Q954H N969K	XBB.1.5	0	0	0	0	0	0
XBB	1	2021-10-24	T19I V83A G142D H146Q Q183E V213E G252V G339H R346T L368I S371F S373P S375F T376A D405N R408S K417N N440K V445P G446S N460K S477N T478K E484A F486P F490S Q498R N501Y Y505H D614G H655Y N679K P681H N764K D796Y Q954H N969K	XBB.1.5	0	0	0	0	0	0
XBB	1	2021-10-31	T19I V83A G142D H146Q Q183E V213E G252V G339H R346T L368I S371F S373P S375F T376A D405N R408S K417N N440K V445P G446S N460K S477N T478K E484A F486P F490S Q498R N501Y Y505H D614G H655Y N679K P681H N764K D796Y Q954H N969K	XBB.1.5	0	0	0	0	0	1
XBB	1	2021-11-07	T19I V83A G142D H146Q Q183E V213E G252V G339H R346T L368I S371F S373P S375F T376A D405N R408S K417N N440K V445P G446S N460K S477N T478K E484A F486P F490S Q498R N501Y Y505H D614G H655Y N679K P681H N764K D796Y Q954H N969K	XBB.1.5	0	0	0	0	0	0
XBB	1	2021-11-14	T19I V83A G142D H146Q Q183E V213E G252V G339H R346T L368I S371F S373P S375F T376A D405N R408S K417N N440K V445P G446S N460K S477N T478K E484A F486P F490S Q498R N501Y Y505H D614G H655Y N679K P681H N764K D796Y Q954H N969K	XBB.1.5	0	0	0	0	0	0
XBB	1	2021-11-21	T19I V83A G142D H146Q Q183E V213E G252V G339H R346T L368I S371F S373P S375F T376A D405N R408S K417N N440K V445P G446S N460K S477N T478K E484A F486P F490S Q498R N501Y Y505H D614G H655Y N679K P681H N764K D796Y Q954H N969K	XBB.1.5	0	0	0	0	0	0
XBB	1	2021-11-28	T19I V83A G142D H146Q Q183E V213E G252V G339H R346T L368I S371F S373P S375F T376A D405N R408S K417N N440K V445P G446S N460K S477N T478K E484A F486P F490S Q498R N501Y Y505H D614G H655Y N679K P681H N764K D796Y Q954H N969K	XBB.1.5	0	0	42.9290330310014	0	1	0
XBB	1	2021-12-05	T19I V83A G142D H146Q Q183E V213E G252V G339H R346T L368I S371F S373P S375F T376A D405N R408S K417N N440K V445P G446S N460K S477N T478K E484A F486P F490S Q498R N501Y Y505H D614G H655Y N679K P681H N764K D796Y Q954H N969K	XBB.1.5	0	0	0	0	0	2
XBB	1	2021-12-12	T19I V83A G142D H146Q Q183E V213E G252V G339H R346T L368I S371F S373P S375F T376A D405N R408S K417N N440K V445P G446S N460K S477N T478K E484A F486P F490S Q498R N501Y Y505H D614G H655Y N679K P681H N764K D796Y Q954H N969K	XBB.1.5	0	0	0	0	0	1
XBB	1	2021-12-19	T19I V83A G142D H146Q Q183E V213E G252V G339H R346T L368I S371F S373P S375F T376A D405N R408S K417N N440K V445P G446S N460K S477N T478K E484A F486P F490S Q498R N501Y Y505H D614G H655Y N679K P681H N764K D796Y Q954H N969K	XBB.1.5	0	0	0	0	0	0
XBB	1	2021-12-26	T19I V83A G142D H146Q Q183E V213E G252V G339H R346T L368I S371F S373P S375F T376A D405N R408S K417N N440K V445P G446S N460K S477N T478K E484A F486P F490S Q498R N501Y Y505H D614G H655Y N679K P681H N764K D796Y Q954H N969K	XBB.1.5	0	0	0	0	0	0
XBB	1	2022-01-02	T19I V83A G142D H146Q Q183E V213E G252V G339H R346T L368I S371F S373P S375F T376A D405N R408S K417N N440K V445P G446S N460K S477N T478K E484A F486P F490S Q498R N501Y Y505H D614G H655Y N679K P681H N764K D796Y Q954H N969K	XBB.1.5	0	0	0	0	0	3
XBB	1	2022-01-09	T19I V83A G142D H146Q Q183E V213E G252V G339H R346T L368I S371F S373P S375F T376A D405N R408S K417N N440K V445P G446S N460K S477N T478K E484A F486P F490S Q498R N501Y Y505H D614G H655Y N679K P681H N764K D796Y Q954H N969K	XBB.1.5	0	0	336.441295489474	0	2	11
XBB	1	2022-01-16	T19I V83A G142D H146Q Q183E V213E G252V G339H R346T L368I S371F S373P S375F T376A D405N R408S K417N N440K V445P G446S N460K S477N T478K E484A F486P F490S Q498R N501Y Y505H D614G H655Y N679K P681H N764K D796Y Q954H N969K	XBB.1.5	0	0	373.38225088285	0	2	3
XBB	1	2022-01-23	T19I V83A G142D H146Q Q183E V213E G252V G339H R346T L368I S371F S373P S375F T376A D405N R408S K417N N440K V445P G446S N460K S477N T478K E484A F486P F490S Q498R N501Y Y505H D614G H655Y N679K P681H N764K D796Y Q954H N969K	XBB.1.5	0	0	0	0	0	2
XBB	1	2022-01-30	T19I V83A G142D H146Q Q183E V213E G252V G339H R346T L368I S371F S373P S375F T376A D405N R408S K417N N440K V445P G446S N460K S477N T478K E484A F486P F490S Q498R N501Y Y505H D614G H655Y N679K P681H N764K D796Y Q954H N969K	XBB.1.5	1	213.528566001717	213.528566001717	1	0	10
XBB	1	2022-02-06	T19I V83A G142D H146Q Q183E V213E G252V G339H R346T L368I S371F S373P S375F T376A D405N R408S K417N N440K V445P G446S N460K S477N T478K E484A F486P F490S Q498R N501Y Y505H D614G H655Y N679K P681H N764K D796Y Q954H N969K	XBB.1.5	0	0	185.570080081679	0	1	2
XBB	1	2022-02-13	T19I V83A G142D H146Q Q183E V213E G252V G339H R346T L368I S371F S373P S375F T376A D405N R408S K417N N440K V445P G446S N460K S477N T478K E484A F486P F490S Q498R N501Y Y505H D614G H655Y N679K P681H N764K D796Y Q954H N969K	XBB.1.5	0	0	0	0	0	0
XBB	1	2022-02-20	T19I V83A G142D H146Q Q183E V213E G252V G339H R346T L368I S371F S373P S375F T376A D405N R408S K417N N440K V445P G446S N460K S477N T478K E484A F486P F490S Q498R N501Y Y505H D614G H655Y N679K P681H N764K D796Y Q954H N969K	XBB.1.5	0	0	361.60367315317	0	3	2
XBB	1	2022-02-27	T19I V83A G142D H146Q Q183E V213E G252V G339H R346T L368I S371F S373P S375F T376A D405N R408S K417N N440K V445P G446S N460K S477N T478K E484A F486P F490S Q498R N501Y Y505H D614G H655Y N679K P681H N764K D796Y Q954H N969K	XBB.1.5	0.333333333333333	120.550363043249	361.651089129748	1	2	1
XBB	1	2022-03-06	T19I V83A G142D H146Q Q183E V213E G252V G339H R346T L368I S371F S373P S375F T376A D405N R408S K417N N440K V445P G446S N460K S477N T478K E484A F486P F490S Q498R N501Y Y505H D614G H655Y N679K P681H N764K D796Y Q954H N969K	XBB.1.5	0	0	0	0	0	2
XBB	1	2022-03-13	T19I V83A G142D H146Q Q183E V213E G252V G339H R346T L368I S371F S373P S375F T376A D405N R408S K417N N440K V445P G446S N460K S477N T478K E484A F486P F490S Q498R N501Y Y505H D614G H655Y N679K P681H N764K D796Y Q954H N969K	XBB.1.5	1	126.971215563447	126.971215563447	1	0	2
XBB	1	2022-03-20	T19I V83A G142D H146Q Q183E V213E G252V G339H R346T L368I S371F S373P S375F T376A D405N R408S K417N N440K V445P G446S N460K S477N T478K E484A F486P F490S Q498R N501Y Y505H D614G H655Y N679K P681H N764K D796Y Q954H N969K	XBB.1.5	0	0	0	0	0	0
XBB	1	2022-03-27	T19I V83A G142D H146Q Q183E V213E G252V G339H R346T L368I S371F S373P S375F T376A D405N R408S K417N N440K V445P G446S N460K S477N T478K E484A F486P F490S Q498R N501Y Y505H D614G H655Y N679K P681H N764K D796Y Q954H N969K	XBB.1.5	0.454545454545455	618.120516118263	1359.86513546018	5	6	0
XBB	1	2022-04-03	T19I V83A G142D H146Q Q183E V213E G252V G339H R346T L368I S371F S373P S375F T376A D405N R408S K417N N440K V445P G446S N460K S477N T478K E484A F486P F490S Q498R N501Y Y505H D614G H655Y N679K P681H N764K D796Y Q954H N969K	XBB.1.5	0.4	249.995440522019	624.988601305048	2	3	0
XBB	1	2022-04-10	T19I V83A G142D H146Q Q183E V213E G252V G339H R346T L368I S371F S373P S375F T376A D405N R408S K417N N440K V445P G446S N460K S477N T478K E484A F486P F490S Q498R N501Y Y505H D614G H655Y N679K P681H N764K D796Y Q954H N969K	XBB.1.5	0	0	0	0	0	0
XBB	1	2022-04-17	T19I V83A G142D H146Q Q183E V213E G252V G339H R346T L368I S371F S373P S375F T376A D405N R408S K417N N440K V445P G446S N460K S477N T478K E484A F486P F490S Q498R N501Y Y505H D614G H655Y N679K P681H N764K D796Y Q954H N969K	XBB.1.5	0	0	195.246944147038	0	2	2
XBB	1	2022-04-24	T19I V83A G142D H146Q Q183E V213E G252V G339H R346T L368I S371F S373P S375F T376A D405N R408S K417N N440K V445P G446S N460K S477N T478K E484A F486P F490S Q498R N501Y Y505H D614G H655Y N679K P681H N764K D796Y Q954H N969K	XBB.1.5	0	0	0	0	0	1
XBB	1	2022-05-01	T19I V83A G142D H146Q Q183E V213E G252V G339H R346T L368I S371F S373P S375F T376A D405N R408S K417N N440K V445P G446S N460K S477N T478K E484A F486P F490S Q498R N501Y Y505H D614G H655Y N679K P681H N764K D796Y Q954H N969K	XBB.1.5	0	0	0	0	0	1
XBB	1	2022-05-08	T19I V83A G142D H146Q Q183E V213E G252V G339H R346T L368I S371F S373P S375F T376A D405N R408S K417N N440K V445P G446S N460K S477N T478K E484A F486P F490S Q498R N501Y Y505H D614G H655Y N679K P681H N764K D796Y Q954H N969K	XBB.1.5	0	0	0	0	0	2
XBB	1	2022-05-15	T19I V83A G142D H146Q Q183E V213E G252V G339H R346T L368I S371F S373P S375F T376A D405N R408S K417N N440K V445P G446S N460K S477N T478K E484A F486P F490S Q498R N501Y Y505H D614G H655Y N679K P681H N764K D796Y Q954H N969K	XBB.1.5	0	0	249.963499612875	0	4	1
XBB	1	2022-05-22	T19I V83A G142D H146Q Q183E V213E G252V G339H R346T L368I S371F S373P S375F T376A D405N R408S K417N N440K V445P G446S N460K S477N T478K E484A F486P F490S Q498R N501Y Y505H D614G H655Y N679K P681H N764K D796Y Q954H N969K	XBB.1.5	0	0	126.907186896351	0	2	0
XBB	1	2022-05-29	T19I V83A G142D H146Q Q183E V213E G252V G339H R346T L368I S371F S373P S375F T376A D405N R408S K417N N440K V445P G446S N460K S477N T478K E484A F486P F490S Q498R N501Y Y505H D614G H655Y N679K P681H N764K D796Y Q954H N969K	XBB.1.5	0	0	0	0	0	1
XBB	1	2022-06-05	T19I V83A G142D H146Q Q183E V213E G252V G339H R346T L368I S371F S373P S375F T376A D405N R408S K417N N440K V445P G446S N460K S477N T478K E484A F486P F490S Q498R N501Y Y505H D614G H655Y N679K P681H N764K D796Y Q954H N969K	XBB.1.5	0	0	57.4750389650352	0	1	0
XBB	1	2022-06-12	T19I V83A G142D H146Q Q183E V213E G252V G339H R346T L368I S371F S373P S375F T376A D405N R408S K417N N440K V445P G446S N460K S477N T478K E484A F486P F490S Q498R N501Y Y505H D614G H655Y N679K P681H N764K D796Y Q954H N969K	XBB.1.5	0	0	0	0	0	1
XBB	1	2022-06-19	T19I V83A G142D H146Q Q183E V213E G252V G339H R346T L368I S371F S373P S375F T376A D405N R408S K417N N440K V445P G446S N460K S477N T478K E484A F486P F490S Q498R N501Y Y505H D614G H655Y N679K P681H N764K D796Y Q954H N969K	XBB.1.5	0	0	131.912800440264	0	2	0
XBB	1	2022-06-26	T19I V83A G142D H146Q Q183E V213E G252V G339H R346T L368I S371F S373P S375F T376A D405N R408S K417N N440K V445P G446S N460K S477N T478K E484A F486P F490S Q498R N501Y Y505H D614G H655Y N679K P681H N764K D796Y Q954H N969K	XBB.1.5	0	0	0	0	0	1
XBB	1	2022-07-03	T19I V83A G142D H146Q Q183E V213E G252V G339H R346T L368I S371F S373P S375F T376A D405N R408S K417N N440K V445P G446S N460K S477N T478K E484A F486P F490S Q498R N501Y Y505H D614G H655Y N679K P681H N764K D796Y Q954H N969K	XBB.1.5	0	0	79.2496240061186	0	1	0
XBB	1	2022-07-10	T19I V83A G142D H146Q Q183E V213E G252V G339H R346T L368I S371F S373P S375F T376A D405N R408S K417N N440K V445P G446S N460K S477N T478K E484A F486P F490S Q498R N501Y Y505H D614G H655Y N679K P681H N764K D796Y Q954H N969K	XBB.1.5	0	0	0	0	0	1
XBB	1	2022-07-17	T19I V83A G142D H146Q Q183E V213E G252V G339H R346T L368I S371F S373P S375F T376A D405N R408S K417N N440K V445P G446S N460K S477N T478K E484A F486P F490S Q498R N501Y Y505H D614G H655Y N679K P681H N764K D796Y Q954H N969K	XBB.1.5	0	0	0	0	0	1
XBB	1	2022-07-24	T19I V83A G142D H146Q Q183E V213E G252V G339H R346T L368I S371F S373P S375F T376A D405N R408S K417N N440K V445P G446S N460K S477N T478K E484A F486P F490S Q498R N501Y Y505H D614G H655Y N679K P681H N764K D796Y Q954H N969K	XBB.1.5	0	0	103.568870770242	0	1	0
XBB	1	2022-07-31	T19I V83A G142D H146Q Q183E V213E G252V G339H R346T L368I S371F S373P S375F T376A D405N R408S K417N N440K V445P G446S N460K S477N T478K E484A F486P F490S Q498R N501Y Y505H D614G H655Y N679K P681H N764K D796Y Q954H N969K	XBB.1.5	0	0	245.417085367867	0	2	24
XBB	1	2022-08-07	T19I V83A G142D H146Q Q183E V213E G252V G339H R346T L368I S371F S373P S375F T376A D405N R408S K417N N440K V445P G446S N460K S477N T478K E484A F486P F490S Q498R N501Y Y505H D614G H655Y N679K P681H N764K D796Y Q954H N969K	XBB.1.5	0.5	250.149540663379	500.299081326758	2	2	45
XBB	1	2022-08-14	T19I V83A G142D H146Q Q183E V213E G252V G339H R346T L368I S371F S373P S375F T376A D405N R408S K417N N440K V445P G446S N460K S477N T478K E484A F486P F490S Q498R N501Y Y505H D614G H655Y N679K P681H N764K D796Y Q954H N969K	XBB.1.5	0	0	387.537437457295	0	3	14
XBB	1	2022-08-21	T19I V83A G142D H146Q Q183E V213E G252V G339H R346T L368I S371F S373P S375F T376A D405N R408S K417N N440K V445P G446S N460K S477N T478K E484A F486P F490S Q498R N501Y Y505H D614G H655Y N679K P681H N764K D796Y Q954H N969K	XBB.1.5	0	0	112.711857571291	0	1	31
XBB	1	2022-08-28	T19I V83A G142D H146Q Q183E V213E G252V G339H R346T L368I S371F S373P S375F T376A D405N R408S K417N N440K V445P G446S N460K S477N T478K E484A F486P F490S Q498R N501Y Y505H D614G H655Y N679K P681H N764K D796Y Q954H N969K	XBB.1.5	0	0	614.899213438208	0	6	36
XBB	1	2022-09-04	T19I V83A G142D H146Q Q183E V213E G252V G339H R346T L368I S371F S373P S375F T376A D405N R408S K417N N440K V445P G446S N460K S477N T478K E484A F486P F490S Q498R N501Y Y505H D614G H655Y N679K P681H N764K D796Y Q954H N969K	XBB.1.5	0	0	484.189691065035	0	5	59
XBB	1	2022-09-11	T19I V83A G142D H146Q Q183E V213E G252V G339H R346T L368I S371F S373P S375F T376A D405N R408S K417N N440K V445P G446S N460K S477N T478K E484A F486P F490S Q498R N501Y Y505H D614G H655Y N679K P681H N764K D796Y Q954H N969K	XBB.1.5	0	0	1397.90494411716	0	15	173
XBB	1	2022-09-18	T19I V83A G142D H146Q Q183E V213E G252V G339H R346T L368I S371F S373P S375F T376A D405N R408S K417N N440K V445P G446S N460K S477N T478K E484A F486P F490S Q498R N501Y Y505H D614G H655Y N679K P681H N764K D796Y Q954H N969K	XBB.1.5	0	0	2916.27843195707	0	39	386
XBB	1	2022-09-25	T19I V83A G142D H146Q Q183E V213E G252V G339H R346T L368I S371F S373P S375F T376A D405N R408S K417N N440K V445P G446S N460K S477N T478K E484A F486P F490S Q498R N501Y Y505H D614G H655Y N679K P681H N764K D796Y Q954H N969K	XBB.1.5	0	0	9107.12439165223	0	111	703
XBB	1	2022-10-02	T19I V83A G142D H146Q Q183E V213E G252V G339H R346T L368I S371F S373P S375F T376A D405N R408S K417N N440K V445P G446S N460K S477N T478K E484A F486P F490S Q498R N501Y Y505H D614G H655Y N679K P681H N764K D796Y Q954H N969K	XBB.1.5	0	0	25280.8476112443	0	286	1225
XBB	1	2022-10-09	T19I V83A G142D H146Q Q183E V213E G252V G339H R346T L368I S371F S373P S375F T376A D405N R408S K417N N440K V445P G446S N460K S477N T478K E484A F486P F490S Q498R N501Y Y505H D614G H655Y N679K P681H N764K D796Y Q954H N969K	XBB.1.5	0	0	42457.5107773906	0	477	2021
XBB	1	2022-10-16	T19I V83A G142D H146Q Q183E V213E G252V G339H R346T L368I S371F S373P S375F T376A D405N R408S K417N N440K V445P G446S N460K S477N T478K E484A F486P F490S Q498R N501Y Y505H D614G H655Y N679K P681H N764K D796Y Q954H N969K	XBB.1.5	0	0	42361.8443574122	0	490	3042
XBB	1	2022-10-23	T19I V83A G142D H146Q Q183E V213E G252V G339H R346T L368I S371F S373P S375F T376A D405N R408S K417N N440K V445P G446S N460K S477N T478K E484A F486P F490S Q498R N501Y Y505H D614G H655Y N679K P681H N764K D796Y Q954H N969K	XBB.1.5	0	0	43576.316611222	0	508	3916
XBB	1	2022-10-30	T19I V83A G142D H146Q Q183E V213E G252V G339H R346T L368I S371F S373P S375F T376A D405N R408S K417N N440K V445P G446S N460K S477N T478K E484A F486P F490S Q498R N501Y Y505H D614G H655Y N679K P681H N764K D796Y Q954H N969K	XBB.1.5	0	0	37403.9075481588	0	489	5301
XBB	1	2022-11-06	T19I V83A G142D H146Q Q183E V213E G252V G339H R346T L368I S371F S373P S375F T376A D405N R408S K417N N440K V445P G446S N460K S477N T478K E484A F486P F490S Q498R N501Y Y505H D614G H655Y N679K P681H N764K D796Y Q954H N969K	XBB.1.5	0.00697350069735007	365.080531069757	52352.5481554032	5	712	7186
XBB	1	2022-11-13	T19I V83A G142D H146Q Q183E V213E G252V G339H R346T L368I S371F S373P S375F T376A D405N R408S K417N N440K V445P G446S N460K S477N T478K E484A F486P F490S Q498R N501Y Y505H D614G H655Y N679K P681H N764K D796Y Q954H N969K	XBB.1.5	0.0040650406504065	281.254894825687	69188.7041271189	4	980	9766
XBB	1	2022-11-20	T19I V83A G142D H146Q Q183E V213E G252V G339H R346T L368I S371F S373P S375F T376A D405N R408S K417N N440K V445P G446S N460K S477N T478K E484A F486P F490S Q498R N501Y Y505H D614G H655Y N679K P681H N764K D796Y Q954H N969K	XBB.1.5	0.0231481481481481	1925.70638481536	83190.5158240236	25	1055	11556
XBB	1	2022-11-27	T19I V83A G142D H146Q Q183E V213E G252V G339H R346T L368I S371F S373P S375F T376A D405N R408S K417N N440K V445P G446S N460K S477N T478K E484A F486P F490S Q498R N501Y Y505H D614G H655Y N679K P681H N764K D796Y Q954H N969K	XBB.1.5	0.0260680666183925	2996.01962464903	114930.641712231	36	1345	13511
XBB	1	2022-12-04	T19I V83A G142D H146Q Q183E V213E G252V G339H R346T L368I S371F S373P S375F T376A D405N R408S K417N N440K V445P G446S N460K S477N T478K E484A F486P F490S Q498R N501Y Y505H D614G H655Y N679K P681H N764K D796Y Q954H N969K	XBB.1.5	0.0638202247191011	10796.0805190404	169163.937710315	142	2083	19200
XBB	1	2022-12-11	T19I V83A G142D H146Q Q183E V213E G252V G339H R346T L368I S371F S373P S375F T376A D405N R408S K417N N440K V445P G446S N460K S477N T478K E484A F486P F490S Q498R N501Y Y505H D614G H655Y N679K P681H N764K D796Y Q954H N969K	XBB.1.5	0.0920696324951644	20958.8554770318	227641.350454316	238	2347	19591
XBB	1	2022-12-18	T19I V83A G142D H146Q Q183E V213E G252V G339H R346T L368I S371F S373P S375F T376A D405N R408S K417N N440K V445P G446S N460K S477N T478K E484A F486P F490S Q498R N501Y Y505H D614G H655Y N679K P681H N764K D796Y Q954H N969K	XBB.1.5	0.160235207644248	40442.1211333766	252392.228449353	436	2285	20600
XBB	1	2022-12-25	T19I V83A G142D H146Q Q183E V213E G252V G339H R346T L368I S371F S373P S375F T376A D405N R408S K417N N440K V445P G446S N460K S477N T478K E484A F486P F490S Q498R N501Y Y505H D614G H655Y N679K P681H N764K D796Y Q954H N969K	XBB.1.5	0.242910447761194	62654.7813425203	257933.66205523	651	2029	19789
XBB	1	2023-01-01	T19I V83A G142D H146Q Q183E V213E G252V G339H R346T L368I S371F S373P S375F T376A D405N R408S K417N N440K V445P G446S N460K S477N T478K E484A F486P F490S Q498R N501Y Y505H D614G H655Y N679K P681H N764K D796Y Q954H N969K	XBB.1.5	0.379966611018364	112371.338853503	295740.035031847	1138	1857	18053
XBB	1	2023-01-08	T19I V83A G142D H146Q Q183E V213E G252V G339H R346T L368I S371F S373P S375F T376A D405N R408S K417N N440K V445P G446S N460K S477N T478K E484A F486P F490S Q498R N501Y Y505H D614G H655Y N679K P681H N764K D796Y Q954H N969K	XBB.1.5	0.483496171111698	164166.427832776	339540.285200832	1831	1956	15882
XBB	1	2023-01-15	T19I V83A G142D H146Q Q183E V213E G252V G339H R346T L368I S371F S373P S375F T376A D405N R408S K417N N440K V445P G446S N460K S477N T478K E484A F486P F490S Q498R N501Y Y505H D614G H655Y N679K P681H N764K D796Y Q954H N969K	XBB.1.5	0.53473491773309	228584.267697315	427472.117710876	2340	2036	11235
XBB	1	2023-01-22	T19I V83A G142D H146Q Q183E V213E G252V G339H R346T L368I S371F S373P S375F T376A D405N R408S K417N N440K V445P G446S N460K S477N T478K E484A F486P F490S Q498R N501Y Y505H D614G H655Y N679K P681H N764K D796Y Q954H N969K	XBB.1.5	0.590387234870597	274464.557007675	464889.043659342	3034	2105	8621
XBB	1	2023-01-29	T19I V83A G142D H146Q Q183E V213E G252V G339H R346T L368I S371F S373P S375F T376A D405N R408S K417N N440K V445P G446S N460K S477N T478K E484A F486P F490S Q498R N501Y Y505H D614G H655Y N679K P681H N764K D796Y Q954H N969K	XBB.1.5	0.607915801956715	287004.608501985	472112.433297828	4101	2645	7563
XBB	1	2023-02-05	T19I V83A G142D H146Q Q183E V213E G252V G339H R346T L368I S371F S373P S375F T376A D405N R408S K417N N440K V445P G446S N460K S477N T478K E484A F486P F490S Q498R N501Y Y505H D614G H655Y N679K P681H N764K D796Y Q954H N969K	XBB.1.5	0.597187541069786	286815.382375163	480276.902397143	4544	3065	6135
XBB	1	2023-02-12	T19I V83A G142D H146Q Q183E V213E G252V G339H R346T L368I S371F S373P S375F T376A D405N R408S K417N N440K V445P G446S N460K S477N T478K E484A F486P F490S Q498R N501Y Y505H D614G H655Y N679K P681H N764K D796Y Q954H N969K	XBB.1.5	0.603202265548415	320251.039046574	530918.16350426	5538	3643	5054
XBB	1	2023-02-19	T19I V83A G142D H146Q Q183E V213E G252V G339H R346T L368I S371F S373P S375F T376A D405N R408S K417N N440K V445P G446S N460K S477N T478K E484A F486P F490S Q498R N501Y Y505H D614G H655Y N679K P681H N764K D796Y Q954H N969K	XBB.1.5	0.586463145209882	326460.695929368	556660.207202851	5840	4118	4348
XBB	1	2023-02-26	T19I V83A G142D H146Q Q183E V213E G252V G339H R346T L368I S371F S373P S375F T376A D405N R408S K417N N440K V445P G446S N460K S477N T478K E484A F486P F490S Q498R N501Y Y505H D614G H655Y N679K P681H N764K D796Y Q954H N969K	XBB.1.5	0.57187408634636	342002.846666274	598038.720116332	5868	4393	3081
XBB	1	2023-03-05	T19I V83A G142D H146Q Q183E V213E G252V G339H R346T L368I S371F S373P S375F T376A D405N R408S K417N N440K V445P G446S N460K S477N T478K E484A F486P F490S Q498R N501Y Y505H D614G H655Y N679K P681H N764K D796Y Q954H N969K	XBB.1.5	0.537085318708981	330861.481575758	616031.513151515	5974	5149	2269
XBB	1	2023-03-12	T19I V83A G142D H146Q Q183E V213E G252V G339H R346T L368I S371F S373P S375F T376A D405N R408S K417N N440K V445P G446S N460K S477N T478K E484A F486P F490S Q498R N501Y Y505H D614G H655Y N679K P681H N764K D796Y Q954H N969K	XBB.1.5	0.525899488762419	307580.452964897	584865.472466451	5452	4915	1697
XBB	1	2023-03-19	T19I V83A G142D H146Q Q183E V213E G252V G339H R346T L368I S371F S373P S375F T376A D405N R408S K417N N440K V445P G446S N460K S477N T478K E484A F486P F490S Q498R N501Y Y505H D614G H655Y N679K P681H N764K D796Y Q954H N969K	XBB.1.5	0.481162649382216	272856.727703515	567077.947662494	4751	5123	1189
XBB	1	2023-03-26	T19I V83A G142D H146Q Q183E V213E G252V G339H R346T L368I S371F S373P S375F T376A D405N R408S K417N N440K V445P G446S N460K S477N T478K E484A F486P F490S Q498R N501Y Y505H D614G H655Y N679K P681H N764K D796Y Q954H N969K	XBB.1.5	0.470507254050619	262555.562253973	558026.59787627	4443	5000	861
XBB	1	2023-04-02	T19I V83A G142D H146Q Q183E V213E G252V G339H R346T L368I S371F S373P S375F T376A D405N R408S K417N N440K V445P G446S N460K S477N T478K E484A F486P F490S Q498R N501Y Y505H D614G H655Y N679K P681H N764K D796Y Q954H N969K	XBB.1.5	0.449927431059507	274310.201788831	609676.545266143	4340	5306	663
XBB	1	2023-04-09	T19I V83A G142D H146Q Q183E V213E G252V G339H R346T L368I S371F S373P S375F T376A D405N R408S K417N N440K V445P G446S N460K S477N T478K E484A F486P F490S Q498R N501Y Y505H D614G H655Y N679K P681H N764K D796Y Q954H N969K	XBB.1.5	0.412803780378038	256349.222381636	620995.336202774	3669	5219	436
XBB	1	2023-04-16	T19I V83A G142D H146Q Q183E V213E G252V G339H R346T L368I S371F S373P S375F T376A D405N R408S K417N N440K V445P G446S N460K S477N T478K E484A F486P F490S Q498R N501Y Y505H D614G H655Y N679K P681H N764K D796Y Q954H N969K	XBB.1.5	0.37886023559376	233542.41032734	616434.210788382	3570	5853	397
XBB	1	2023-04-23	T19I V83A G142D H146Q Q183E V213E G252V G339H R346T L368I S371F S373P S375F T376A D405N R408S K417N N440K V445P G446S N460K S477N T478K E484A F486P F490S Q498R N501Y Y505H D614G H655Y N679K P681H N764K D796Y Q954H N969K	XBB.1.5	0.374087796115415	230327.26984439	615703.779262899	3332	5575	335
XBB	1	2023-04-30	T19I V83A G142D H146Q Q183E V213E G252V G339H R346T L368I S371F S373P S375F T376A D405N R408S K417N N440K V445P G446S N460K S477N T478K E484A F486P F490S Q498R N501Y Y505H D614G H655Y N679K P681H N764K D796Y Q954H N969K	XBB.1.5	0.354620918649696	212659.848789132	599682.189079215	3204	5831	248
XBB	1	2023-05-07	T19I V83A G142D H146Q Q183E V213E G252V G339H R346T L368I S371F S373P S375F T376A D405N R408S K417N N440K V445P G446S N460K S477N T478K E484A F486P F490S Q498R N501Y Y505H D614G H655Y N679K P681H N764K D796Y Q954H N969K	XBB.1.5	0.306643091689821	171108.644645102	558005.868327809	2428	5490	138
XBB	1	2023-05-14	T19I V83A G142D H146Q Q183E V213E G252V G339H R346T L368I S371F S373P S375F T376A D405N R408S K417N N440K V445P G446S N460K S477N T478K E484A F486P F490S Q498R N501Y Y505H D614G H655Y N679K P681H N764K D796Y Q954H N969K	XBB.1.5	0.29215313603041	137958.520292748	472213.039254824	2152	5214	93
XBB	1	2023-05-21	T19I V83A G142D H146Q Q183E V213E G252V G339H R346T L368I S371F S373P S375F T376A D405N R408S K417N N440K V445P G446S N460K S477N T478K E484A F486P F490S Q498R N501Y Y505H D614G H655Y N679K P681H N764K D796Y Q954H N969K	XBB.1.5	0.236884882518103	93302.6637610097	393873.44084264	1603	5164	51
XBB	1	2023-05-28	T19I V83A G142D H146Q Q183E V213E G252V G339H R346T L368I S371F S373P S375F T376A D405N R408S K417N N440K V445P G446S N460K S477N T478K E484A F486P F490S Q498R N501Y Y505H D614G H655Y N679K P681H N764K D796Y Q954H N969K	XBB.1.5	0.21887306876704	67912.237995338	310281.380792541	1445	5157	48
XBB	1	2023-06-04	T19I V83A G142D H146Q Q183E V213E G252V G339H R346T L368I S371F S373P S375F T376A D405N R408S K417N N440K V445P G446S N460K S477N T478K E484A F486P F490S Q498R N501Y Y505H D614G H655Y N679K P681H N764K D796Y Q954H N969K	XBB.1.5	0.194638694638695	53383.9232812187	274271.893265183	1169	4837	46
XBB	1	2023-06-11	T19I V83A G142D H146Q Q183E V213E G252V G339H R346T L368I S371F S373P S375F T376A D405N R408S K417N N440K V445P G446S N460K S477N T478K E484A F486P F490S Q498R N501Y Y505H D614G H655Y N679K P681H N764K D796Y Q954H N969K	XBB.1.5	0.180530973451327	38142.5652787579	211279.895906845	918	4167	30
XBB	1	2023-06-18	T19I V83A G142D H146Q Q183E V213E G252V G339H R346T L368I S371F S373P S375F T376A D405N R408S K417N N440K V445P G446S N460K S477N T478K E484A F486P F490S Q498R N501Y Y505H D614G H655Y N679K P681H N764K D796Y Q954H N969K	XBB.1.5	0.154484713504758	29693.0119805316	192206.797079745	763	4176	16
XBB	1	2023-06-25	T19I V83A G142D H146Q Q183E V213E G252V G339H R346T L368I S371F S373P S375F T376A D405N R408S K417N N440K V445P G446S N460K S477N T478K E484A F486P F490S Q498R N501Y Y505H D614G H655Y N679K P681H N764K D796Y Q954H N969K	XBB.1.5	0.127902068383284	20842.9881610103	162960.52459879	606	4132	19
XBB	1	2023-07-02	T19I V83A G142D H146Q Q183E V213E G252V G339H R346T L368I S371F S373P S375F T376A D405N R408S K417N N440K V445P G446S N460K S477N T478K E484A F486P F490S Q498R N501Y Y505H D614G H655Y N679K P681H N764K D796Y Q954H N969K	XBB.1.5	0.106332138590203	18902.0768478833	177764.475524476	445	3740	14
XBB	1	2023-07-09	T19I V83A G142D H146Q Q183E V213E G252V G339H R346T L368I S371F S373P S375F T376A D405N R408S K417N N440K V445P G446S N460K S477N T478K E484A F486P F490S Q498R N501Y Y505H D614G H655Y N679K P681H N764K D796Y Q954H N969K	XBB.1.5	0.0856022150438394	15107.1684439608	176481.045919478	371	3963	18
XBB	1	2023-07-16	T19I V83A G142D H146Q Q183E V213E G252V G339H R346T L368I S371F S373P S375F T376A D405N R408S K417N N440K V445P G446S N460K S477N T478K E484A F486P F490S Q498R N501Y Y505H D614G H655Y N679K P681H N764K D796Y Q954H N969K	XBB.1.5	0.0706521739130435	14186.9955819321	200800.552851962	338	4446	23
XBB	1	2023-07-23	T19I V83A G142D H146Q Q183E V213E G252V G339H R346T L368I S371F S373P S375F T376A D405N R408S K417N N440K V445P G446S N460K S477N T478K E484A F486P F490S Q498R N501Y Y505H D614G H655Y N679K P681H N764K D796Y Q954H N969K	XBB.1.5	0.0518249647106271	12803.7147746352	247056.893258427	257	4702	13
XBB	1	2023-07-30	T19I V83A G142D H146Q Q183E V213E G252V G339H R346T L368I S371F S373P S375F T376A D405N R408S K417N N440K V445P G446S N460K S477N T478K E484A F486P F490S Q498R N501Y Y505H D614G H655Y N679K P681H N764K D796Y Q954H N969K	XBB.1.5	0.0445486518171161	18300.8287179487	410805.444642375	266	5705	4
XBB	1	2023-08-06	T19I V83A G142D H146Q Q183E V213E G252V G339H R346T L368I S371F S373P S375F T376A D405N R408S K417N N440K V445P G446S N460K S477N T478K E484A F486P F490S Q498R N501Y Y505H D614G H655Y N679K P681H N764K D796Y Q954H N969K	XBB.1.5	0.0333957103785807	12435.4990791897	372368.155616943	232	6715	22
XBB	1	2023-08-13	T19I V83A G142D H146Q Q183E V213E G252V G339H R346T L368I S371F S373P S375F T376A D405N R408S K417N N440K V445P G446S N460K S477N T478K E484A F486P F490S Q498R N501Y Y505H D614G H655Y N679K P681H N764K D796Y Q954H N969K	XBB.1.5	0.026567481402763	9677.48856691029	364260.669658503	200	7328	18
XBB	1	2023-08-20	T19I V83A G142D H146Q Q183E V213E G252V G339H R346T L368I S371F S373P S375F T376A D405N R408S K417N N440K V445P G446S N460K S477N T478K E484A F486P F490S Q498R N501Y Y505H D614G H655Y N679K P681H N764K D796Y Q954H N969K	XBB.1.5	0.0182385409167267	4663.36258803498	255687.261899234	152	8182	6
XBB	1	2023-08-27	T19I V83A G142D H146Q Q183E V213E G252V G339H R346T L368I S371F S373P S375F T376A D405N R408S K417N N440K V445P G446S N460K S477N T478K E484A F486P F490S Q498R N501Y Y505H D614G H655Y N679K P681H N764K D796Y Q954H N969K	XBB.1.5	0.0132612966601179	4287.14414585509	323282.425220777	135	10045	9
XBB	1	2023-09-03	T19I V83A G142D H146Q Q183E V213E G252V G339H R346T L368I S371F S373P S375F T376A D405N R408S K417N N440K V445P G446S N460K S477N T478K E484A F486P F490S Q498R N501Y Y505H D614G H655Y N679K P681H N764K D796Y Q954H N969K	XBB.1.5	0.00829315332690453	2560.85073055968	308790.954370976	86	10284	4
XBB	1	2023-09-10	T19I V83A G142D H146Q Q183E V213E G252V G339H R346T L368I S371F S373P S375F T376A D405N R408S K417N N440K V445P G446S N460K S477N T478K E484A F486P F490S Q498R N501Y Y505H D614G H655Y N679K P681H N764K D796Y Q954H N969K	XBB.1.5	0.00610511413909043	1427.87012653899	233880.987973096	69	11233	7
XBB	1	2023-09-17	T19I V83A G142D H146Q Q183E V213E G252V G339H R346T L368I S371F S373P S375F T376A D405N R408S K417N N440K V445P G446S N460K S477N T478K E484A F486P F490S Q498R N501Y Y505H D614G H655Y N679K P681H N764K D796Y Q954H N969K	XBB.1.5	0.00396968603392277	662.358169934641	166854.044444444	44	11040	9
XBB	1	2023-09-24	T19I V83A G142D H146Q Q183E V213E G252V G339H R346T L368I S371F S373P S375F T376A D405N R408S K417N N440K V445P G446S N460K S477N T478K E484A F486P F490S Q498R N501Y Y505H D614G H655Y N679K P681H N764K D796Y Q954H N969K	XBB.1.5	0.00310746655157531	431.792138574284	138953.109038419	36	11549	4
XBB	1	2023-10-01	T19I V83A G142D H146Q Q183E V213E G252V G339H R346T L368I S371F S373P S375F T376A D405N R408S K417N N440K V445P G446S N460K S477N T478K E484A F486P F490S Q498R N501Y Y505H D614G H655Y N679K P681H N764K D796Y Q954H N969K	XBB.1.5	0.00225291409540601	336.977078258697	149573.869214915	23	10186	7
XBB	1	2023-10-08	T19I V83A G142D H146Q Q183E V213E G252V G339H R346T L368I S371F S373P S375F T376A D405N R408S K417N N440K V445P G446S N460K S477N T478K E484A F486P F490S Q498R N501Y Y505H D614G H655Y N679K P681H N764K D796Y Q954H N969K	XBB.1.5	0.00123140071831709	185.161064697882	150366.214623405	12	9733	5
XBB	1	2023-10-15	T19I V83A G142D H146Q Q183E V213E G252V G339H R346T L368I S371F S373P S375F T376A D405N R408S K417N N440K V445P G446S N460K S477N T478K E484A F486P F490S Q498R N501Y Y505H D614G H655Y N679K P681H N764K D796Y Q954H N969K	XBB.1.5	0.00103424500114916	148.063932838231	143161.371506476	9	8693	1
XBB	1	2023-10-22	T19I V83A G142D H146Q Q183E V213E G252V G339H R346T L368I S371F S373P S375F T376A D405N R408S K417N N440K V445P G446S N460K S477N T478K E484A F486P F490S Q498R N501Y Y505H D614G H655Y N679K P681H N764K D796Y Q954H N969K	XBB.1.5	0.000723589001447178	97.6992904606375	135020.419416601	6	8286	1
XBB	1	2023-10-29	T19I V83A G142D H146Q Q183E V213E G252V G339H R346T L368I S371F S373P S375F T376A D405N R408S K417N N440K V445P G446S N460K S477N T478K E484A F486P F490S Q498R N501Y Y505H D614G H655Y N679K P681H N764K D796Y Q954H N969K	XBB.1.5	0.000343524562006183	46.4082428586487	135094.394961526	3	8730	1
XBB	1	2023-11-05	T19I V83A G142D H146Q Q183E V213E G252V G339H R346T L368I S371F S373P S375F T376A D405N R408S K417N N440K V445P G446S N460K S477N T478K E484A F486P F490S Q498R N501Y Y505H D614G H655Y N679K P681H N764K D796Y Q954H N969K	XBB.1.5	0.000237473284255521	33.4882009092877	141018.814029011	2	8420	4
XBB	1	2023-11-12	T19I V83A G142D H146Q Q183E V213E G252V G339H R346T L368I S371F S373P S375F T376A D405N R408S K417N N440K V445P G446S N460K S477N T478K E484A F486P F490S Q498R N501Y Y505H D614G H655Y N679K P681H N764K D796Y Q954H N969K	XBB.1.5	0.000357185379211811	56.8855695133537	159260.632780886	3	8396	0
XBB	1	2023-11-19	T19I V83A G142D H146Q Q183E V213E G252V G339H R346T L368I S371F S373P S375F T376A D405N R408S K417N N440K V445P G446S N460K S477N T478K E484A F486P F490S Q498R N501Y Y505H D614G H655Y N679K P681H N764K D796Y Q954H N969K	XBB.1.5	0.000129853265809635	22.6208534268596	174203.192240245	1	7700	1
XBB	1	2023-11-26	T19I V83A G142D H146Q Q183E V213E G252V G339H R346T L368I S371F S373P S375F T376A D405N R408S K417N N440K V445P G446S N460K S477N T478K E484A F486P F490S Q498R N501Y Y505H D614G H655Y N679K P681H N764K D796Y Q954H N969K	XBB.1.5	0.000137117784176608	25.9830616133813	189494.46834639	1	7292	1
XBB	1	2023-12-03	T19I V83A G142D H146Q Q183E V213E G252V G339H R346T L368I S371F S373P S375F T376A D405N R408S K417N N440K V445P G446S N460K S477N T478K E484A F486P F490S Q498R N501Y Y505H D614G H655Y N679K P681H N764K D796Y Q954H N969K	XBB.1.5	0.000139645300935624	26.8744990375209	192448.287607687	1	7160	2
XBB	1	2023-12-10	T19I V83A G142D H146Q Q183E V213E G252V G339H R346T L368I S371F S373P S375F T376A D405N R408S K417N N440K V445P G446S N460K S477N T478K E484A F486P F490S Q498R N501Y Y505H D614G H655Y N679K P681H N764K D796Y Q954H N969K	XBB.1.5	0	0	187321.905977639	0	6411	0
XBB	1	2023-12-17	T19I V83A G142D H146Q Q183E V213E G252V G339H R346T L368I S371F S373P S375F T376A D405N R408S K417N N440K V445P G446S N460K S477N T478K E484A F486P F490S Q498R N501Y Y505H D614G H655Y N679K P681H N764K D796Y Q954H N969K	XBB.1.5	0	0	163544.104065041	0	5452	2
XBB	1	2023-12-24	T19I V83A G142D H146Q Q183E V213E G252V G339H R346T L368I S371F S373P S375F T376A D405N R408S K417N N440K V445P G446S N460K S477N T478K E484A F486P F490S Q498R N501Y Y505H D614G H655Y N679K P681H N764K D796Y Q954H N969K	XBB.1.5	0	0	124917.42520974	0	3669	2
XBB	1	2023-12-31	T19I V83A G142D H146Q Q183E V213E G252V G339H R346T L368I S371F S373P S375F T376A D405N R408S K417N N440K V445P G446S N460K S477N T478K E484A F486P F490S Q498R N501Y Y505H D614G H655Y N679K P681H N764K D796Y Q954H N969K	XBB.1.5	0.00071301247771836	56.9667504889634	79895.8675607712	2	2803	0
XBB	1	2024-01-07	T19I V83A G142D H146Q Q183E V213E G252V G339H R346T L368I S371F S373P S375F T376A D405N R408S K417N N440K V445P G446S N460K S477N T478K E484A F486P F490S Q498R N501Y Y505H D614G H655Y N679K P681H N764K D796Y Q954H N969K	XBB.1.5	0.000449842555105713	22.8003536693192	50685.1862068965	1	2222	0
XBB	1	2024-01-14	T19I V83A G142D H146Q Q183E V213E G252V G339H R346T L368I S371F S373P S375F T376A D405N R408S K417N N440K V445P G446S N460K S477N T478K E484A F486P F490S Q498R N501Y Y505H D614G H655Y N679K P681H N764K D796Y Q954H N969K	XBB.1.5	0.00264375413086583	82.3684294108306	31155.8584246467	4	1509	1
XBB	1	2024-01-21	T19I V83A G142D H146Q Q183E V213E G252V G339H R346T L368I S371F S373P S375F T376A D405N R408S K417N N440K V445P G446S N460K S477N T478K E484A F486P F490S Q498R N501Y Y505H D614G H655Y N679K P681H N764K D796Y Q954H N969K	XBB.1.5	0.00101626016260163	19.4898969443319	19178.0585932226	1	983	1
XBB	1	2024-01-28	T19I V83A G142D H146Q Q183E V213E G252V G339H R346T L368I S371F S373P S375F T376A D405N R408S K417N N440K V445P G446S N460K S477N T478K E484A F486P F490S Q498R N501Y Y505H D614G H655Y N679K P681H N764K D796Y Q954H N969K	XBB.1.5	0	0	10882.5930482928	0	615	0
XBB	1	2024-02-04	T19I V83A G142D H146Q Q183E V213E G252V G339H R346T L368I S371F S373P S375F T376A D405N R408S K417N N440K V445P G446S N460K S477N T478K E484A F486P F490S Q498R N501Y Y505H D614G H655Y N679K P681H N764K D796Y Q954H N969K	XBB.1.5	0	0	6510.17380257325	0	407	0
XBB	1	2024-02-11	T19I V83A G142D H146Q Q183E V213E G252V G339H R346T L368I S371F S373P S375F T376A D405N R408S K417N N440K V445P G446S N460K S477N T478K E484A F486P F490S Q498R N501Y Y505H D614G H655Y N679K P681H N764K D796Y Q954H N969K	XBB.1.5	0	0	4833.86124432508	0	292	0
XBB	1	2024-02-18	T19I V83A G142D H146Q Q183E V213E G252V G339H R346T L368I S371F S373P S375F T376A D405N R408S K417N N440K V445P G446S N460K S477N T478K E484A F486P F490S Q498R N501Y Y505H D614G H655Y N679K P681H N764K D796Y Q954H N969K	XBB.1.5	0	0	3350.85758075926	0	183	0
XBB	1	2024-02-25	T19I V83A G142D H146Q Q183E V213E G252V G339H R346T L368I S371F S373P S375F T376A D405N R408S K417N N440K V445P G446S N460K S477N T478K E484A F486P F490S Q498R N501Y Y505H D614G H655Y N679K P681H N764K D796Y Q954H N969K	XBB.1.5	0	0	2013.03574770728	0	100	1
XBB	1	2024-03-03	T19I V83A G142D H146Q Q183E V213E G252V G339H R346T L368I S371F S373P S375F T376A D405N R408S K417N N440K V445P G446S N460K S477N T478K E484A F486P F490S Q498R N501Y Y505H D614G H655Y N679K P681H N764K D796Y Q954H N969K	XBB.1.5	0	0	1300.71333333333	0	52	1
XBB	1	2024-03-10	T19I V83A G142D H146Q Q183E V213E G252V G339H R346T L368I S371F S373P S375F T376A D405N R408S K417N N440K V445P G446S N460K S477N T478K E484A F486P F490S Q498R N501Y Y505H D614G H655Y N679K P681H N764K D796Y Q954H N969K	XBB.1.5	0	0	836.864981637503	0	22	0
XBB	1	2024-03-17	T19I V83A G142D H146Q Q183E V213E G252V G339H R346T L368I S371F S373P S375F T376A D405N R408S K417N N440K V445P G446S N460K S477N T478K E484A F486P F490S Q498R N501Y Y505H D614G H655Y N679K P681H N764K D796Y Q954H N969K	XBB.1.5	0	0	695.683235046335	0	16	1
XBB	1	2024-03-24	T19I V83A G142D H146Q Q183E V213E G252V G339H R346T L368I S371F S373P S375F T376A D405N R408S K417N N440K V445P G446S N460K S477N T478K E484A F486P F490S Q498R N501Y Y505H D614G H655Y N679K P681H N764K D796Y Q954H N969K	XBB.1.5	0	0	572.964285714286	0	6	1
XBB	1	2024-03-31	T19I V83A G142D H146Q Q183E V213E G252V G339H R346T L368I S371F S373P S375F T376A D405N R408S K417N N440K V445P G446S N460K S477N T478K E484A F486P F490S Q498R N501Y Y505H D614G H655Y N679K P681H N764K D796Y Q954H N969K	XBB.1.5	0	0	272.334158415842	0	1	0
