VOC	TopK	Week	Mut	Lineage	Proportion	HaploWeeklyCases	VOCWeeklyCases	HaploCount	OtherCount	PreviousVOCCount
XBB	2	2020-01-12	T19I Q52H V83A G142D H146Q Q183E V213E G252V G339H R346T L368I S371F S373P S375F T376A D405N R408S K417N N440K V445P G446S F456L N460K S477N T478K E484A F486P F490S Q498R N501Y Y505H D614G H655Y N679K P681H N764K D796Y Q954H N969K	EG.5.1.1	0	0	0	0	0	0
XBB	2	2020-01-19	T19I Q52H V83A G142D H146Q Q183E V213E G252V G339H R346T L368I S371F S373P S375F T376A D405N R408S K417N N440K V445P G446S F456L N460K S477N T478K E484A F486P F490S Q498R N501Y Y505H D614G H655Y N679K P681H N764K D796Y Q954H N969K	EG.5.1.1	0	0	0	0	0	0
XBB	2	2020-01-26	T19I Q52H V83A G142D H146Q Q183E V213E G252V G339H R346T L368I S371F S373P S375F T376A D405N R408S K417N N440K V445P G446S F456L N460K S477N T478K E484A F486P F490S Q498R N501Y Y505H D614G H655Y N679K P681H N764K D796Y Q954H N969K	EG.5.1.1	0	0	0	0	0	0
XBB	2	2020-02-02	T19I Q52H V83A G142D H146Q Q183E V213E G252V G339H R346T L368I S371F S373P S375F T376A D405N R408S K417N N440K V445P G446S F456L N460K S477N T478K E484A F486P F490S Q498R N501Y Y505H D614G H655Y N679K P681H N764K D796Y Q954H N969K	EG.5.1.1	0	0	0	0	0	0
XBB	2	2020-02-09	T19I Q52H V83A G142D H146Q Q183E V213E G252V G339H R346T L368I S371F S373P S375F T376A D405N R408S K417N N440K V445P G446S F456L N460K S477N T478K E484A F486P F490S Q498R N501Y Y505H D614G H655Y N679K P681H N764K D796Y Q954H N969K	EG.5.1.1	0	0	0	0	0	0
XBB	2	2020-02-16	T19I Q52H V83A G142D H146Q Q183E V213E G252V G339H R346T L368I S371F S373P S375F T376A D405N R408S K417N N440K V445P G446S F456L N460K S477N T478K E484A F486P F490S Q498R N501Y Y505H D614G H655Y N679K P681H N764K D796Y Q954H N969K	EG.5.1.1	0	0	0	0	0	0
XBB	2	2020-02-23	T19I Q52H V83A G142D H146Q Q183E V213E G252V G339H R346T L368I S371F S373P S375F T376A D405N R408S K417N N440K V445P G446S F456L N460K S477N T478K E484A F486P F490S Q498R N501Y Y505H D614G H655Y N679K P681H N764K D796Y Q954H N969K	EG.5.1.1	0	0	0	0	0	0
XBB	2	2020-03-01	T19I Q52H V83A G142D H146Q Q183E V213E G252V G339H R346T L368I S371F S373P S375F T376A D405N R408S K417N N440K V445P G446S F456L N460K S477N T478K E484A F486P F490S Q498R N501Y Y505H D614G H655Y N679K P681H N764K D796Y Q954H N969K	EG.5.1.1	0	0	0	0	0	0
XBB	2	2020-03-08	T19I Q52H V83A G142D H146Q Q183E V213E G252V G339H R346T L368I S371F S373P S375F T376A D405N R408S K417N N440K V445P G446S F456L N460K S477N T478K E484A F486P F490S Q498R N501Y Y505H D614G H655Y N679K P681H N764K D796Y Q954H N969K	EG.5.1.1	0	0	0	0	0	0
XBB	2	2020-03-15	T19I Q52H V83A G142D H146Q Q183E V213E G252V G339H R346T L368I S371F S373P S375F T376A D405N R408S K417N N440K V445P G446S F456L N460K S477N T478K E484A F486P F490S Q498R N501Y Y505H D614G H655Y N679K P681H N764K D796Y Q954H N969K	EG.5.1.1	0	0	0	0	0	0
XBB	2	2020-03-22	T19I Q52H V83A G142D H146Q Q183E V213E G252V G339H R346T L368I S371F S373P S375F T376A D405N R408S K417N N440K V445P G446S F456L N460K S477N T478K E484A F486P F490S Q498R N501Y Y505H D614G H655Y N679K P681H N764K D796Y Q954H N969K	EG.5.1.1	0	0	0	0	0	0
XBB	2	2020-03-29	T19I Q52H V83A G142D H146Q Q183E V213E G252V G339H R346T L368I S371F S373P S375F T376A D405N R408S K417N N440K V445P G446S F456L N460K S477N T478K E484A F486P F490S Q498R N501Y Y505H D614G H655Y N679K P681H N764K D796Y Q954H N969K	EG.5.1.1	0	0	0	0	0	0
XBB	2	2020-04-05	T19I Q52H V83A G142D H146Q Q183E V213E G252V G339H R346T L368I S371F S373P S375F T376A D405N R408S K417N N440K V445P G446S F456L N460K S477N T478K E484A F486P F490S Q498R N501Y Y505H D614G H655Y N679K P681H N764K D796Y Q954H N969K	EG.5.1.1	0	0	0	0	0	0
XBB	2	2020-04-12	T19I Q52H V83A G142D H146Q Q183E V213E G252V G339H R346T L368I S371F S373P S375F T376A D405N R408S K417N N440K V445P G446S F456L N460K S477N T478K E484A F486P F490S Q498R N501Y Y505H D614G H655Y N679K P681H N764K D796Y Q954H N969K	EG.5.1.1	0	0	0	0	0	0
XBB	2	2020-04-19	T19I Q52H V83A G142D H146Q Q183E V213E G252V G339H R346T L368I S371F S373P S375F T376A D405N R408S K417N N440K V445P G446S F456L N460K S477N T478K E484A F486P F490S Q498R N501Y Y505H D614G H655Y N679K P681H N764K D796Y Q954H N969K	EG.5.1.1	0	0	0	0	0	0
XBB	2	2020-04-26	T19I Q52H V83A G142D H146Q Q183E V213E G252V G339H R346T L368I S371F S373P S375F T376A D405N R408S K417N N440K V445P G446S F456L N460K S477N T478K E484A F486P F490S Q498R N501Y Y505H D614G H655Y N679K P681H N764K D796Y Q954H N969K	EG.5.1.1	0	0	0	0	0	0
XBB	2	2020-05-03	T19I Q52H V83A G142D H146Q Q183E V213E G252V G339H R346T L368I S371F S373P S375F T376A D405N R408S K417N N440K V445P G446S F456L N460K S477N T478K E484A F486P F490S Q498R N501Y Y505H D614G H655Y N679K P681H N764K D796Y Q954H N969K	EG.5.1.1	0	0	0	0	0	0
XBB	2	2020-05-10	T19I Q52H V83A G142D H146Q Q183E V213E G252V G339H R346T L368I S371F S373P S375F T376A D405N R408S K417N N440K V445P G446S F456L N460K S477N T478K E484A F486P F490S Q498R N501Y Y505H D614G H655Y N679K P681H N764K D796Y Q954H N969K	EG.5.1.1	0	0	0	0	0	0
XBB	2	2020-05-17	T19I Q52H V83A G142D H146Q Q183E V213E G252V G339H R346T L368I S371F S373P S375F T376A D405N R408S K417N N440K V445P G446S F456L N460K S477N T478K E484A F486P F490S Q498R N501Y Y505H D614G H655Y N679K P681H N764K D796Y Q954H N969K	EG.5.1.1	0	0	0	0	0	0
XBB	2	2020-05-24	T19I Q52H V83A G142D H146Q Q183E V213E G252V G339H R346T L368I S371F S373P S375F T376A D405N R408S K417N N440K V445P G446S F456L N460K S477N T478K E484A F486P F490S Q498R N501Y Y505H D614G H655Y N679K P681H N764K D796Y Q954H N969K	EG.5.1.1	0	0	0	0	0	0
XBB	2	2020-05-31	T19I Q52H V83A G142D H146Q Q183E V213E G252V G339H R346T L368I S371F S373P S375F T376A D405N R408S K417N N440K V445P G446S F456L N460K S477N T478K E484A F486P F490S Q498R N501Y Y505H D614G H655Y N679K P681H N764K D796Y Q954H N969K	EG.5.1.1	0	0	0	0	0	0
XBB	2	2020-06-07	T19I Q52H V83A G142D H146Q Q183E V213E G252V G339H R346T L368I S371F S373P S375F T376A D405N R408S K417N N440K V445P G446S F456L N460K S477N T478K E484A F486P F490S Q498R N501Y Y505H D614G H655Y N679K P681H N764K D796Y Q954H N969K	EG.5.1.1	0	0	0	0	0	0
XBB	2	2020-06-14	T19I Q52H V83A G142D H146Q Q183E V213E G252V G339H R346T L368I S371F S373P S375F T376A D405N R408S K417N N440K V445P G446S F456L N460K S477N T478K E484A F486P F490S Q498R N501Y Y505H D614G H655Y N679K P681H N764K D796Y Q954H N969K	EG.5.1.1	0	0	0	0	0	0
XBB	2	2020-06-21	T19I Q52H V83A G142D H146Q Q183E V213E G252V G339H R346T L368I S371F S373P S375F T376A D405N R408S K417N N440K V445P G446S F456L N460K S477N T478K E484A F486P F490S Q498R N501Y Y505H D614G H655Y N679K P681H N764K D796Y Q954H N969K	EG.5.1.1	0	0	0	0	0	0
XBB	2	2020-06-28	T19I Q52H V83A G142D H146Q Q183E V213E G252V G339H R346T L368I S371F S373P S375F T376A D405N R408S K417N N440K V445P G446S F456L N460K S477N T478K E484A F486P F490S Q498R N501Y Y505H D614G H655Y N679K P681H N764K D796Y Q954H N969K	EG.5.1.1	0	0	0	0	0	0
XBB	2	2020-07-05	T19I Q52H V83A G142D H146Q Q183E V213E G252V G339H R346T L368I S371F S373P S375F T376A D405N R408S K417N N440K V445P G446S F456L N460K S477N T478K E484A F486P F490S Q498R N501Y Y505H D614G H655Y N679K P681H N764K D796Y Q954H N969K	EG.5.1.1	0	0	0	0	0	0
XBB	2	2020-07-12	T19I Q52H V83A G142D H146Q Q183E V213E G252V G339H R346T L368I S371F S373P S375F T376A D405N R408S K417N N440K V445P G446S F456L N460K S477N T478K E484A F486P F490S Q498R N501Y Y505H D614G H655Y N679K P681H N764K D796Y Q954H N969K	EG.5.1.1	0	0	0	0	0	0
XBB	2	2020-07-19	T19I Q52H V83A G142D H146Q Q183E V213E G252V G339H R346T L368I S371F S373P S375F T376A D405N R408S K417N N440K V445P G446S F456L N460K S477N T478K E484A F486P F490S Q498R N501Y Y505H D614G H655Y N679K P681H N764K D796Y Q954H N969K	EG.5.1.1	0	0	0	0	0	0
XBB	2	2020-07-26	T19I Q52H V83A G142D H146Q Q183E V213E G252V G339H R346T L368I S371F S373P S375F T376A D405N R408S K417N N440K V445P G446S F456L N460K S477N T478K E484A F486P F490S Q498R N501Y Y505H D614G H655Y N679K P681H N764K D796Y Q954H N969K	EG.5.1.1	0	0	0	0	0	0
XBB	2	2020-08-02	T19I Q52H V83A G142D H146Q Q183E V213E G252V G339H R346T L368I S371F S373P S375F T376A D405N R408S K417N N440K V445P G446S F456L N460K S477N T478K E484A F486P F490S Q498R N501Y Y505H D614G H655Y N679K P681H N764K D796Y Q954H N969K	EG.5.1.1	0	0	0	0	0	0
XBB	2	2020-08-09	T19I Q52H V83A G142D H146Q Q183E V213E G252V G339H R346T L368I S371F S373P S375F T376A D405N R408S K417N N440K V445P G446S F456L N460K S477N T478K E484A F486P F490S Q498R N501Y Y505H D614G H655Y N679K P681H N764K D796Y Q954H N969K	EG.5.1.1	0	0	0	0	0	0
XBB	2	2020-08-16	T19I Q52H V83A G142D H146Q Q183E V213E G252V G339H R346T L368I S371F S373P S375F T376A D405N R408S K417N N440K V445P G446S F456L N460K S477N T478K E484A F486P F490S Q498R N501Y Y505H D614G H655Y N679K P681H N764K D796Y Q954H N969K	EG.5.1.1	0	0	0	0	0	0
XBB	2	2020-08-23	T19I Q52H V83A G142D H146Q Q183E V213E G252V G339H R346T L368I S371F S373P S375F T376A D405N R408S K417N N440K V445P G446S F456L N460K S477N T478K E484A F486P F490S Q498R N501Y Y505H D614G H655Y N679K P681H N764K D796Y Q954H N969K	EG.5.1.1	0	0	0	0	0	0
XBB	2	2020-08-30	T19I Q52H V83A G142D H146Q Q183E V213E G252V G339H R346T L368I S371F S373P S375F T376A D405N R408S K417N N440K V445P G446S F456L N460K S477N T478K E484A F486P F490S Q498R N501Y Y505H D614G H655Y N679K P681H N764K D796Y Q954H N969K	EG.5.1.1	0	0	0	0	0	0
XBB	2	2020-09-06	T19I Q52H V83A G142D H146Q Q183E V213E G252V G339H R346T L368I S371F S373P S375F T376A D405N R408S K417N N440K V445P G446S F456L N460K S477N T478K E484A F486P F490S Q498R N501Y Y505H D614G H655Y N679K P681H N764K D796Y Q954H N969K	EG.5.1.1	0	0	0	0	0	0
XBB	2	2020-09-13	T19I Q52H V83A G142D H146Q Q183E V213E G252V G339H R346T L368I S371F S373P S375F T376A D405N R408S K417N N440K V445P G446S F456L N460K S477N T478K E484A F486P F490S Q498R N501Y Y505H D614G H655Y N679K P681H N764K D796Y Q954H N969K	EG.5.1.1	0	0	0	0	0	0
XBB	2	2020-09-20	T19I Q52H V83A G142D H146Q Q183E V213E G252V G339H R346T L368I S371F S373P S375F T376A D405N R408S K417N N440K V445P G446S F456L N460K S477N T478K E484A F486P F490S Q498R N501Y Y505H D614G H655Y N679K P681H N764K D796Y Q954H N969K	EG.5.1.1	0	0	0	0	0	0
XBB	2	2020-09-27	T19I Q52H V83A G142D H146Q Q183E V213E G252V G339H R346T L368I S371F S373P S375F T376A D405N R408S K417N N440K V445P G446S F456L N460K S477N T478K E484A F486P F490S Q498R N501Y Y505H D614G H655Y N679K P681H N764K D796Y Q954H N969K	EG.5.1.1	0	0	0	0	0	0
XBB	2	2020-10-04	T19I Q52H V83A G142D H146Q Q183E V213E G252V G339H R346T L368I S371F S373P S375F T376A D405N R408S K417N N440K V445P G446S F456L N460K S477N T478K E484A F486P F490S Q498R N501Y Y505H D614G H655Y N679K P681H N764K D796Y Q954H N969K	EG.5.1.1	0	0	0	0	0	0
XBB	2	2020-10-11	T19I Q52H V83A G142D H146Q Q183E V213E G252V G339H R346T L368I S371F S373P S375F T376A D405N R408S K417N N440K V445P G446S F456L N460K S477N T478K E484A F486P F490S Q498R N501Y Y505H D614G H655Y N679K P681H N764K D796Y Q954H N969K	EG.5.1.1	0	0	0	0	0	0
XBB	2	2020-10-18	T19I Q52H V83A G142D H146Q Q183E V213E G252V G339H R346T L368I S371F S373P S375F T376A D405N R408S K417N N440K V445P G446S F456L N460K S477N T478K E484A F486P F490S Q498R N501Y Y505H D614G H655Y N679K P681H N764K D796Y Q954H N969K	EG.5.1.1	0	0	0	0	0	0
XBB	2	2020-10-25	T19I Q52H V83A G142D H146Q Q183E V213E G252V G339H R346T L368I S371F S373P S375F T376A D405N R408S K417N N440K V445P G446S F456L N460K S477N T478K E484A F486P F490S Q498R N501Y Y505H D614G H655Y N679K P681H N764K D796Y Q954H N969K	EG.5.1.1	0	0	0	0	0	0
XBB	2	2020-11-01	T19I Q52H V83A G142D H146Q Q183E V213E G252V G339H R346T L368I S371F S373P S375F T376A D405N R408S K417N N440K V445P G446S F456L N460K S477N T478K E484A F486P F490S Q498R N501Y Y505H D614G H655Y N679K P681H N764K D796Y Q954H N969K	EG.5.1.1	0	0	0	0	0	0
XBB	2	2020-11-08	T19I Q52H V83A G142D H146Q Q183E V213E G252V G339H R346T L368I S371F S373P S375F T376A D405N R408S K417N N440K V445P G446S F456L N460K S477N T478K E484A F486P F490S Q498R N501Y Y505H D614G H655Y N679K P681H N764K D796Y Q954H N969K	EG.5.1.1	0	0	0	0	0	0
XBB	2	2020-11-15	T19I Q52H V83A G142D H146Q Q183E V213E G252V G339H R346T L368I S371F S373P S375F T376A D405N R408S K417N N440K V445P G446S F456L N460K S477N T478K E484A F486P F490S Q498R N501Y Y505H D614G H655Y N679K P681H N764K D796Y Q954H N969K	EG.5.1.1	0	0	0	0	0	0
XBB	2	2020-11-22	T19I Q52H V83A G142D H146Q Q183E V213E G252V G339H R346T L368I S371F S373P S375F T376A D405N R408S K417N N440K V445P G446S F456L N460K S477N T478K E484A F486P F490S Q498R N501Y Y505H D614G H655Y N679K P681H N764K D796Y Q954H N969K	EG.5.1.1	0	0	0	0	0	0
XBB	2	2020-11-29	T19I Q52H V83A G142D H146Q Q183E V213E G252V G339H R346T L368I S371F S373P S375F T376A D405N R408S K417N N440K V445P G446S F456L N460K S477N T478K E484A F486P F490S Q498R N501Y Y505H D614G H655Y N679K P681H N764K D796Y Q954H N969K	EG.5.1.1	0	0	0	0	0	0
XBB	2	2020-12-06	T19I Q52H V83A G142D H146Q Q183E V213E G252V G339H R346T L368I S371F S373P S375F T376A D405N R408S K417N N440K V445P G446S F456L N460K S477N T478K E484A F486P F490S Q498R N501Y Y505H D614G H655Y N679K P681H N764K D796Y Q954H N969K	EG.5.1.1	0	0	0	0	0	0
XBB	2	2020-12-13	T19I Q52H V83A G142D H146Q Q183E V213E G252V G339H R346T L368I S371F S373P S375F T376A D405N R408S K417N N440K V445P G446S F456L N460K S477N T478K E484A F486P F490S Q498R N501Y Y505H D614G H655Y N679K P681H N764K D796Y Q954H N969K	EG.5.1.1	0	0	0	0	0	0
XBB	2	2020-12-20	T19I Q52H V83A G142D H146Q Q183E V213E G252V G339H R346T L368I S371F S373P S375F T376A D405N R408S K417N N440K V445P G446S F456L N460K S477N T478K E484A F486P F490S Q498R N501Y Y505H D614G H655Y N679K P681H N764K D796Y Q954H N969K	EG.5.1.1	0	0	0	0	0	0
XBB	2	2020-12-27	T19I Q52H V83A G142D H146Q Q183E V213E G252V G339H R346T L368I S371F S373P S375F T376A D405N R408S K417N N440K V445P G446S F456L N460K S477N T478K E484A F486P F490S Q498R N501Y Y505H D614G H655Y N679K P681H N764K D796Y Q954H N969K	EG.5.1.1	0	0	0	0	0	0
XBB	2	2021-01-03	T19I Q52H V83A G142D H146Q Q183E V213E G252V G339H R346T L368I S371F S373P S375F T376A D405N R408S K417N N440K V445P G446S F456L N460K S477N T478K E484A F486P F490S Q498R N501Y Y505H D614G H655Y N679K P681H N764K D796Y Q954H N969K	EG.5.1.1	0	0	0	0	0	0
XBB	2	2021-01-10	T19I Q52H V83A G142D H146Q Q183E V213E G252V G339H R346T L368I S371F S373P S375F T376A D405N R408S K417N N440K V445P G446S F456L N460K S477N T478K E484A F486P F490S Q498R N501Y Y505H D614G H655Y N679K P681H N764K D796Y Q954H N969K	EG.5.1.1	0	0	0	0	0	0
XBB	2	2021-01-17	T19I Q52H V83A G142D H146Q Q183E V213E G252V G339H R346T L368I S371F S373P S375F T376A D405N R408S K417N N440K V445P G446S F456L N460K S477N T478K E484A F486P F490S Q498R N501Y Y505H D614G H655Y N679K P681H N764K D796Y Q954H N969K	EG.5.1.1	0	0	0	0	0	0
XBB	2	2021-01-24	T19I Q52H V83A G142D H146Q Q183E V213E G252V G339H R346T L368I S371F S373P S375F T376A D405N R408S K417N N440K V445P G446S F456L N460K S477N T478K E484A F486P F490S Q498R N501Y Y505H D614G H655Y N679K P681H N764K D796Y Q954H N969K	EG.5.1.1	0	0	0	0	0	0
XBB	2	2021-01-31	T19I Q52H V83A G142D H146Q Q183E V213E G252V G339H R346T L368I S371F S373P S375F T376A D405N R408S K417N N440K V445P G446S F456L N460K S477N T478K E484A F486P F490S Q498R N501Y Y505H D614G H655Y N679K P681H N764K D796Y Q954H N969K	EG.5.1.1	0	0	0	0	0	0
XBB	2	2021-02-07	T19I Q52H V83A G142D H146Q Q183E V213E G252V G339H R346T L368I S371F S373P S375F T376A D405N R408S K417N N440K V445P G446S F456L N460K S477N T478K E484A F486P F490S Q498R N501Y Y505H D614G H655Y N679K P681H N764K D796Y Q954H N969K	EG.5.1.1	0	0	0	0	0	0
XBB	2	2021-02-14	T19I Q52H V83A G142D H146Q Q183E V213E G252V G339H R346T L368I S371F S373P S375F T376A D405N R408S K417N N440K V445P G446S F456L N460K S477N T478K E484A F486P F490S Q498R N501Y Y505H D614G H655Y N679K P681H N764K D796Y Q954H N969K	EG.5.1.1	0	0	0	0	0	0
XBB	2	2021-02-21	T19I Q52H V83A G142D H146Q Q183E V213E G252V G339H R346T L368I S371F S373P S375F T376A D405N R408S K417N N440K V445P G446S F456L N460K S477N T478K E484A F486P F490S Q498R N501Y Y505H D614G H655Y N679K P681H N764K D796Y Q954H N969K	EG.5.1.1	0	0	0	0	0	0
XBB	2	2021-02-28	T19I Q52H V83A G142D H146Q Q183E V213E G252V G339H R346T L368I S371F S373P S375F T376A D405N R408S K417N N440K V445P G446S F456L N460K S477N T478K E484A F486P F490S Q498R N501Y Y505H D614G H655Y N679K P681H N764K D796Y Q954H N969K	EG.5.1.1	0	0	0	0	0	0
XBB	2	2021-03-07	T19I Q52H V83A G142D H146Q Q183E V213E G252V G339H R346T L368I S371F S373P S375F T376A D405N R408S K417N N440K V445P G446S F456L N460K S477N T478K E484A F486P F490S Q498R N501Y Y505H D614G H655Y N679K P681H N764K D796Y Q954H N969K	EG.5.1.1	0	0	0	0	0	1
XBB	2	2021-03-14	T19I Q52H V83A G142D H146Q Q183E V213E G252V G339H R346T L368I S371F S373P S375F T376A D405N R408S K417N N440K V445P G446S F456L N460K S477N T478K E484A F486P F490S Q498R N501Y Y505H D614G H655Y N679K P681H N764K D796Y Q954H N969K	EG.5.1.1	0	0	0	0	0	0
XBB	2	2021-03-21	T19I Q52H V83A G142D H146Q Q183E V213E G252V G339H R346T L368I S371F S373P S375F T376A D405N R408S K417N N440K V445P G446S F456L N460K S477N T478K E484A F486P F490S Q498R N501Y Y505H D614G H655Y N679K P681H N764K D796Y Q954H N969K	EG.5.1.1	0	0	0	0	0	0
XBB	2	2021-03-28	T19I Q52H V83A G142D H146Q Q183E V213E G252V G339H R346T L368I S371F S373P S375F T376A D405N R408S K417N N440K V445P G446S F456L N460K S477N T478K E484A F486P F490S Q498R N501Y Y505H D614G H655Y N679K P681H N764K D796Y Q954H N969K	EG.5.1.1	0	0	0	0	0	0
XBB	2	2021-04-04	T19I Q52H V83A G142D H146Q Q183E V213E G252V G339H R346T L368I S371F S373P S375F T376A D405N R408S K417N N440K V445P G446S F456L N460K S477N T478K E484A F486P F490S Q498R N501Y Y505H D614G H655Y N679K P681H N764K D796Y Q954H N969K	EG.5.1.1	0	0	0	0	0	0
XBB	2	2021-04-11	T19I Q52H V83A G142D H146Q Q183E V213E G252V G339H R346T L368I S371F S373P S375F T376A D405N R408S K417N N440K V445P G446S F456L N460K S477N T478K E484A F486P F490S Q498R N501Y Y505H D614G H655Y N679K P681H N764K D796Y Q954H N969K	EG.5.1.1	0	0	0	0	0	0
XBB	2	2021-04-18	T19I Q52H V83A G142D H146Q Q183E V213E G252V G339H R346T L368I S371F S373P S375F T376A D405N R408S K417N N440K V445P G446S F456L N460K S477N T478K E484A F486P F490S Q498R N501Y Y505H D614G H655Y N679K P681H N764K D796Y Q954H N969K	EG.5.1.1	0	0	0	0	0	0
XBB	2	2021-04-25	T19I Q52H V83A G142D H146Q Q183E V213E G252V G339H R346T L368I S371F S373P S375F T376A D405N R408S K417N N440K V445P G446S F456L N460K S477N T478K E484A F486P F490S Q498R N501Y Y505H D614G H655Y N679K P681H N764K D796Y Q954H N969K	EG.5.1.1	0	0	0	0	0	0
XBB	2	2021-05-02	T19I Q52H V83A G142D H146Q Q183E V213E G252V G339H R346T L368I S371F S373P S375F T376A D405N R408S K417N N440K V445P G446S F456L N460K S477N T478K E484A F486P F490S Q498R N501Y Y505H D614G H655Y N679K P681H N764K D796Y Q954H N969K	EG.5.1.1	0	0	0	0	0	0
XBB	2	2021-05-09	T19I Q52H V83A G142D H146Q Q183E V213E G252V G339H R346T L368I S371F S373P S375F T376A D405N R408S K417N N440K V445P G446S F456L N460K S477N T478K E484A F486P F490S Q498R N501Y Y505H D614G H655Y N679K P681H N764K D796Y Q954H N969K	EG.5.1.1	0	0	0	0	0	0
XBB	2	2021-05-16	T19I Q52H V83A G142D H146Q Q183E V213E G252V G339H R346T L368I S371F S373P S375F T376A D405N R408S K417N N440K V445P G446S F456L N460K S477N T478K E484A F486P F490S Q498R N501Y Y505H D614G H655Y N679K P681H N764K D796Y Q954H N969K	EG.5.1.1	0	0	0	0	0	0
XBB	2	2021-05-23	T19I Q52H V83A G142D H146Q Q183E V213E G252V G339H R346T L368I S371F S373P S375F T376A D405N R408S K417N N440K V445P G446S F456L N460K S477N T478K E484A F486P F490S Q498R N501Y Y505H D614G H655Y N679K P681H N764K D796Y Q954H N969K	EG.5.1.1	0	0	0	0	0	0
XBB	2	2021-05-30	T19I Q52H V83A G142D H146Q Q183E V213E G252V G339H R346T L368I S371F S373P S375F T376A D405N R408S K417N N440K V445P G446S F456L N460K S477N T478K E484A F486P F490S Q498R N501Y Y505H D614G H655Y N679K P681H N764K D796Y Q954H N969K	EG.5.1.1	0	0	0	0	0	0
XBB	2	2021-06-06	T19I Q52H V83A G142D H146Q Q183E V213E G252V G339H R346T L368I S371F S373P S375F T376A D405N R408S K417N N440K V445P G446S F456L N460K S477N T478K E484A F486P F490S Q498R N501Y Y505H D614G H655Y N679K P681H N764K D796Y Q954H N969K	EG.5.1.1	0	0	0	0	0	0
XBB	2	2021-06-13	T19I Q52H V83A G142D H146Q Q183E V213E G252V G339H R346T L368I S371F S373P S375F T376A D405N R408S K417N N440K V445P G446S F456L N460K S477N T478K E484A F486P F490S Q498R N501Y Y505H D614G H655Y N679K P681H N764K D796Y Q954H N969K	EG.5.1.1	0	0	0	0	0	0
XBB	2	2021-06-20	T19I Q52H V83A G142D H146Q Q183E V213E G252V G339H R346T L368I S371F S373P S375F T376A D405N R408S K417N N440K V445P G446S F456L N460K S477N T478K E484A F486P F490S Q498R N501Y Y505H D614G H655Y N679K P681H N764K D796Y Q954H N969K	EG.5.1.1	0	0	0	0	0	0
XBB	2	2021-06-27	T19I Q52H V83A G142D H146Q Q183E V213E G252V G339H R346T L368I S371F S373P S375F T376A D405N R408S K417N N440K V445P G446S F456L N460K S477N T478K E484A F486P F490S Q498R N501Y Y505H D614G H655Y N679K P681H N764K D796Y Q954H N969K	EG.5.1.1	0	0	0	0	0	0
XBB	2	2021-07-04	T19I Q52H V83A G142D H146Q Q183E V213E G252V G339H R346T L368I S371F S373P S375F T376A D405N R408S K417N N440K V445P G446S F456L N460K S477N T478K E484A F486P F490S Q498R N501Y Y505H D614G H655Y N679K P681H N764K D796Y Q954H N969K	EG.5.1.1	0	0	0	0	0	0
XBB	2	2021-07-11	T19I Q52H V83A G142D H146Q Q183E V213E G252V G339H R346T L368I S371F S373P S375F T376A D405N R408S K417N N440K V445P G446S F456L N460K S477N T478K E484A F486P F490S Q498R N501Y Y505H D614G H655Y N679K P681H N764K D796Y Q954H N969K	EG.5.1.1	0	0	0	0	0	0
XBB	2	2021-07-18	T19I Q52H V83A G142D H146Q Q183E V213E G252V G339H R346T L368I S371F S373P S375F T376A D405N R408S K417N N440K V445P G446S F456L N460K S477N T478K E484A F486P F490S Q498R N501Y Y505H D614G H655Y N679K P681H N764K D796Y Q954H N969K	EG.5.1.1	0	0	0	0	0	0
XBB	2	2021-07-25	T19I Q52H V83A G142D H146Q Q183E V213E G252V G339H R346T L368I S371F S373P S375F T376A D405N R408S K417N N440K V445P G446S F456L N460K S477N T478K E484A F486P F490S Q498R N501Y Y505H D614G H655Y N679K P681H N764K D796Y Q954H N969K	EG.5.1.1	0	0	0	0	0	0
XBB	2	2021-08-01	T19I Q52H V83A G142D H146Q Q183E V213E G252V G339H R346T L368I S371F S373P S375F T376A D405N R408S K417N N440K V445P G446S F456L N460K S477N T478K E484A F486P F490S Q498R N501Y Y505H D614G H655Y N679K P681H N764K D796Y Q954H N969K	EG.5.1.1	0	0	0	0	0	0
XBB	2	2021-08-08	T19I Q52H V83A G142D H146Q Q183E V213E G252V G339H R346T L368I S371F S373P S375F T376A D405N R408S K417N N440K V445P G446S F456L N460K S477N T478K E484A F486P F490S Q498R N501Y Y505H D614G H655Y N679K P681H N764K D796Y Q954H N969K	EG.5.1.1	0	0	0	0	0	0
XBB	2	2021-08-15	T19I Q52H V83A G142D H146Q Q183E V213E G252V G339H R346T L368I S371F S373P S375F T376A D405N R408S K417N N440K V445P G446S F456L N460K S477N T478K E484A F486P F490S Q498R N501Y Y505H D614G H655Y N679K P681H N764K D796Y Q954H N969K	EG.5.1.1	0	0	0	0	0	0
XBB	2	2021-08-22	T19I Q52H V83A G142D H146Q Q183E V213E G252V G339H R346T L368I S371F S373P S375F T376A D405N R408S K417N N440K V445P G446S F456L N460K S477N T478K E484A F486P F490S Q498R N501Y Y505H D614G H655Y N679K P681H N764K D796Y Q954H N969K	EG.5.1.1	0	0	0	0	0	0
XBB	2	2021-08-29	T19I Q52H V83A G142D H146Q Q183E V213E G252V G339H R346T L368I S371F S373P S375F T376A D405N R408S K417N N440K V445P G446S F456L N460K S477N T478K E484A F486P F490S Q498R N501Y Y505H D614G H655Y N679K P681H N764K D796Y Q954H N969K	EG.5.1.1	0	0	0	0	0	0
XBB	2	2021-09-05	T19I Q52H V83A G142D H146Q Q183E V213E G252V G339H R346T L368I S371F S373P S375F T376A D405N R408S K417N N440K V445P G446S F456L N460K S477N T478K E484A F486P F490S Q498R N501Y Y505H D614G H655Y N679K P681H N764K D796Y Q954H N969K	EG.5.1.1	0	0	0	0	0	0
XBB	2	2021-09-12	T19I Q52H V83A G142D H146Q Q183E V213E G252V G339H R346T L368I S371F S373P S375F T376A D405N R408S K417N N440K V445P G446S F456L N460K S477N T478K E484A F486P F490S Q498R N501Y Y505H D614G H655Y N679K P681H N764K D796Y Q954H N969K	EG.5.1.1	0	0	0	0	0	0
XBB	2	2021-09-19	T19I Q52H V83A G142D H146Q Q183E V213E G252V G339H R346T L368I S371F S373P S375F T376A D405N R408S K417N N440K V445P G446S F456L N460K S477N T478K E484A F486P F490S Q498R N501Y Y505H D614G H655Y N679K P681H N764K D796Y Q954H N969K	EG.5.1.1	0	0	0	0	0	0
XBB	2	2021-09-26	T19I Q52H V83A G142D H146Q Q183E V213E G252V G339H R346T L368I S371F S373P S375F T376A D405N R408S K417N N440K V445P G446S F456L N460K S477N T478K E484A F486P F490S Q498R N501Y Y505H D614G H655Y N679K P681H N764K D796Y Q954H N969K	EG.5.1.1	0	0	0	0	0	0
XBB	2	2021-10-03	T19I Q52H V83A G142D H146Q Q183E V213E G252V G339H R346T L368I S371F S373P S375F T376A D405N R408S K417N N440K V445P G446S F456L N460K S477N T478K E484A F486P F490S Q498R N501Y Y505H D614G H655Y N679K P681H N764K D796Y Q954H N969K	EG.5.1.1	0	0	0	0	0	0
XBB	2	2021-10-10	T19I Q52H V83A G142D H146Q Q183E V213E G252V G339H R346T L368I S371F S373P S375F T376A D405N R408S K417N N440K V445P G446S F456L N460K S477N T478K E484A F486P F490S Q498R N501Y Y505H D614G H655Y N679K P681H N764K D796Y Q954H N969K	EG.5.1.1	0	0	38.7704085831482	0	1	0
XBB	2	2021-10-17	T19I Q52H V83A G142D H146Q Q183E V213E G252V G339H R346T L368I S371F S373P S375F T376A D405N R408S K417N N440K V445P G446S F456L N460K S477N T478K E484A F486P F490S Q498R N501Y Y505H D614G H655Y N679K P681H N764K D796Y Q954H N969K	EG.5.1.1	0	0	0	0	0	0
XBB	2	2021-10-24	T19I Q52H V83A G142D H146Q Q183E V213E G252V G339H R346T L368I S371F S373P S375F T376A D405N R408S K417N N440K V445P G446S F456L N460K S477N T478K E484A F486P F490S Q498R N501Y Y505H D614G H655Y N679K P681H N764K D796Y Q954H N969K	EG.5.1.1	0	0	0	0	0	0
XBB	2	2021-10-31	T19I Q52H V83A G142D H146Q Q183E V213E G252V G339H R346T L368I S371F S373P S375F T376A D405N R408S K417N N440K V445P G446S F456L N460K S477N T478K E484A F486P F490S Q498R N501Y Y505H D614G H655Y N679K P681H N764K D796Y Q954H N969K	EG.5.1.1	0	0	0	0	0	1
XBB	2	2021-11-07	T19I Q52H V83A G142D H146Q Q183E V213E G252V G339H R346T L368I S371F S373P S375F T376A D405N R408S K417N N440K V445P G446S F456L N460K S477N T478K E484A F486P F490S Q498R N501Y Y505H D614G H655Y N679K P681H N764K D796Y Q954H N969K	EG.5.1.1	0	0	0	0	0	0
XBB	2	2021-11-14	T19I Q52H V83A G142D H146Q Q183E V213E G252V G339H R346T L368I S371F S373P S375F T376A D405N R408S K417N N440K V445P G446S F456L N460K S477N T478K E484A F486P F490S Q498R N501Y Y505H D614G H655Y N679K P681H N764K D796Y Q954H N969K	EG.5.1.1	0	0	0	0	0	0
XBB	2	2021-11-21	T19I Q52H V83A G142D H146Q Q183E V213E G252V G339H R346T L368I S371F S373P S375F T376A D405N R408S K417N N440K V445P G446S F456L N460K S477N T478K E484A F486P F490S Q498R N501Y Y505H D614G H655Y N679K P681H N764K D796Y Q954H N969K	EG.5.1.1	0	0	0	0	0	0
XBB	2	2021-11-28	T19I Q52H V83A G142D H146Q Q183E V213E G252V G339H R346T L368I S371F S373P S375F T376A D405N R408S K417N N440K V445P G446S F456L N460K S477N T478K E484A F486P F490S Q498R N501Y Y505H D614G H655Y N679K P681H N764K D796Y Q954H N969K	EG.5.1.1	0	0	42.9290330310014	0	1	0
XBB	2	2021-12-05	T19I Q52H V83A G142D H146Q Q183E V213E G252V G339H R346T L368I S371F S373P S375F T376A D405N R408S K417N N440K V445P G446S F456L N460K S477N T478K E484A F486P F490S Q498R N501Y Y505H D614G H655Y N679K P681H N764K D796Y Q954H N969K	EG.5.1.1	0	0	0	0	0	2
XBB	2	2021-12-12	T19I Q52H V83A G142D H146Q Q183E V213E G252V G339H R346T L368I S371F S373P S375F T376A D405N R408S K417N N440K V445P G446S F456L N460K S477N T478K E484A F486P F490S Q498R N501Y Y505H D614G H655Y N679K P681H N764K D796Y Q954H N969K	EG.5.1.1	0	0	0	0	0	1
XBB	2	2021-12-19	T19I Q52H V83A G142D H146Q Q183E V213E G252V G339H R346T L368I S371F S373P S375F T376A D405N R408S K417N N440K V445P G446S F456L N460K S477N T478K E484A F486P F490S Q498R N501Y Y505H D614G H655Y N679K P681H N764K D796Y Q954H N969K	EG.5.1.1	0	0	0	0	0	0
XBB	2	2021-12-26	T19I Q52H V83A G142D H146Q Q183E V213E G252V G339H R346T L368I S371F S373P S375F T376A D405N R408S K417N N440K V445P G446S F456L N460K S477N T478K E484A F486P F490S Q498R N501Y Y505H D614G H655Y N679K P681H N764K D796Y Q954H N969K	EG.5.1.1	0	0	0	0	0	0
XBB	2	2022-01-02	T19I Q52H V83A G142D H146Q Q183E V213E G252V G339H R346T L368I S371F S373P S375F T376A D405N R408S K417N N440K V445P G446S F456L N460K S477N T478K E484A F486P F490S Q498R N501Y Y505H D614G H655Y N679K P681H N764K D796Y Q954H N969K	EG.5.1.1	0	0	0	0	0	3
XBB	2	2022-01-09	T19I Q52H V83A G142D H146Q Q183E V213E G252V G339H R346T L368I S371F S373P S375F T376A D405N R408S K417N N440K V445P G446S F456L N460K S477N T478K E484A F486P F490S Q498R N501Y Y505H D614G H655Y N679K P681H N764K D796Y Q954H N969K	EG.5.1.1	0	0	336.441295489474	0	2	11
XBB	2	2022-01-16	T19I Q52H V83A G142D H146Q Q183E V213E G252V G339H R346T L368I S371F S373P S375F T376A D405N R408S K417N N440K V445P G446S F456L N460K S477N T478K E484A F486P F490S Q498R N501Y Y505H D614G H655Y N679K P681H N764K D796Y Q954H N969K	EG.5.1.1	0	0	373.38225088285	0	2	3
XBB	2	2022-01-23	T19I Q52H V83A G142D H146Q Q183E V213E G252V G339H R346T L368I S371F S373P S375F T376A D405N R408S K417N N440K V445P G446S F456L N460K S477N T478K E484A F486P F490S Q498R N501Y Y505H D614G H655Y N679K P681H N764K D796Y Q954H N969K	EG.5.1.1	0	0	0	0	0	2
XBB	2	2022-01-30	T19I Q52H V83A G142D H146Q Q183E V213E G252V G339H R346T L368I S371F S373P S375F T376A D405N R408S K417N N440K V445P G446S F456L N460K S477N T478K E484A F486P F490S Q498R N501Y Y505H D614G H655Y N679K P681H N764K D796Y Q954H N969K	EG.5.1.1	0	0	213.528566001717	0	1	10
XBB	2	2022-02-06	T19I Q52H V83A G142D H146Q Q183E V213E G252V G339H R346T L368I S371F S373P S375F T376A D405N R408S K417N N440K V445P G446S F456L N460K S477N T478K E484A F486P F490S Q498R N501Y Y505H D614G H655Y N679K P681H N764K D796Y Q954H N969K	EG.5.1.1	0	0	185.570080081679	0	1	2
XBB	2	2022-02-13	T19I Q52H V83A G142D H146Q Q183E V213E G252V G339H R346T L368I S371F S373P S375F T376A D405N R408S K417N N440K V445P G446S F456L N460K S477N T478K E484A F486P F490S Q498R N501Y Y505H D614G H655Y N679K P681H N764K D796Y Q954H N969K	EG.5.1.1	0	0	0	0	0	0
XBB	2	2022-02-20	T19I Q52H V83A G142D H146Q Q183E V213E G252V G339H R346T L368I S371F S373P S375F T376A D405N R408S K417N N440K V445P G446S F456L N460K S477N T478K E484A F486P F490S Q498R N501Y Y505H D614G H655Y N679K P681H N764K D796Y Q954H N969K	EG.5.1.1	0	0	361.60367315317	0	3	2
XBB	2	2022-02-27	T19I Q52H V83A G142D H146Q Q183E V213E G252V G339H R346T L368I S371F S373P S375F T376A D405N R408S K417N N440K V445P G446S F456L N460K S477N T478K E484A F486P F490S Q498R N501Y Y505H D614G H655Y N679K P681H N764K D796Y Q954H N969K	EG.5.1.1	0	0	361.651089129748	0	3	1
XBB	2	2022-03-06	T19I Q52H V83A G142D H146Q Q183E V213E G252V G339H R346T L368I S371F S373P S375F T376A D405N R408S K417N N440K V445P G446S F456L N460K S477N T478K E484A F486P F490S Q498R N501Y Y505H D614G H655Y N679K P681H N764K D796Y Q954H N969K	EG.5.1.1	0	0	0	0	0	2
XBB	2	2022-03-13	T19I Q52H V83A G142D H146Q Q183E V213E G252V G339H R346T L368I S371F S373P S375F T376A D405N R408S K417N N440K V445P G446S F456L N460K S477N T478K E484A F486P F490S Q498R N501Y Y505H D614G H655Y N679K P681H N764K D796Y Q954H N969K	EG.5.1.1	0	0	126.971215563447	0	1	2
XBB	2	2022-03-20	T19I Q52H V83A G142D H146Q Q183E V213E G252V G339H R346T L368I S371F S373P S375F T376A D405N R408S K417N N440K V445P G446S F456L N460K S477N T478K E484A F486P F490S Q498R N501Y Y505H D614G H655Y N679K P681H N764K D796Y Q954H N969K	EG.5.1.1	0	0	0	0	0	0
XBB	2	2022-03-27	T19I Q52H V83A G142D H146Q Q183E V213E G252V G339H R346T L368I S371F S373P S375F T376A D405N R408S K417N N440K V445P G446S F456L N460K S477N T478K E484A F486P F490S Q498R N501Y Y505H D614G H655Y N679K P681H N764K D796Y Q954H N969K	EG.5.1.1	0	0	1359.86513546018	0	11	0
XBB	2	2022-04-03	T19I Q52H V83A G142D H146Q Q183E V213E G252V G339H R346T L368I S371F S373P S375F T376A D405N R408S K417N N440K V445P G446S F456L N460K S477N T478K E484A F486P F490S Q498R N501Y Y505H D614G H655Y N679K P681H N764K D796Y Q954H N969K	EG.5.1.1	0	0	624.988601305048	0	5	0
XBB	2	2022-04-10	T19I Q52H V83A G142D H146Q Q183E V213E G252V G339H R346T L368I S371F S373P S375F T376A D405N R408S K417N N440K V445P G446S F456L N460K S477N T478K E484A F486P F490S Q498R N501Y Y505H D614G H655Y N679K P681H N764K D796Y Q954H N969K	EG.5.1.1	0	0	0	0	0	0
XBB	2	2022-04-17	T19I Q52H V83A G142D H146Q Q183E V213E G252V G339H R346T L368I S371F S373P S375F T376A D405N R408S K417N N440K V445P G446S F456L N460K S477N T478K E484A F486P F490S Q498R N501Y Y505H D614G H655Y N679K P681H N764K D796Y Q954H N969K	EG.5.1.1	0	0	195.246944147038	0	2	2
XBB	2	2022-04-24	T19I Q52H V83A G142D H146Q Q183E V213E G252V G339H R346T L368I S371F S373P S375F T376A D405N R408S K417N N440K V445P G446S F456L N460K S477N T478K E484A F486P F490S Q498R N501Y Y505H D614G H655Y N679K P681H N764K D796Y Q954H N969K	EG.5.1.1	0	0	0	0	0	1
XBB	2	2022-05-01	T19I Q52H V83A G142D H146Q Q183E V213E G252V G339H R346T L368I S371F S373P S375F T376A D405N R408S K417N N440K V445P G446S F456L N460K S477N T478K E484A F486P F490S Q498R N501Y Y505H D614G H655Y N679K P681H N764K D796Y Q954H N969K	EG.5.1.1	0	0	0	0	0	1
XBB	2	2022-05-08	T19I Q52H V83A G142D H146Q Q183E V213E G252V G339H R346T L368I S371F S373P S375F T376A D405N R408S K417N N440K V445P G446S F456L N460K S477N T478K E484A F486P F490S Q498R N501Y Y505H D614G H655Y N679K P681H N764K D796Y Q954H N969K	EG.5.1.1	0	0	0	0	0	2
XBB	2	2022-05-15	T19I Q52H V83A G142D H146Q Q183E V213E G252V G339H R346T L368I S371F S373P S375F T376A D405N R408S K417N N440K V445P G446S F456L N460K S477N T478K E484A F486P F490S Q498R N501Y Y505H D614G H655Y N679K P681H N764K D796Y Q954H N969K	EG.5.1.1	0	0	249.963499612875	0	4	1
XBB	2	2022-05-22	T19I Q52H V83A G142D H146Q Q183E V213E G252V G339H R346T L368I S371F S373P S375F T376A D405N R408S K417N N440K V445P G446S F456L N460K S477N T478K E484A F486P F490S Q498R N501Y Y505H D614G H655Y N679K P681H N764K D796Y Q954H N969K	EG.5.1.1	0	0	126.907186896351	0	2	0
XBB	2	2022-05-29	T19I Q52H V83A G142D H146Q Q183E V213E G252V G339H R346T L368I S371F S373P S375F T376A D405N R408S K417N N440K V445P G446S F456L N460K S477N T478K E484A F486P F490S Q498R N501Y Y505H D614G H655Y N679K P681H N764K D796Y Q954H N969K	EG.5.1.1	0	0	0	0	0	1
XBB	2	2022-06-05	T19I Q52H V83A G142D H146Q Q183E V213E G252V G339H R346T L368I S371F S373P S375F T376A D405N R408S K417N N440K V445P G446S F456L N460K S477N T478K E484A F486P F490S Q498R N501Y Y505H D614G H655Y N679K P681H N764K D796Y Q954H N969K	EG.5.1.1	0	0	57.4750389650352	0	1	0
XBB	2	2022-06-12	T19I Q52H V83A G142D H146Q Q183E V213E G252V G339H R346T L368I S371F S373P S375F T376A D405N R408S K417N N440K V445P G446S F456L N460K S477N T478K E484A F486P F490S Q498R N501Y Y505H D614G H655Y N679K P681H N764K D796Y Q954H N969K	EG.5.1.1	0	0	0	0	0	1
XBB	2	2022-06-19	T19I Q52H V83A G142D H146Q Q183E V213E G252V G339H R346T L368I S371F S373P S375F T376A D405N R408S K417N N440K V445P G446S F456L N460K S477N T478K E484A F486P F490S Q498R N501Y Y505H D614G H655Y N679K P681H N764K D796Y Q954H N969K	EG.5.1.1	0	0	131.912800440264	0	2	0
XBB	2	2022-06-26	T19I Q52H V83A G142D H146Q Q183E V213E G252V G339H R346T L368I S371F S373P S375F T376A D405N R408S K417N N440K V445P G446S F456L N460K S477N T478K E484A F486P F490S Q498R N501Y Y505H D614G H655Y N679K P681H N764K D796Y Q954H N969K	EG.5.1.1	0	0	0	0	0	1
XBB	2	2022-07-03	T19I Q52H V83A G142D H146Q Q183E V213E G252V G339H R346T L368I S371F S373P S375F T376A D405N R408S K417N N440K V445P G446S F456L N460K S477N T478K E484A F486P F490S Q498R N501Y Y505H D614G H655Y N679K P681H N764K D796Y Q954H N969K	EG.5.1.1	0	0	79.2496240061186	0	1	0
XBB	2	2022-07-10	T19I Q52H V83A G142D H146Q Q183E V213E G252V G339H R346T L368I S371F S373P S375F T376A D405N R408S K417N N440K V445P G446S F456L N460K S477N T478K E484A F486P F490S Q498R N501Y Y505H D614G H655Y N679K P681H N764K D796Y Q954H N969K	EG.5.1.1	0	0	0	0	0	1
XBB	2	2022-07-17	T19I Q52H V83A G142D H146Q Q183E V213E G252V G339H R346T L368I S371F S373P S375F T376A D405N R408S K417N N440K V445P G446S F456L N460K S477N T478K E484A F486P F490S Q498R N501Y Y505H D614G H655Y N679K P681H N764K D796Y Q954H N969K	EG.5.1.1	0	0	0	0	0	1
XBB	2	2022-07-24	T19I Q52H V83A G142D H146Q Q183E V213E G252V G339H R346T L368I S371F S373P S375F T376A D405N R408S K417N N440K V445P G446S F456L N460K S477N T478K E484A F486P F490S Q498R N501Y Y505H D614G H655Y N679K P681H N764K D796Y Q954H N969K	EG.5.1.1	0	0	103.568870770242	0	1	0
XBB	2	2022-07-31	T19I Q52H V83A G142D H146Q Q183E V213E G252V G339H R346T L368I S371F S373P S375F T376A D405N R408S K417N N440K V445P G446S F456L N460K S477N T478K E484A F486P F490S Q498R N501Y Y505H D614G H655Y N679K P681H N764K D796Y Q954H N969K	EG.5.1.1	0	0	245.417085367867	0	2	24
XBB	2	2022-08-07	T19I Q52H V83A G142D H146Q Q183E V213E G252V G339H R346T L368I S371F S373P S375F T376A D405N R408S K417N N440K V445P G446S F456L N460K S477N T478K E484A F486P F490S Q498R N501Y Y505H D614G H655Y N679K P681H N764K D796Y Q954H N969K	EG.5.1.1	0	0	500.299081326758	0	4	45
XBB	2	2022-08-14	T19I Q52H V83A G142D H146Q Q183E V213E G252V G339H R346T L368I S371F S373P S375F T376A D405N R408S K417N N440K V445P G446S F456L N460K S477N T478K E484A F486P F490S Q498R N501Y Y505H D614G H655Y N679K P681H N764K D796Y Q954H N969K	EG.5.1.1	0	0	387.537437457295	0	3	14
XBB	2	2022-08-21	T19I Q52H V83A G142D H146Q Q183E V213E G252V G339H R346T L368I S371F S373P S375F T376A D405N R408S K417N N440K V445P G446S F456L N460K S477N T478K E484A F486P F490S Q498R N501Y Y505H D614G H655Y N679K P681H N764K D796Y Q954H N969K	EG.5.1.1	0	0	112.711857571291	0	1	31
XBB	2	2022-08-28	T19I Q52H V83A G142D H146Q Q183E V213E G252V G339H R346T L368I S371F S373P S375F T376A D405N R408S K417N N440K V445P G446S F456L N460K S477N T478K E484A F486P F490S Q498R N501Y Y505H D614G H655Y N679K P681H N764K D796Y Q954H N969K	EG.5.1.1	0	0	614.899213438208	0	6	36
XBB	2	2022-09-04	T19I Q52H V83A G142D H146Q Q183E V213E G252V G339H R346T L368I S371F S373P S375F T376A D405N R408S K417N N440K V445P G446S F456L N460K S477N T478K E484A F486P F490S Q498R N501Y Y505H D614G H655Y N679K P681H N764K D796Y Q954H N969K	EG.5.1.1	0	0	484.189691065035	0	5	59
XBB	2	2022-09-11	T19I Q52H V83A G142D H146Q Q183E V213E G252V G339H R346T L368I S371F S373P S375F T376A D405N R408S K417N N440K V445P G446S F456L N460K S477N T478K E484A F486P F490S Q498R N501Y Y505H D614G H655Y N679K P681H N764K D796Y Q954H N969K	EG.5.1.1	0	0	1397.90494411716	0	15	173
XBB	2	2022-09-18	T19I Q52H V83A G142D H146Q Q183E V213E G252V G339H R346T L368I S371F S373P S375F T376A D405N R408S K417N N440K V445P G446S F456L N460K S477N T478K E484A F486P F490S Q498R N501Y Y505H D614G H655Y N679K P681H N764K D796Y Q954H N969K	EG.5.1.1	0	0	2916.27843195707	0	39	386
XBB	2	2022-09-25	T19I Q52H V83A G142D H146Q Q183E V213E G252V G339H R346T L368I S371F S373P S375F T376A D405N R408S K417N N440K V445P G446S F456L N460K S477N T478K E484A F486P F490S Q498R N501Y Y505H D614G H655Y N679K P681H N764K D796Y Q954H N969K	EG.5.1.1	0	0	9107.12439165223	0	111	703
XBB	2	2022-10-02	T19I Q52H V83A G142D H146Q Q183E V213E G252V G339H R346T L368I S371F S373P S375F T376A D405N R408S K417N N440K V445P G446S F456L N460K S477N T478K E484A F486P F490S Q498R N501Y Y505H D614G H655Y N679K P681H N764K D796Y Q954H N969K	EG.5.1.1	0	0	25280.8476112443	0	286	1225
XBB	2	2022-10-09	T19I Q52H V83A G142D H146Q Q183E V213E G252V G339H R346T L368I S371F S373P S375F T376A D405N R408S K417N N440K V445P G446S F456L N460K S477N T478K E484A F486P F490S Q498R N501Y Y505H D614G H655Y N679K P681H N764K D796Y Q954H N969K	EG.5.1.1	0	0	42457.5107773906	0	477	2021
XBB	2	2022-10-16	T19I Q52H V83A G142D H146Q Q183E V213E G252V G339H R346T L368I S371F S373P S375F T376A D405N R408S K417N N440K V445P G446S F456L N460K S477N T478K E484A F486P F490S Q498R N501Y Y505H D614G H655Y N679K P681H N764K D796Y Q954H N969K	EG.5.1.1	0.00204081632653061	86.4527435865556	42361.8443574122	1	489	3042
XBB	2	2022-10-23	T19I Q52H V83A G142D H146Q Q183E V213E G252V G339H R346T L368I S371F S373P S375F T376A D405N R408S K417N N440K V445P G446S F456L N460K S477N T478K E484A F486P F490S Q498R N501Y Y505H D614G H655Y N679K P681H N764K D796Y Q954H N969K	EG.5.1.1	0	0	43576.316611222	0	508	3916
XBB	2	2022-10-30	T19I Q52H V83A G142D H146Q Q183E V213E G252V G339H R346T L368I S371F S373P S375F T376A D405N R408S K417N N440K V445P G446S F456L N460K S477N T478K E484A F486P F490S Q498R N501Y Y505H D614G H655Y N679K P681H N764K D796Y Q954H N969K	EG.5.1.1	0	0	37403.9075481588	0	489	5301
XBB	2	2022-11-06	T19I Q52H V83A G142D H146Q Q183E V213E G252V G339H R346T L368I S371F S373P S375F T376A D405N R408S K417N N440K V445P G446S F456L N460K S477N T478K E484A F486P F490S Q498R N501Y Y505H D614G H655Y N679K P681H N764K D796Y Q954H N969K	EG.5.1.1	0	0	52352.5481554032	0	717	7186
XBB	2	2022-11-13	T19I Q52H V83A G142D H146Q Q183E V213E G252V G339H R346T L368I S371F S373P S375F T376A D405N R408S K417N N440K V445P G446S F456L N460K S477N T478K E484A F486P F490S Q498R N501Y Y505H D614G H655Y N679K P681H N764K D796Y Q954H N969K	EG.5.1.1	0	0	69188.7041271189	0	984	9766
XBB	2	2022-11-20	T19I Q52H V83A G142D H146Q Q183E V213E G252V G339H R346T L368I S371F S373P S375F T376A D405N R408S K417N N440K V445P G446S F456L N460K S477N T478K E484A F486P F490S Q498R N501Y Y505H D614G H655Y N679K P681H N764K D796Y Q954H N969K	EG.5.1.1	0	0	83190.5158240236	0	1080	11556
XBB	2	2022-11-27	T19I Q52H V83A G142D H146Q Q183E V213E G252V G339H R346T L368I S371F S373P S375F T376A D405N R408S K417N N440K V445P G446S F456L N460K S477N T478K E484A F486P F490S Q498R N501Y Y505H D614G H655Y N679K P681H N764K D796Y Q954H N969K	EG.5.1.1	0	0	114930.641712231	0	1381	13511
XBB	2	2022-12-04	T19I Q52H V83A G142D H146Q Q183E V213E G252V G339H R346T L368I S371F S373P S375F T376A D405N R408S K417N N440K V445P G446S F456L N460K S477N T478K E484A F486P F490S Q498R N501Y Y505H D614G H655Y N679K P681H N764K D796Y Q954H N969K	EG.5.1.1	0	0	169163.937710315	0	2225	19200
XBB	2	2022-12-11	T19I Q52H V83A G142D H146Q Q183E V213E G252V G339H R346T L368I S371F S373P S375F T376A D405N R408S K417N N440K V445P G446S F456L N460K S477N T478K E484A F486P F490S Q498R N501Y Y505H D614G H655Y N679K P681H N764K D796Y Q954H N969K	EG.5.1.1	0	0	227641.350454316	0	2585	19591
XBB	2	2022-12-18	T19I Q52H V83A G142D H146Q Q183E V213E G252V G339H R346T L368I S371F S373P S375F T376A D405N R408S K417N N440K V445P G446S F456L N460K S477N T478K E484A F486P F490S Q498R N501Y Y505H D614G H655Y N679K P681H N764K D796Y Q954H N969K	EG.5.1.1	0	0	252392.228449353	0	2721	20600
XBB	2	2022-12-25	T19I Q52H V83A G142D H146Q Q183E V213E G252V G339H R346T L368I S371F S373P S375F T376A D405N R408S K417N N440K V445P G446S F456L N460K S477N T478K E484A F486P F490S Q498R N501Y Y505H D614G H655Y N679K P681H N764K D796Y Q954H N969K	EG.5.1.1	0	0	257933.66205523	0	2680	19789
XBB	2	2023-01-01	T19I Q52H V83A G142D H146Q Q183E V213E G252V G339H R346T L368I S371F S373P S375F T376A D405N R408S K417N N440K V445P G446S F456L N460K S477N T478K E484A F486P F490S Q498R N501Y Y505H D614G H655Y N679K P681H N764K D796Y Q954H N969K	EG.5.1.1	0.000333889816360601	98.7445859872611	295740.035031847	1	2994	18053
XBB	2	2023-01-08	T19I Q52H V83A G142D H146Q Q183E V213E G252V G339H R346T L368I S371F S373P S375F T376A D405N R408S K417N N440K V445P G446S F456L N460K S477N T478K E484A F486P F490S Q498R N501Y Y505H D614G H655Y N679K P681H N764K D796Y Q954H N969K	EG.5.1.1	0	0	339540.285200832	0	3787	15882
XBB	2	2023-01-15	T19I Q52H V83A G142D H146Q Q183E V213E G252V G339H R346T L368I S371F S373P S375F T376A D405N R408S K417N N440K V445P G446S F456L N460K S477N T478K E484A F486P F490S Q498R N501Y Y505H D614G H655Y N679K P681H N764K D796Y Q954H N969K	EG.5.1.1	0.000228519195612431	97.685584486032	427472.117710876	1	4375	11235
XBB	2	2023-01-22	T19I Q52H V83A G142D H146Q Q183E V213E G252V G339H R346T L368I S371F S373P S375F T376A D405N R408S K417N N440K V445P G446S F456L N460K S477N T478K E484A F486P F490S Q498R N501Y Y505H D614G H655Y N679K P681H N764K D796Y Q954H N969K	EG.5.1.1	0	0	464889.043659342	0	5139	8621
XBB	2	2023-01-29	T19I Q52H V83A G142D H146Q Q183E V213E G252V G339H R346T L368I S371F S373P S375F T376A D405N R408S K417N N440K V445P G446S F456L N460K S477N T478K E484A F486P F490S Q498R N501Y Y505H D614G H655Y N679K P681H N764K D796Y Q954H N969K	EG.5.1.1	0	0	472112.433297828	0	6746	7563
XBB	2	2023-02-05	T19I Q52H V83A G142D H146Q Q183E V213E G252V G339H R346T L368I S371F S373P S375F T376A D405N R408S K417N N440K V445P G446S F456L N460K S477N T478K E484A F486P F490S Q498R N501Y Y505H D614G H655Y N679K P681H N764K D796Y Q954H N969K	EG.5.1.1	0.000131423314495992	63.1195823889003	480276.902397143	1	7608	6135
XBB	2	2023-02-12	T19I Q52H V83A G142D H146Q Q183E V213E G252V G339H R346T L368I S371F S373P S375F T376A D405N R408S K417N N440K V445P G446S F456L N460K S477N T478K E484A F486P F490S Q498R N501Y Y505H D614G H655Y N679K P681H N764K D796Y Q954H N969K	EG.5.1.1	0	0	530918.16350426	0	9181	5054
XBB	2	2023-02-19	T19I Q52H V83A G142D H146Q Q183E V213E G252V G339H R346T L368I S371F S373P S375F T376A D405N R408S K417N N440K V445P G446S F456L N460K S477N T478K E484A F486P F490S Q498R N501Y Y505H D614G H655Y N679K P681H N764K D796Y Q954H N969K	EG.5.1.1	0	0	556660.207202851	0	9958	4348
XBB	2	2023-02-26	T19I Q52H V83A G142D H146Q Q183E V213E G252V G339H R346T L368I S371F S373P S375F T376A D405N R408S K417N N440K V445P G446S F456L N460K S477N T478K E484A F486P F490S Q498R N501Y Y505H D614G H655Y N679K P681H N764K D796Y Q954H N969K	EG.5.1.1	0	0	598038.720116332	0	10261	3081
XBB	2	2023-03-05	T19I Q52H V83A G142D H146Q Q183E V213E G252V G339H R346T L368I S371F S373P S375F T376A D405N R408S K417N N440K V445P G446S F456L N460K S477N T478K E484A F486P F490S Q498R N501Y Y505H D614G H655Y N679K P681H N764K D796Y Q954H N969K	EG.5.1.1	8.9903802930864E-05	55.3835757575758	616031.513151515	1	11122	2269
XBB	2	2023-03-12	T19I Q52H V83A G142D H146Q Q183E V213E G252V G339H R346T L368I S371F S373P S375F T376A D405N R408S K417N N440K V445P G446S F456L N460K S477N T478K E484A F486P F490S Q498R N501Y Y505H D614G H655Y N679K P681H N764K D796Y Q954H N969K	EG.5.1.1	0	0	584865.472466451	0	10367	1697
XBB	2	2023-03-19	T19I Q52H V83A G142D H146Q Q183E V213E G252V G339H R346T L368I S371F S373P S375F T376A D405N R408S K417N N440K V445P G446S F456L N460K S477N T478K E484A F486P F490S Q498R N501Y Y505H D614G H655Y N679K P681H N764K D796Y Q954H N969K	EG.5.1.1	0.000101276078590237	57.431430794257	567077.947662494	1	9873	1189
XBB	2	2023-03-26	T19I Q52H V83A G142D H146Q Q183E V213E G252V G339H R346T L368I S371F S373P S375F T376A D405N R408S K417N N440K V445P G446S F456L N460K S477N T478K E484A F486P F490S Q498R N501Y Y505H D614G H655Y N679K P681H N764K D796Y Q954H N969K	EG.5.1.1	0.000105898549189876	59.0942071244594	558026.59787627	1	9442	861
XBB	2	2023-04-02	T19I Q52H V83A G142D H146Q Q183E V213E G252V G339H R346T L368I S371F S373P S375F T376A D405N R408S K417N N440K V445P G446S F456L N460K S477N T478K E484A F486P F490S Q498R N501Y Y505H D614G H655Y N679K P681H N764K D796Y Q954H N969K	EG.5.1.1	0	0	609676.545266143	0	9646	663
XBB	2	2023-04-09	T19I Q52H V83A G142D H146Q Q183E V213E G252V G339H R346T L368I S371F S373P S375F T376A D405N R408S K417N N440K V445P G446S F456L N460K S477N T478K E484A F486P F490S Q498R N501Y Y505H D614G H655Y N679K P681H N764K D796Y Q954H N969K	EG.5.1.1	0.0009000900090009	558.951697752272	620995.336202774	8	8880	436
XBB	2	2023-04-16	T19I Q52H V83A G142D H146Q Q183E V213E G252V G339H R346T L368I S371F S373P S375F T376A D405N R408S K417N N440K V445P G446S F456L N460K S477N T478K E484A F486P F490S Q498R N501Y Y505H D614G H655Y N679K P681H N764K D796Y Q954H N969K	EG.5.1.1	0.000530616576461849	327.090210542493	616434.210788382	5	9418	397
XBB	2	2023-04-23	T19I Q52H V83A G142D H146Q Q183E V213E G252V G339H R346T L368I S371F S373P S375F T376A D405N R408S K417N N440K V445P G446S F456L N460K S477N T478K E484A F486P F490S Q498R N501Y Y505H D614G H655Y N679K P681H N764K D796Y Q954H N969K	EG.5.1.1	0.00134725496800269	829.509975429975	615703.779262899	12	8895	335
XBB	2	2023-04-30	T19I Q52H V83A G142D H146Q Q183E V213E G252V G339H R346T L368I S371F S373P S375F T376A D405N R408S K417N N440K V445P G446S F456L N460K S477N T478K E484A F486P F490S Q498R N501Y Y505H D614G H655Y N679K P681H N764K D796Y Q954H N969K	EG.5.1.1	0.00143884892086331	862.852070617576	599682.189079215	13	9022	248
XBB	2	2023-05-07	T19I Q52H V83A G142D H146Q Q183E V213E G252V G339H R346T L368I S371F S373P S375F T376A D405N R408S K417N N440K V445P G446S F456L N460K S477N T478K E484A F486P F490S Q498R N501Y Y505H D614G H655Y N679K P681H N764K D796Y Q954H N969K	EG.5.1.1	0.000884061631725183	493.31157846611	558005.868327809	7	7911	138
XBB	2	2023-05-14	T19I Q52H V83A G142D H146Q Q183E V213E G252V G339H R346T L368I S371F S373P S375F T376A D405N R408S K417N N440K V445P G446S F456L N460K S477N T478K E484A F486P F490S Q498R N501Y Y505H D614G H655Y N679K P681H N764K D796Y Q954H N969K	EG.5.1.1	0.00312245452077111	1474.46373918829	472213.039254824	23	7343	93
XBB	2	2023-05-21	T19I Q52H V83A G142D H146Q Q183E V213E G252V G339H R346T L368I S371F S373P S375F T376A D405N R408S K417N N440K V445P G446S F456L N460K S477N T478K E484A F486P F490S Q498R N501Y Y505H D614G H655Y N679K P681H N764K D796Y Q954H N969K	EG.5.1.1	0.00369439929067534	1455.1257604649	393873.44084264	25	6742	51
XBB	2	2023-05-28	T19I Q52H V83A G142D H146Q Q183E V213E G252V G339H R346T L368I S371F S373P S375F T376A D405N R408S K417N N440K V445P G446S F456L N460K S477N T478K E484A F486P F490S Q498R N501Y Y505H D614G H655Y N679K P681H N764K D796Y Q954H N969K	EG.5.1.1	0.00651317782490154	2020.91780885781	310281.380792541	43	6559	48
XBB	2	2023-06-04	T19I Q52H V83A G142D H146Q Q183E V213E G252V G339H R346T L368I S371F S373P S375F T376A D405N R408S K417N N440K V445P G446S F456L N460K S477N T478K E484A F486P F490S Q498R N501Y Y505H D614G H655Y N679K P681H N764K D796Y Q954H N969K	EG.5.1.1	0.00999000999000999	2739.97895369814	274271.893265183	60	5946	46
XBB	2	2023-06-11	T19I Q52H V83A G142D H146Q Q183E V213E G252V G339H R346T L368I S371F S373P S375F T376A D405N R408S K417N N440K V445P G446S F456L N460K S477N T478K E484A F486P F490S Q498R N501Y Y505H D614G H655Y N679K P681H N764K D796Y Q954H N969K	EG.5.1.1	0.0110127826941986	2326.77958127499	211279.895906845	56	5029	30
XBB	2	2023-06-18	T19I Q52H V83A G142D H146Q Q183E V213E G252V G339H R346T L368I S371F S373P S375F T376A D405N R408S K417N N440K V445P G446S F456L N460K S477N T478K E484A F486P F490S Q498R N501Y Y505H D614G H655Y N679K P681H N764K D796Y Q954H N969K	EG.5.1.1	0.0287507592630087	5526.09135155372	192206.797079745	142	4797	16
XBB	2	2023-06-25	T19I Q52H V83A G142D H146Q Q183E V213E G252V G339H R346T L368I S371F S373P S375F T376A D405N R408S K417N N440K V445P G446S F456L N460K S477N T478K E484A F486P F490S Q498R N501Y Y505H D614G H655Y N679K P681H N764K D796Y Q954H N969K	EG.5.1.1	0.0335584634867033	5468.70481452249	162960.52459879	159	4579	19
XBB	2	2023-07-02	T19I Q52H V83A G142D H146Q Q183E V213E G252V G339H R346T L368I S371F S373P S375F T376A D405N R408S K417N N440K V445P G446S F456L N460K S477N T478K E484A F486P F490S Q498R N501Y Y505H D614G H655Y N679K P681H N764K D796Y Q954H N969K	EG.5.1.1	0.0487455197132617	8665.22174599594	177764.475524476	204	3981	14
XBB	2	2023-07-09	T19I Q52H V83A G142D H146Q Q183E V213E G252V G339H R346T L368I S371F S373P S375F T376A D405N R408S K417N N440K V445P G446S F456L N460K S477N T478K E484A F486P F490S Q498R N501Y Y505H D614G H655Y N679K P681H N764K D796Y Q954H N969K	EG.5.1.1	0.0712967235809875	12582.5203482046	176481.045919478	309	4025	18
XBB	2	2023-07-16	T19I Q52H V83A G142D H146Q Q183E V213E G252V G339H R346T L368I S371F S373P S375F T376A D405N R408S K417N N440K V445P G446S F456L N460K S477N T478K E484A F486P F490S Q498R N501Y Y505H D614G H655Y N679K P681H N764K D796Y Q954H N969K	EG.5.1.1	0.0840301003344482	16873.290603363	200800.552851962	402	4382	23
XBB	2	2023-07-23	T19I Q52H V83A G142D H146Q Q183E V213E G252V G339H R346T L368I S371F S373P S375F T376A D405N R408S K417N N440K V445P G446S F456L N460K S477N T478K E484A F486P F490S Q498R N501Y Y505H D614G H655Y N679K P681H N764K D796Y Q954H N969K	EG.5.1.1	0.106069772131478	26205.2683714323	247056.893258427	526	4433	13
XBB	2	2023-07-30	T19I Q52H V83A G142D H146Q Q183E V213E G252V G339H R346T L368I S371F S373P S375F T376A D405N R408S K417N N440K V445P G446S F456L N460K S477N T478K E484A F486P F490S Q498R N501Y Y505H D614G H655Y N679K P681H N764K D796Y Q954H N969K	EG.5.1.1	0.116060961313013	47678.4748178138	410805.444642375	693	5278	4
XBB	2	2023-08-06	T19I Q52H V83A G142D H146Q Q183E V213E G252V G339H R346T L368I S371F S373P S375F T376A D405N R408S K417N N440K V445P G446S F456L N460K S477N T478K E484A F486P F490S Q498R N501Y Y505H D614G H655Y N679K P681H N764K D796Y Q954H N969K	EG.5.1.1	0.126529437167123	47115.5331491713	372368.155616943	879	6068	22
XBB	2	2023-08-13	T19I Q52H V83A G142D H146Q Q183E V213E G252V G339H R346T L368I S371F S373P S375F T376A D405N R408S K417N N440K V445P G446S F456L N460K S477N T478K E484A F486P F490S Q498R N501Y Y505H D614G H655Y N679K P681H N764K D796Y Q954H N969K	EG.5.1.1	0.134829968119022	49113.2544770697	364260.669658503	1015	6513	18
XBB	2	2023-08-20	T19I Q52H V83A G142D H146Q Q183E V213E G252V G339H R346T L368I S371F S373P S375F T376A D405N R408S K417N N440K V445P G446S F456L N460K S477N T478K E484A F486P F490S Q498R N501Y Y505H D614G H655Y N679K P681H N764K D796Y Q954H N969K	EG.5.1.1	0.148308135349172	37920.5010448108	255687.261899234	1236	7098	6
XBB	2	2023-08-27	T19I Q52H V83A G142D H146Q Q183E V213E G252V G339H R346T L368I S371F S373P S375F T376A D405N R408S K417N N440K V445P G446S F456L N460K S477N T478K E484A F486P F490S Q498R N501Y Y505H D614G H655Y N679K P681H N764K D796Y Q954H N969K	EG.5.1.1	0.158742632612967	51318.7032570506	323282.425220777	1616	8564	9
XBB	2	2023-09-03	T19I Q52H V83A G142D H146Q Q183E V213E G252V G339H R346T L368I S371F S373P S375F T376A D405N R408S K417N N440K V445P G446S F456L N460K S477N T478K E484A F486P F490S Q498R N501Y Y505H D614G H655Y N679K P681H N764K D796Y Q954H N969K	EG.5.1.1	0.164320154291225	50740.5772659732	308790.954370976	1704	8666	4
XBB	2	2023-09-10	T19I Q52H V83A G142D H146Q Q183E V213E G252V G339H R346T L368I S371F S373P S375F T376A D405N R408S K417N N440K V445P G446S F456L N460K S477N T478K E484A F486P F490S Q498R N501Y Y505H D614G H655Y N679K P681H N764K D796Y Q954H N969K	EG.5.1.1	0.163156963369315	38159.3117875057	233880.987973096	1844	9458	7
XBB	2	2023-09-17	T19I Q52H V83A G142D H146Q Q183E V213E G252V G339H R346T L368I S371F S373P S375F T376A D405N R408S K417N N440K V445P G446S F456L N460K S477N T478K E484A F486P F490S Q498R N501Y Y505H D614G H655Y N679K P681H N764K D796Y Q954H N969K	EG.5.1.1	0.162125586430891	27051.3098039216	166854.044444444	1797	9287	9
XBB	2	2023-09-24	T19I Q52H V83A G142D H146Q Q183E V213E G252V G339H R346T L368I S371F S373P S375F T376A D405N R408S K417N N440K V445P G446S F456L N460K S477N T478K E484A F486P F490S Q498R N501Y Y505H D614G H655Y N679K P681H N764K D796Y Q954H N969K	EG.5.1.1	0.158394475615019	22009.404841217	138953.109038419	1835	9750	4
XBB	2	2023-10-01	T19I Q52H V83A G142D H146Q Q183E V213E G252V G339H R346T L368I S371F S373P S375F T376A D405N R408S K417N N440K V445P G446S F456L N460K S477N T478K E484A F486P F490S Q498R N501Y Y505H D614G H655Y N679K P681H N764K D796Y Q954H N969K	EG.5.1.1	0.139386815554903	20848.6253200924	149573.869214915	1423	8786	7
XBB	2	2023-10-08	T19I Q52H V83A G142D H146Q Q183E V213E G252V G339H R346T L368I S371F S373P S375F T376A D405N R408S K417N N440K V445P G446S F456L N460K S477N T478K E484A F486P F490S Q498R N501Y Y505H D614G H655Y N679K P681H N764K D796Y Q954H N969K	EG.5.1.1	0.126115956900975	18963.5790428081	150366.214623405	1229	8516	5
XBB	2	2023-10-15	T19I Q52H V83A G142D H146Q Q183E V213E G252V G339H R346T L368I S371F S373P S375F T376A D405N R408S K417N N440K V445P G446S F456L N460K S477N T478K E484A F486P F490S Q498R N501Y Y505H D614G H655Y N679K P681H N764K D796Y Q954H N969K	EG.5.1.1	0.115260859572512	16500.9027374161	143161.371506476	1003	7699	1
XBB	2	2023-10-22	T19I Q52H V83A G142D H146Q Q183E V213E G252V G339H R346T L368I S371F S373P S375F T376A D405N R408S K417N N440K V445P G446S F456L N460K S477N T478K E484A F486P F490S Q498R N501Y Y505H D614G H655Y N679K P681H N764K D796Y Q954H N969K	EG.5.1.1	0.0920164013506995	12424.0931035777	135020.419416601	763	7529	1
XBB	2	2023-10-29	T19I Q52H V83A G142D H146Q Q183E V213E G252V G339H R346T L368I S371F S373P S375F T376A D405N R408S K417N N440K V445P G446S F456L N460K S477N T478K E484A F486P F490S Q498R N501Y Y505H D614G H655Y N679K P681H N764K D796Y Q954H N969K	EG.5.1.1	0.0849650750028627	11478.3054003724	135094.394961526	742	7991	1
XBB	2	2023-11-05	T19I Q52H V83A G142D H146Q Q183E V213E G252V G339H R346T L368I S371F S373P S375F T376A D405N R408S K417N N440K V445P G446S F456L N460K S477N T478K E484A F486P F490S Q498R N501Y Y505H D614G H655Y N679K P681H N764K D796Y Q954H N969K	EG.5.1.1	0.0683923058655901	9644.60186187486	141018.814029011	576	7846	4
XBB	2	2023-11-12	T19I Q52H V83A G142D H146Q Q183E V213E G252V G339H R346T L368I S371F S373P S375F T376A D405N R408S K417N N440K V445P G446S F456L N460K S477N T478K E484A F486P F490S Q498R N501Y Y505H D614G H655Y N679K P681H N764K D796Y Q954H N969K	EG.5.1.1	0.0559590427431837	8912.07255709209	159260.632780886	470	7929	0
XBB	2	2023-11-19	T19I Q52H V83A G142D H146Q Q183E V213E G252V G339H R346T L368I S371F S373P S375F T376A D405N R408S K417N N440K V445P G446S F456L N460K S477N T478K E484A F486P F490S Q498R N501Y Y505H D614G H655Y N679K P681H N764K D796Y Q954H N969K	EG.5.1.1	0.0493442410076613	8595.92430220663	174203.192240245	380	7321	1
XBB	2	2023-11-26	T19I Q52H V83A G142D H146Q Q183E V213E G252V G339H R346T L368I S371F S373P S375F T376A D405N R408S K417N N440K V445P G446S F456L N460K S477N T478K E484A F486P F490S Q498R N501Y Y505H D614G H655Y N679K P681H N764K D796Y Q954H N969K	EG.5.1.1	0.0370218017276841	7015.42663561296	189494.46834639	270	7023	1
XBB	2	2023-12-03	T19I Q52H V83A G142D H146Q Q183E V213E G252V G339H R346T L368I S371F S373P S375F T376A D405N R408S K417N N440K V445P G446S F456L N460K S477N T478K E484A F486P F490S Q498R N501Y Y505H D614G H655Y N679K P681H N764K D796Y Q954H N969K	EG.5.1.1	0.0319787739142578	6154.26027959229	192448.287607687	229	6932	2
XBB	2	2023-12-10	T19I Q52H V83A G142D H146Q Q183E V213E G252V G339H R346T L368I S371F S373P S375F T376A D405N R408S K417N N440K V445P G446S F456L N460K S477N T478K E484A F486P F490S Q498R N501Y Y505H D614G H655Y N679K P681H N764K D796Y Q954H N969K	EG.5.1.1	0.0230853221026361	4324.38653637351	187321.905977639	148	6263	0
XBB	2	2023-12-17	T19I Q52H V83A G142D H146Q Q183E V213E G252V G339H R346T L368I S371F S373P S375F T376A D405N R408S K417N N440K V445P G446S F456L N460K S477N T478K E484A F486P F490S Q498R N501Y Y505H D614G H655Y N679K P681H N764K D796Y Q954H N969K	EG.5.1.1	0.0174247982391783	2849.72301654051	163544.104065041	95	5357	2
XBB	2	2023-12-24	T19I Q52H V83A G142D H146Q Q183E V213E G252V G339H R346T L368I S371F S373P S375F T376A D405N R408S K417N N440K V445P G446S F456L N460K S477N T478K E484A F486P F490S Q498R N501Y Y505H D614G H655Y N679K P681H N764K D796Y Q954H N969K	EG.5.1.1	0.0158081221041156	1974.7099106473	124917.42520974	58	3611	2
XBB	2	2023-12-31	T19I Q52H V83A G142D H146Q Q183E V213E G252V G339H R346T L368I S371F S373P S375F T376A D405N R408S K417N N440K V445P G446S F456L N460K S477N T478K E484A F486P F490S Q498R N501Y Y505H D614G H655Y N679K P681H N764K D796Y Q954H N969K	EG.5.1.1	0.0106951871657754	854.501257334451	79895.8675607712	30	2775	0
XBB	2	2024-01-07	T19I Q52H V83A G142D H146Q Q183E V213E G252V G339H R346T L368I S371F S373P S375F T376A D405N R408S K417N N440K V445P G446S F456L N460K S477N T478K E484A F486P F490S Q498R N501Y Y505H D614G H655Y N679K P681H N764K D796Y Q954H N969K	EG.5.1.1	0.00989653621232569	501.607780725022	50685.1862068965	22	2201	0
XBB	2	2024-01-14	T19I Q52H V83A G142D H146Q Q183E V213E G252V G339H R346T L368I S371F S373P S375F T376A D405N R408S K417N N440K V445P G446S F456L N460K S477N T478K E484A F486P F490S Q498R N501Y Y505H D614G H655Y N679K P681H N764K D796Y Q954H N969K	EG.5.1.1	0.00594844679444812	185.328966174369	31155.8584246467	9	1504	1
XBB	2	2024-01-21	T19I Q52H V83A G142D H146Q Q183E V213E G252V G339H R346T L368I S371F S373P S375F T376A D405N R408S K417N N440K V445P G446S F456L N460K S477N T478K E484A F486P F490S Q498R N501Y Y505H D614G H655Y N679K P681H N764K D796Y Q954H N969K	EG.5.1.1	0.0040650406504065	77.9595877773277	19178.0585932226	4	980	1
XBB	2	2024-01-28	T19I Q52H V83A G142D H146Q Q183E V213E G252V G339H R346T L368I S371F S373P S375F T376A D405N R408S K417N N440K V445P G446S F456L N460K S477N T478K E484A F486P F490S Q498R N501Y Y505H D614G H655Y N679K P681H N764K D796Y Q954H N969K	EG.5.1.1	0.0016260162601626	17.6952732492566	10882.5930482928	1	614	0
XBB	2	2024-02-04	T19I Q52H V83A G142D H146Q Q183E V213E G252V G339H R346T L368I S371F S373P S375F T376A D405N R408S K417N N440K V445P G446S F456L N460K S477N T478K E484A F486P F490S Q498R N501Y Y505H D614G H655Y N679K P681H N764K D796Y Q954H N969K	EG.5.1.1	0.00737100737100737	47.9865390853065	6510.17380257325	3	404	0
XBB	2	2024-02-11	T19I Q52H V83A G142D H146Q Q183E V213E G252V G339H R346T L368I S371F S373P S375F T376A D405N R408S K417N N440K V445P G446S F456L N460K S477N T478K E484A F486P F490S Q498R N501Y Y505H D614G H655Y N679K P681H N764K D796Y Q954H N969K	EG.5.1.1	0.00684931506849315	33.1086386597609	4833.86124432508	2	290	0
XBB	2	2024-02-18	T19I Q52H V83A G142D H146Q Q183E V213E G252V G339H R346T L368I S371F S373P S375F T376A D405N R408S K417N N440K V445P G446S F456L N460K S477N T478K E484A F486P F490S Q498R N501Y Y505H D614G H655Y N679K P681H N764K D796Y Q954H N969K	EG.5.1.1	0	0	3350.85758075926	0	183	0
XBB	2	2024-02-25	T19I Q52H V83A G142D H146Q Q183E V213E G252V G339H R346T L368I S371F S373P S375F T376A D405N R408S K417N N440K V445P G446S F456L N460K S477N T478K E484A F486P F490S Q498R N501Y Y505H D614G H655Y N679K P681H N764K D796Y Q954H N969K	EG.5.1.1	0	0	2013.03574770728	0	100	1
XBB	2	2024-03-03	T19I Q52H V83A G142D H146Q Q183E V213E G252V G339H R346T L368I S371F S373P S375F T376A D405N R408S K417N N440K V445P G446S F456L N460K S477N T478K E484A F486P F490S Q498R N501Y Y505H D614G H655Y N679K P681H N764K D796Y Q954H N969K	EG.5.1.1	0	0	1300.71333333333	0	52	1
XBB	2	2024-03-10	T19I Q52H V83A G142D H146Q Q183E V213E G252V G339H R346T L368I S371F S373P S375F T376A D405N R408S K417N N440K V445P G446S F456L N460K S477N T478K E484A F486P F490S Q498R N501Y Y505H D614G H655Y N679K P681H N764K D796Y Q954H N969K	EG.5.1.1	0	0	836.864981637503	0	22	0
XBB	2	2024-03-17	T19I Q52H V83A G142D H146Q Q183E V213E G252V G339H R346T L368I S371F S373P S375F T376A D405N R408S K417N N440K V445P G446S F456L N460K S477N T478K E484A F486P F490S Q498R N501Y Y505H D614G H655Y N679K P681H N764K D796Y Q954H N969K	EG.5.1.1	0	0	695.683235046335	0	16	1
XBB	2	2024-03-24	T19I Q52H V83A G142D H146Q Q183E V213E G252V G339H R346T L368I S371F S373P S375F T376A D405N R408S K417N N440K V445P G446S F456L N460K S477N T478K E484A F486P F490S Q498R N501Y Y505H D614G H655Y N679K P681H N764K D796Y Q954H N969K	EG.5.1.1	0	0	572.964285714286	0	6	1
XBB	2	2024-03-31	T19I Q52H V83A G142D H146Q Q183E V213E G252V G339H R346T L368I S371F S373P S375F T376A D405N R408S K417N N440K V445P G446S F456L N460K S477N T478K E484A F486P F490S Q498R N501Y Y505H D614G H655Y N679K P681H N764K D796Y Q954H N969K	EG.5.1.1	0	0	272.334158415842	0	1	0
