Date	G142D	A222V	T95I	D950N	I850L	Y145H	S943P	K77T	Q414R	W1214G
2021-03-14	0	0	0	0	0	0	0	0	0	0
2021-03-21	0.381343937453663	0.155804183235605	-0.429579205140303	-0.178966996922109	-0.236907730673317	0	0	0.0636247219788367	-0.00249376558603491	0
2021-03-28	0.325277232450788	0.117180453122513	-0.464848517005359	-0.034727012256593	-0.236907730673317	0	0.0531914893617021	0.0782883217488194	-0.00249376558603491	0
2021-04-04	0.400168732397861	0.236212950211535	-0.468976811702089	-0.00725797446681797	-0.236907730673317	0	0	0.0621456309475068	-0.00249376558603491	0
2021-04-11	0.452957625505708	0.290287002649931	-0.46605599504175	0.029456690953633	-0.236907730673317	0	0	0.0432090029329806	-0.00249376558603491	0.00195694716242661
2021-04-18	0.41410581897401	0.255574382328603	-0.393238123652495	0.029246860275947	-0.236907730673317	0.00112866817155756	0	0.0807377718232635	-0.00249376558603491	0.00225733634311512
2021-04-25	0.556572145794455	0.20926161417648	-0.385631946623508	0.04520817162392	-0.236907730673317	0	0	0.0547290713613318	-0.00249376558603491	0
2021-05-02	0.621762438146137	0.142791170222592	-0.300875158628037	0.0447498706303749	-0.232848877299395	0.0030441400304414	0	0.0591544983305308	-0.00147905224255444	0.000507356671740233
2021-05-09	0.65188566562251	0.133374974365717	-0.195972717296527	0.044629480911657	-0.227805408011672	0.00784682988072819	0	0.0462598995292685	-0.00249376558603491	0
2021-05-16	0.632394263360615	0.116978155275862	-0.082858805295846	0.020416811879146	-0.236907730673317	0.000301841231512225	0	0.039591633653566	-0.00249376558603491	0.00332025354663447
2021-05-23	0.752252534492914	0.10800081633676	0.019060389227935	0.0600401365573859	-0.236907730673317	0	0	0.0065924564038575	-0.00249376558603491	0
2021-05-30	0.801114727365239	0.0953450058400965	0.095927705426494	0.06895112502417	-0.236907730673317	0	0	-0.0020119380053753	-0.00249376558603491	0.00966589619667997
2021-06-06	0.780716848671333	0.0865542377255785	0.0820407817821031	0.067089291220872	-0.236739719920629	8.4005376344086E-05	8.4005376344086E-05	-0.0048555526506315	-0.00249376558603491	0.0456149193548387
2021-06-13	0.763918158248309	0.104840954314843	0.02378338977942	0.068760780633777	-0.236829952031332	0.000777786419849109	0	-0.0036117608289303	-0.00249376558603491	0.0723341370459672
2021-06-20	0.731817815587116	0.119780925935752	-0.05956876917242	0.051797810438443	-0.235016477718234	0.00086682427107959	0	0.0012197638291977	-0.00249376558603491	0.0449172576832151
2021-06-27	0.721667921126736	0.0912994354087775	-0.00169203370147697	0.053349857406899	-0.235062130853376	0.00229574611748818	4.50146297546703E-05	-0.00372689702707	-0.00244875095628024	0.152419536349314
2021-07-04	0.725374759631593	0.0777403649837835	-0.027531552293154	0.052930953940858	-0.236003250265009	0.00226120102077075	0.00071066317795652	-0.0067964114328966	-0.00223534261223254	0.113286171140614
2021-07-11	0.71726946657291	0.0752823749651055	-0.105242752008038	0.050905583212251	-0.236284444709717	0.00241834953876839	0.000523560209424084	-0.0056139257938425	-0.00246883414749091	0.0162054350536026
2021-07-18	0.640136092178282	0.0949593454145585	-0.144575683912683	0.045500053178095	-0.236425327428059	0.00254358074772503	0.000548185505975222	-0.0012958503860949	-0.00244991074555689	0.0078938712860432
2021-07-25	0.614347743217258	0.0932109047161215	-0.13003686347635	0.04119235670863	-0.236029216617092	0.00260416666666667	0.000423569277108434	-0.002458869142405	-0.00249376558603491	0.00432981927710843
2021-08-01	0.634579622891505	0.0824360656277555	-0.106161555040451	0.048771592235064	-0.232951035848577	0.00326488008544519	0.000133508107583261	-0.0051736132045844	-0.00248162848534552	0.00696669579570832
2021-08-08	0.617626200715773	0.0790992204927965	-0.12107112901028	0.049752832202809	-0.231178290077097	0.00306614594407081	0	-0.0043189308601308	-0.00246019464504143	0.00145474077638396
2021-08-15	0.717478639685806	0.0625424796310985	-0.097970014567235	0.055775143627062	-0.232301717523149	0.00465207328166922	8.0605230127932E-05	-0.0105703694427439	-0.00235558519152988	0.00139331897792568
2021-08-22	0.740074615095716	0.0419580738091277	-0.126233291187271	0.060299485191547	-0.232824093651787	0.00559130891766388	3.44610719116418E-05	-0.0133037999368916	-0.00230422969052088	0.000585838222497911
2021-08-29	0.686323251174621	0.0645625706540965	-0.048737911127775	0.057916306294846	-0.235039768326401	0.0105991121931767	4.1976681953175E-05	-0.0132377025659503	-0.00225239966480415	0.000975957855411319
2021-09-05	0.667980957698936	0.0706335157537135	-0.077596475360242	0.0563430924020369	-0.234702729136177	0.011830681324273	0	-0.0135446015676057	-0.00196371713960691	0.00343471393285346
2021-09-12	0.622872014035904	0.0657765044299975	-0.103081051120145	0.055490414837266	-0.232905892971412	0.0112196537382726	1.20901441145178E-05	-0.0140590286060649	-0.00194970910088161	0.00465470548408937
2021-09-19	0.626870260508077	0.0581039421364875	-0.105350929367083	0.052391302132819	-0.234558394616116	0.0173008171603677	0	-0.0148261241686387	-0.00193196783322592	0.00314096016343207
2021-09-26	0.642683367171347	0.0547263270753828	-0.086362282386976	0.054797093697412	-0.233931664948373	0.0237246929622333	0	-0.0153186217505237	-0.0020187128412081	0.00934736136144528
2021-10-03	0.649847074676412	0.0535485801696289	-0.088167977181263	0.057373570050548	-0.232045494044468	0.0254193852248958	0	-0.015877171137319	-0.00182884433764527	0.0273587388660322
2021-10-10	0.655739231635967	0.0491371971546686	-0.104352535504962	0.05475147721244	-0.234809108464419	0.0271126347484912	0	-0.0159573432387461	-0.00188112432008343	0.0647053456209184
2021-10-17	0.661783073384129	0.0465267502587498	-0.107281079373969	0.057156146715485	-0.234493335195338	0.0281774154606525	0	-0.0159935194891158	-0.001996684164098	0.0334890855122069
2021-10-24	0.684410622816069	0.0571640385513614	-0.064334258507548	0.056341917699386	-0.234481828766222	0.0418528126050824	0	-0.0164956058717117	-0.00194133247847859	0
2021-10-31	0.710998916029983	0.054298096996694	-0.065142514882172	0.06294477877659	-0.23438532775264	0.0480030976877973	0	-0.0170027691033507	-0.00169721729529478	0
2021-11-07	0.715460104107199	0.0565123093360275	-0.072611401884588	0.059138937580278	-0.232318014119326	0.0536810767226943	0	-0.0170118595260696	-0.00181151042260379	0
2021-11-14	0.789114182309216	0.0629527841045845	-0.051726148969711	0.066534089811205	-0.233061721495554	0.067845858722636	0	-0.0170426075036587	-0.00162864860717385	0
2021-11-21	0.793973506320915	0.0723576602443435	-0.0400105864625	0.065827965561068	-0.233862795710763	0.0793456838785968	0	-0.0171607343485984	-0.00165616211737113	9.85415845486795E-06
2021-11-28	0.785344368163258	0.0881026649842855	-0.018824386576719	0.062342073104092	-0.233051156968138	0.0986772908366534	0	-0.0172757482124702	-0.00135697939745589	0
2021-12-05	0.782589846211751	0.0893895932760185	-0.034122283386483	0.061184957442306	-0.231916704265318	0.0985044013332194	0	-0.0171572393688883	-0.00138274943356931	2.56388342876677E-05
2021-12-12	0.798849434679413	0.0962995209958935	-0.032038591400081	0.054348770245259	-0.23364986155382	0.107275582563572	0	-0.0171247197307986	-0.00077704413384463	0
2021-12-19	0.773434179585503	0.0811352220233825	-0.088563614436692	0.044440686968104	-0.232540010207427	0.0865521749465177	0	-0.0173375095657576	0.00047747282613528	0
2021-12-26	0.740899878757178	0.0584872397050685	-0.11368203836935	0.038918610866411	-0.227856199680038	0.0573562359970127	2.98730395817774E-05	-0.0173069939043355	0.00407830312195613	0
2022-01-02	0.741830525840593	0.0462084204580006	-0.109969382855594	0.02563761788274	-0.228297143217262	0.0437662403831457	0	-0.017303508437344	0.00942858627619569	0
2022-01-09	0.761764768216104	0.0523401960022457	-0.119913098440369	0.026470235010707	-0.227159355402529	0.0391601399766706	0.000166638893517747	-0.0172064007619678	0.0414989023026503	0
2022-01-16	0.786827530979687	0.0486378076024981	-0.081233752648274	0.019227726248506	-0.228228849284696	0.0347155255544841	0	-0.0174563591022444	0.0702159740475234	0
2022-01-23	0.77083762427899	0.043162952424107	-0.087339888313947	0.023420905592858	-0.226742546429353	0.0419313850063532	0	-0.0166092604152474	0.0652741293737279	0
2022-01-30	0.781085784563932	0.0365533534584591	-0.078385906578583	0.032586661999971	-0.233009095195734	0.0389863547758285	0	-0.0174563591022444	0.0696309907492477	0
2022-02-06	0.806236221041599	0.0608668546026235	-0.061286999891576	0.047873974484079	-0.229661353861723	0.0416666666666667	0	-0.0174563591022444	0.0609120315154144	0
TMP	-1	1	0	1	0	1	0	1	0	1
