Date	F456L	T478K	F486P	G252V	L455F	Q52H	F157L	T478R	F486S	D253G
2022-10-02	0	0	0	0	0	0	0	0	0	0
2022-10-09	0.00419287211740042	-0.00069636862089606	0.00419287211740042	-0.084319244696603	0.00209643605870021	0.00209643605870021	0.00209643605870021	0	-0.00698567679699702	-0.0140299951620706
2022-10-16	0.00204081632653061	-0.00262594548308803	0.00408163265306122	-0.048594262879977	0	0.00204081632653061	0.00204081632653061	0.00204081632653061	-0.00874839446268005	-0.0156985871271585
2022-10-23	0	0.00152799955949601	0.00196850393700787	0.047822256483674	0	0	0	0	-0.00240900831451996	-0.02771047849788
2022-10-30	0	0.00349650349650399	0	-0.0064424328228011	0	0.00204498977505112	0.00204498977505112	0	-0.0128634147039051	0.00487651407896809
2022-11-06	0	-0.00766109761925604	0.00836820083682008	0.0337215086169059	0	0	0.00139470013947001	0.00278940027894003	-0.016029298456076	0.0318635339555841
2022-11-13	0	-0.000568537153902038	0.00508130081300813	0.0678193757462049	0	0.00101626016260163	0.00101626016260163	0	-0.013779919267724	0.0379143214509071
2022-11-20	0	-0.00113312613312599	0.0314814814814815	0.080827505827506	0	0	0	0	-0.039096089096089	0.0638176638176641
2022-11-27	0	-0.00302051315809404	0.0369297610427227	-0.0228956416501671	0	0.000724112961622013	0.00217233888486604	0.000724112961622013	-0.042846726047305	0.179412911491116
2022-12-04	0.000898876404494382	-0.00234619313270901	0.0871910112359551	-0.121063879940285	0	0	0.00179775280898876	0	-0.102121474031586	0.284425237683665
2022-12-11	0.000773694390715667	-0.00269305162922107	0.125725338491296	-0.138595447106086	0.000386847195357834	0.00154738878143133	0.00154738878143133	0.000386847195357834	-0.135768486832316	0.321142687100134
2022-12-18	0.000367511944138185	-0.00311871149798304	0.221977214259463	-0.0614271799497821	0	0.000735023888276369	0.000735023888276369	0	-0.233548700472625	0.252735136968874
2022-12-25	0.00149253731343284	0.000884563197997013	0.355223880597015	0.031325018265317	0	0.000746268656716418	0.00111940298507463	0.000373134328358209	-0.364040809936332	0.16747990815155
2023-01-01	0.00233722871452421	-0.00351518264706896	0.548914858096828	0.120796899261006	0.000333889816360601	0.0010016694490818	0.00166944908180301	0.00166944908180301	-0.557438387989306	0.0880184923590601
2023-01-08	0.0023765513599155	-0.006537824467584	0.698706099815157	0.205281779218932	0.000264061262212833	0.00132030631106417	0.00132030631106417	0.004753102719831	-0.708676720691508	0.0181389774735431
2023-01-15	0.00319926873857404	-0.00381611076309396	0.771480804387569	0.254837255979852	0	0.00251371115173675	0.000685557586837294	0.00274223034734918	-0.776896549519949	-0.0216214315848685
2023-01-22	0.00369721735746254	-0.00214661773330704	0.872932477135629	0.291097013513826	0	0.000583771161704612	0.000389180774469741	0.00175131348511384	-0.880333035324278	-0.0477345188378463
2023-01-29	0.00326119181737326	-0.003767060096736	0.915950192706789	0.301657133261047	0	0.000741179958493922	0.000148235991698784	0.00252001185887934	-0.922089028670706	-0.0558735661018495
2023-02-05	0.0031541595479038	-0.00846301812263106	0.933499802865028	0.309722016713737	0.000131423314495992	0.00197134971743987	0.000919963201471941	0.00499408595084768	-0.944985557221067	-0.0616779724415419
2023-02-12	0.00403006208474022	-0.00587066783559498	0.959045855571289	0.319337290527793	0	0.00174272955015793	0.000980285371963838	0.00348545910031587	-0.965352205794423	-0.0682094291722872
2023-02-19	0.00321349668608154	-0.00534061239021999	0.961839726852782	0.322289981558911	0.000100421771440048	0.00120506125728058	0.00170717011448082	0.00351476200040169	-0.971498475414924	-0.066780478007632
2023-02-26	0.00419062469544879	-0.00810080670718005	0.970665627131858	0.322690709543843	0.000194912776532502	0.000877107494396258	0.00194912776532502	0.00623720884904005	-0.979643541333435	-0.0656181358841918
2023-03-05	0.00584374719050616	-0.011247720184158	0.972759147711948	0.321809405195182	0	0.00170817225568642	0.00152836464982469	0.0106086487458419	-0.981129946202318	-0.0639769293010325
2023-03-12	0.00636635477958908	-0.0170494596558061	0.975981479695187	0.318518416087626	0.00019291984180573	0.00202565833896016	0.00183273849715443	0.0161088067907784	-0.982130968288969	-0.0592709113978526
2023-03-19	0.00901357099453109	-0.031139915381357	0.974782256431031	0.313031610884558	0.000202552157180474	0.00182296941462427	0.0019242454932145	0.0301802714198906	-0.98110953255778	-0.0555538243405369
2023-03-26	0.00878957958275972	-0.047864292860586	0.973101768505771	0.31289799896175	0.000317695647569628	0.00116488404108864	0.00190617388541777	0.0446891877581277	-0.98474875754342	-0.0538371931996839
2023-04-02	0.010989010989011	-0.078817409006088	0.968173336097864	0.301217650274254	0.000207339829981339	0.0010366991499067	0.00186605846983205	0.0711175616835994	-0.982404388064765	-0.0432303545511092
2023-04-09	0.0195769576957696	-0.093038149968843	0.978285328532853	0.293706293706294	0.00045004500450045	0.0027002700270027	0.00135013501350135	0.0871962196219622	-0.986489995153361	-0.0345063352489095
2023-04-16	0.0255757189854611	-0.117377952621505	0.980154940040327	0.287478784613455	0.000530616576461849	0.00339594608935583	0.00233471293643213	0.111323357741696	-0.983450328722534	-0.0322451611849892
2023-04-23	0.0204333670147075	-0.13010628083043	0.984506567867969	0.288863320355405	0.00134725496800269	0.00359267991467385	0.0021331536993376	0.122038845851577	-0.987634067964145	-0.0348213591729927
2023-04-30	0.0267847260653016	-0.152784625446495	0.989596015495296	0.289907933792826	0.000774764803541782	0.00309905921416713	0.00199225235196458	0.148754842280022	-0.98964129395784	-0.0303265080243497
2023-05-07	0.037888355645365	-0.178999076195337	0.989391260419298	0.282707189249245	0.0015155342258146	0.00290477393281132	0.0022733013387219	0.173781257893407	-0.989936181524966	-0.0243845570948374
2023-05-14	0.0522671734998642	-0.197019380293884	0.98778169970133	0.278612373236321	0.00339397230518599	0.00610915014933478	0.00149334781428184	0.192234591365734	-0.989987069677539	-0.0190897888427076
2023-05-21	0.0670902911186641	-0.234718362766242	0.984631298950791	0.262612885858046	0.00265996748928624	0.00694547066646963	0.00177331165952416	0.225062804787941	-0.989262473893772	-0.0037739709677052
2023-05-28	0.076037564374432	-0.273237819435941	0.981066343532263	0.258882135737634	0.00287791578309603	0.0136322326567707	0.00363526204180551	0.260678582247804	-0.989687380175111	0.000932118472257895
2023-06-04	0.0887445887445888	-0.281218781218781	0.984182484182484	0.242424242424242	0.00432900432900433	0.0194805194805195	0.00366300366300366	0.271395271395271	-0.991841491841491	0.0173160173160173
2023-06-11	0.0926253687315634	-0.309974489620507	0.981120943952802	0.244962215758676	0.00530973451327434	0.0216322517207473	0.00432645034414946	0.296165191740413	-0.992177046159347	0.0147190076393616
2023-06-18	0.126746304920024	-0.318835952466242	0.987446851589391	0.225777563194044	0.00708645474792468	0.044745899979753	0.00404940271309982	0.307552136059931	-0.991036802840811	0.0362577289080631
2023-06-25	0.142676234698185	-0.332299190889313	0.984592655128746	0.215268901634457	0.00823132123258759	0.0544533558463487	0.00506542845082313	0.322287885183622	-0.990171710939967	0.0461246225281681
2023-07-02	0.183990442054958	-0.34799692541628	0.987096774193548	0.21753598850373	0.00836320191158901	0.0719235364396655	0.00525686977299881	0.338351254480287	-0.991724523982588	0.0442238764819411
2023-07-09	0.219658514074758	-0.36152426253949	0.988001845869866	0.204873806396649	0.00969081679741578	0.101753576372866	0.00576834333179511	0.352791878172589	-0.992811756771147	0.0566717546412981
2023-07-16	0.264632107023411	-0.369413195500151	0.98494983277592	0.211025387655822	0.0171404682274247	0.122491638795987	0.00689799331103679	0.359740802675585	-0.991695804195804	0.0499581939799331
2023-07-23	0.313772938092357	-0.379443605396418	0.985884250857028	0.215748860939423	0.0213752772736439	0.1607178866707	0.0110909457551926	0.370235934664247	-0.990857196846307	0.0481021297718211
2023-07-30	0.363590688326913	-0.381363653931063	0.986266956958633	0.206519740517396	0.0247864679283202	0.185396081058449	0.0137330430413666	0.371294590520851	-0.990809307925368	0.0578952114708271
2023-08-06	0.405498776450266	-0.40041885565133	0.986900820498057	0.222131905808313	0.0333957103785807	0.207859507701166	0.0214481070965885	0.389808550453433	-0.991609297568704	0.0416892737318821
2023-08-13	0.452842720510096	-0.412948767491806	0.984192348565356	0.225850530978055	0.0411795961742827	0.232863974495218	0.0248405951115834	0.401036131774708	-0.990924325408916	0.0394424916210251
2023-08-20	0.495080393568515	-0.400631166289913	0.983081353491721	0.222530169614403	0.0491960643148548	0.268298536117111	0.0304775617950564	0.38708903287737	-0.993983698087369	0.0424673718410221
2023-08-27	0.546070726915521	-0.403576188055559	0.983693516699411	0.230123511066536	0.0613948919449902	0.306483300589391	0.0382121807465619	0.392239685658153	-0.991886600629233	0.0364364515641531
2023-09-03	0.584185149469624	-0.408557498432136	0.983124397299904	0.235399990559103	0.0720347155255545	0.333365477338476	0.0476374156219865	0.396914175506268	-0.992549783870902	0.0327201246198351
2023-09-10	0.628207396920899	-0.4097931797454	0.984073615289329	0.240771173614918	0.0994514245266325	0.367899486816493	0.0593700230047779	0.398513537427004	-0.993318219561362	0.0283680219974681
2023-09-17	0.660772284373872	-0.387788231256293	0.988993143269578	0.2491211423005	0.126849512811259	0.391374954889931	0.0714543486106099	0.379646337062432	-0.994338213212265	0.0194320295366849
2023-09-24	0.690720759602935	-0.368191023478032	0.987915407854985	0.252928642354624	0.161070349589987	0.418644799309452	0.0808804488562797	0.361501942166595	-0.993741304013207	0.016214601108861
2023-10-01	0.722695660691547	-0.374111489450895	0.988637476736213	0.25599892320433	0.194534234498972	0.43451856205309	0.10382995396219	0.367322950337937	-0.99395672404782	0.0128996285328933
2023-10-08	0.754746023601847	-0.342219248171018	0.993227296049256	0.270920716020767	0.226064648537712	0.466700872242175	0.131349409953822	0.338635197537199	-0.99465639542602	-0.00242333346489319
2023-10-15	0.778096989197886	-0.316200117969826	0.996322684440359	0.278140384093038	0.282693633647437	0.507584463341761	0.143645139048495	0.312916570903241	-0.994549922612436	-0.00728391351236669
2023-10-22	0.799445248432224	-0.28015038507079	0.99493487698987	0.276811586869474	0.326459237819585	0.528943560057887	0.16196333815726	0.278702363724071	-0.994212131332247	-0.0131266466288174
2023-10-29	0.808771327149891	-0.27910970284725	0.992900492385206	0.280532647245117	0.342264971945494	0.554677659452651	0.183556624298637	0.27722432153899	-0.992610218134093	-0.012798492015256
2023-11-05	0.852410353835194	-0.235995303675189	0.993588221325101	0.288697766256541	0.388150083115649	0.605794348135835	0.21526953217763	0.233911184991688	-0.993416343808174	-0.0230166413970736
2023-11-12	0.856173353970711	-0.230578981680303	0.989641624002857	0.294631728552433	0.401000119061793	0.616025717347303	0.238837956899631	0.228360519109418	-0.992574457332166	-0.0306080394186121
2023-11-19	0.88624853915076	-0.196737232381953	0.990261005064277	0.300983979012806	0.437995065575899	0.636540708998831	0.251525775873263	0.194390338917024	-0.993776577921494	-0.0370581243195189
2023-11-26	0.892225421637186	-0.189702454408336	0.987796517208282	0.303784450843274	0.447689565336624	0.655011655011655	0.281228575346222	0.189222542163719	-0.992801316330728	-0.0404497463320993
2023-12-03	0.906856584275939	-0.182929973252553	0.993157380254154	0.307740646450324	0.458455522971652	0.65954475631895	0.304845691942466	0.180701019410697	-0.993570945183848	-0.0445253671060122
2023-12-10	0.909998440180939	-0.172607068489146	0.994072687568242	0.303440982664193	0.487443456559039	0.664170956169084	0.305412572141632	0.169864295741694	-0.993383858381518	-0.0415151842386283
2023-12-17	0.920212765957447	-0.159929762094105	0.994130594277329	0.306879107686151	0.511555392516508	0.674798239178283	0.306493030080704	0.156089508437271	-0.993385374713327	-0.0462921158078898
2023-12-24	0.92668301989643	-0.14177468756373	0.989915508312892	0.306999487293845	0.496320523303352	0.687653311529027	0.345325701826111	0.139002452984464	-0.992415189062776	-0.0485774786674214
2023-12-31	0.944741532976827	-0.122706705059646	0.993226381461676	0.31277937748526	0.541176470588235	0.714081996434938	0.336185383244207	0.119429590017825	-0.992938434114904	-0.0551761963526669
2024-01-07	0.937921727395412	-0.139103586472007	0.992802519118309	0.314419498630025	0.538461538461538	0.67476383265857	0.323436797121008	0.136302294197031	-0.994254283727967	-0.0575798470535312
2024-01-14	0.937210839391937	-0.125386510383205	0.994712491738268	0.314045174917614	0.554527428949108	0.694646397884997	0.307336417713153	0.118968935888962	-0.995181619438063	-0.0584167980070161
2024-01-21	0.944105691056911	-0.123536016828699	0.989837398373984	0.312738074933197	0.620934959349594	0.704268292682927	0.265243902439024	0.110772357723577	-0.995487236340894	-0.057614133833646
2024-01-28	0.946341463414634	-0.095690488373415	0.99349593495935	0.313144578998237	0.660162601626016	0.721951219512195	0.242276422764228	0.0878048780487805	-0.994877480243333	-0.0622889305816135
TMP	-1	1	0	1	0	1	0	1	0	1
