Date	S373P	K417N	N440K	G446S	N764K	L452R	R346K	S371L	A701V	I233V
2021-11-28	0	0	0	0	0	0	0	0	0	0
2021-12-05	0.00866971609183897	-0.066536453985955	-0.035491302460686	-0.036287046620591	-0.012542708646345	0.0285132382892057	0.0153695480395756	0.00255973645843699	0.0435377783713399	0
2021-12-12	0.01058183549979	-0.096388200043342	-0.036440470119243	-0.038468076712954	-0.009141423775618	0.0353835193540727	0.0881759067132266	0.00963194236276799	0.0243215466128913	0
2021-12-19	0.010976239535244	-0.035169477876594	-0.028081446637926	-0.0302203768299361	-0.012099476619317	0.027571781707549	0.220844931977137	0.00812398625515198	0.0085188337037626	0.000190150218672751
2021-12-26	0.017514510320344	-0.031833654938905	-0.0282964902123	-0.036214806700651	-0.013442715642081	0.0105712727933604	0.290722829625849	0.013576786930267	0.0155681593601125	0.00184770097534379
2022-01-02	0.003790961915628	-0.058890514602742	-0.041461317367177	-0.043719215468194	-0.0188615130652889	0.00982553143796466	0.347398446133309	-0.00435339494169606	0.006799110967934	0.00353046661934472
2022-01-09	0.019295468052673	-0.031325892400796	-0.049735461651358	-0.0505268912416971	-0.021674913516647	0.00329965206003569	0.40639374500862	0.013748971204676	0.0247398132687814	0.00816567591510778
2022-01-16	0.02679993268597	0.01321932723117	-0.00441385295711794	-0.013672402429834	-0.00204683052792598	0.00187454938716655	0.416020570176846	0.021629472288401	0.0556380846569602	0.00736430116386858
2022-01-23	0.026635266462937	-0.012005041308682	-0.0254018948863559	-0.0377635617651441	-0.0136546164441069	0.000448443061745004	0.463552055004115	0.021982669697333	0.0450146930960139	0.00718443155170642
2022-01-30	0.0278683984843699	-0.032848769158253	-0.0441672829671159	-0.0562751153259871	-0.0240164833415499	0.000513767886227741	0.504747619067246	0.023102381497236	0.0345839976445884	0.0062308020244641
2022-02-06	0.02773570489556	-0.017630722442575	-0.0206120293486449	-0.0307132664411961	-0.021565223579292	0.00028558373315056	0.533249811795639	0.022001183533897	0.0342619954531325	0.00514050719671008
2022-02-13	0.0278323940412319	-0.0159534006108369	-0.013740450460107	-0.0258782467137061	-0.019361813436366	0.000205526082544413	0.5796660650396	0.023310820225254	0.0217660755194641	0.00542075042710889
2022-02-20	0.027761592756461	-0.011122790431332	-0.011955353148812	-0.0217941753971801	-0.017518275499554	0.000171978903921119	0.620649387955588	0.019793236874783	0.011785253795753	0.00554631965145609
2022-02-27	0.02606922463731	-0.027126400100859	-0.00655218966647098	-0.022333324140503	-0.027528914733875	0.000440599214932308	0.657095288937217	0.01747753994613	-0.0008690507614946	0.00714972362412881
2022-03-06	0.0260324579068	0.00154545423929298	-0.00382464030833196	-0.017825278767579	-0.0168597022142419	0.00022705893801291	0.694309630046368	0.017825899147191	-0.0073788837314663	0.00982840831684453
2022-03-13	0.027659633040151	0.00818983909374904	0.00307635132345008	-0.0108876684422791	-0.016469147017935	0.000206466531775199	0.715248241593372	0.015395521052704	-0.0097245736466118	0.011355659247636
2022-03-20	0.028835132613621	0.00988871118219303	0.00477309076369403	-0.012340397174464	-0.00903605224576898	0.000365853658536585	0.739249633479942	0.020908303345328	-0.010373850459816	0.011890243902439
2022-03-27	0.028682275183857	0.018322759337863	0.00775576320249605	-0.0117358850909161	-0.00522750338717892	0.000365965233302836	0.770794274543919	0.022277883601058	-0.0157320054594813	0.0168344007319305
2022-04-03	0.029071498741327	0.018549303125192	0.00885982685577402	-0.00886136182231201	-0.00190259102351598	0.000280898876404494	0.779933382452263	0.020223184134586	-0.0173881009393995	0.0226123595505618
2022-04-10	0.0286712455992569	0.00523769411866304	0.00759411650359598	-0.00975291043003101	-0.00793969632173497	0.000790513833992095	0.813660122248861	0.020568478800838	-0.0275448713795114	0.0243083003952569
2022-04-17	0.028656532260683	0.000118419368824063	0.00641470080964401	-0.0127109822504651	-0.016142278961654	0.000699056274030059	0.820135303678832	0.016423047465157	-0.0280510654878209	0.0272631946871723
2022-04-24	0.027618591215564	-0.00260245069653897	0.00692877538387804	-0.020723095252358	-0.016756188308274	0.00243605359317905	0.807538454370587	0.00934818926672099	-0.028194325193187	0.0292326431181486
2022-05-01	0.029026895579555	0.014562588804834	0.010201674725793	-0.025367996001325	-0.011656248771475	0.00205549845837616	0.792346918717953	0.012582907912546	-0.0214563712028035	0.0246659815005139
2022-05-08	0.030054644808743	0.021031363365018	-0.022468659594986	-0.0415943426550951	-0.000629104100656974	0	0.778321164531387	0.00148321623731396	-0.0275382284061165	0.0151260504201681
2022-05-15	0.030054644808743	0.013275336560573	0.000339094034283005	-0.034478457784742	-0.00725349422760702	0	0.55629740495623	0.0172158430969029	-0.0281448048455368	0.0128388017118402
TMP	-1	1	0	1	0	1	0	1	0	1
