Date	T19I	R346T	K417N	F157L	T240I	D253G	Q613H	M153I	I666V	Y248D
2022-09-11	0	0	0	0	0	0	0	0	0	0
2022-09-18	0.0281080595405669	0.047560573841684	-0.045434125011232	0	0	0	0	0	-0.0195423642516996	0
2022-09-25	0.032018023499618	0.107039196178228	-0.012621383172038	0	0	0	0	0.00142247510668563	-0.0152196614015902	0
2022-10-02	0.0429774684440249	0.173245251857968	-0.014561755337974	0	0	0.000816326530612245	0.000816326530612245	0.000816326530612245	-0.0088899374778813	0.000816326530612245
2022-10-09	0.0353570744180329	0.180483535593036	-0.0166431658338889	0.000989609104403761	0.00148441365660564	0.0024740227610094	0	0	-0.0141033598087137	0
2022-10-16	0.0298062196683809	0.168164008315186	-0.01276540760756	0.00230111768573307	0.000328731097961867	0.0029585798816568	0.000986193293885602	0.000328731097961867	-0.00276856190595631	0.000657462195923734
2022-10-23	0.0293888419822039	0.222289466070722	-0.00784686509178301	0.00102145045965271	0.00153217568947906	0.004341164453524	0	0.00076608784473953	-0.0211936209533144	0.000255362614913177
2022-10-30	0.0256806164830939	0.203762404955767	-0.00673774061606891	0.00207508017355216	0.00150914921712884	0.00320694208639879	0.000188643652141105	0.00113186191284663	-0.0181206948628953	0.000565930956423316
2022-11-06	0.028430361541147	0.214484168799641	-0.004303486709064	0.000974116337322572	0.000278318953520735	0.00361814639576955	0.00139159476760367	0.00208739215140551	-0.0208618556634689	0
2022-11-13	0.028528254804033	0.26104841735927	-0.00605143005283193	0.00235510956379275	0.000921564611918902	0.00399344665164858	0.00194552529182879	0.00440303092361253	-0.0239565367163889	0
2022-11-20	0.0289357479136529	0.252417481497488	-0.00834238700912593	0.00346140533056421	0.00138456213222568	0.00415368639667705	0.0017307026652821	0.0050190377293181	-0.0257679617924877	0.000519210799584631
2022-11-27	0.01893169470562	0.281933410712658	-0.0125677942571309	0.00458885352675598	0.000592110132484642	0.00473688105987714	0.00281252312930205	0.00717933535637629	-0.0268729868148539	0.000296055066242321
2022-12-04	0.0256698578998069	0.293282454238921	-0.007918473025049	0.00416666666666667	0.000833333333333333	0.00552083333333333	0.00380208333333333	0.00744791666666667	-0.0253025650289017	0.000364583333333333
2022-12-11	0.026641937447389	0.318701255708133	-0.00763179270415293	0.00760553315297841	0.00122505231994283	0.00648256852636415	0.0046449900464499	0.0112806901128069	-0.0291802623771739	0.0006635700066357
2022-12-18	0.0212427745664739	0.352891576407205	-0.017225714125372	0.00810679611650485	0.00140776699029126	0.00975728155339806	0.00669902912621359	0.0114563106796117	-0.0332925528929794	0.00116504854368932
2022-12-25	0.0292636447468769	0.372234589368707	-0.014564931705797	0.0101571580170802	0.00151599373389257	0.0122795492445298	0.00555864369093941	0.0150083379655364	-0.032455410359641	0.00212239122744959
2023-01-01	0.027243162313663	0.368869247869712	-0.00522322038929091	0.0110784911095109	0.00221569822190218	0.0121309477649144	0.00481914363263723	0.0213260953858085	-0.0302929492448215	0.00271423032183017
2023-01-08	0.0218126020441219	0.398790793081636	-0.0105397974804069	0.01120765646644	0.00264450321118247	0.0142929102128195	0.00812240272006045	0.0164336985266339	-0.0279459860401094	0.00390379045460269
2023-01-15	0.0279072160439999	0.413921709356856	-0.012560356647657	0.0141522029372497	0.00249221183800623	0.0129951045838896	0.00676457498887405	0.0200267022696929	-0.0291378871250299	0.00534045393858478
2023-01-22	0.033483233909938	0.428359839161397	-0.016510295802762	0.0148474654912423	0.00475582879016355	0.0135715114255887	0.00893167845957546	0.0216912191161118	-0.0300610218494562	0.00475582879016355
2023-01-29	0.029318273707027	0.451105511392167	-0.0228171987291339	0.019568954118736	0.0037022345630041	0.0128255983075499	0.0134867116223721	0.0212878487372736	-0.032775934558189	0.00978447705936798
2023-02-05	0.031083850361095	0.458470540017242	-0.0225061360242339	0.0303178484107579	0.00342298288508557	0.0223308883455583	0.0197229013854931	0.0223308883455583	-0.0317989739531071	0.017440912795436
2023-02-12	0.031205180581512	0.475738326650212	-0.019899535879553	0.037198258804907	0.00633161851998417	0.018005540166205	0.0203798971111991	0.0294815987336763	-0.0360808470827205	0.0211713494261971
2023-02-19	0.0317533541432909	0.472666989274186	-0.027307751620571	0.0441582336706532	0.0101195952161914	0.0250689972401104	0.0209291628334867	0.0278288868445262	-0.0325350569792237	0.0262189512419503
2023-02-26	0.030987987159788	0.49570085532623	-0.0163523216131689	0.0454397922752353	0.0152547874066861	0.0308341447581954	0.0305095748133723	0.0275884453099643	-0.0340479500499987	0.0305095748133723
2023-03-05	0.0356654277176419	0.510435958903237	-0.0316301393244459	0.0480387836051124	0.0180696342000881	0.0255619215513442	0.0321727633318643	0.0383428823270163	-0.0322924972677735	0.0431908329660643
2023-03-12	0.02974306920407	0.508694363736072	-0.0226172674662189	0.060695344725987	0.00589275191514437	0.0459634649381261	0.0353565114908662	0.037713612256924	-0.0394235321768098	0.0530347672362994
2023-03-19	0.02353461645041	0.492433044721119	-0.017875807619946	0.0597140454163162	0.0235492010092515	0.0420521446593776	0.039529015979815	0.0428931875525652	-0.0080749840785232	0.0588730025231287
2023-03-26	0.028821171779018	0.518425275086772	-0.013990990446651	0.040650406504065	0.040650406504065	0.0278745644599303	0.0592334494773519	0.0441347270615563	-0.0287406094539888	0.0557491289198606
2023-04-02	0.0311598183070469	0.480980653711017	-0.00352226261780897	0.0482654600301659	0.0467571644042232	0.0437405731523379	0.0603318250377074	0.028657616892911	0.0027811925125764	0.0377073906485671
TMP	-1	1	0	1	0	1	0	1	0	1
