Date	R346T	R408S	N440K	N460K	A1020S	G257D	T76I	K444N	N658S	V3G
2022-04-17	0	0	0	0	0	0	0	0	0	0
2022-04-24	0.0018741906903837	0.094459210795339	-0.015896544673891	0	-0.00155046684386287	0	0.0021979145369045	0	0.033479860969127	0.099587678048116
2022-05-01	-0.00497512437810945	0.00183731796942399	-0.013950006804882	0	0.00262365981641943	0	0.0306673320328449	0	-0.014267567935399	-0.028935867773594
2022-05-08	-0.00191702040257428	0.054452508101694	-0.0217718745720941	0	-0.00191702040257428	0	0.0523529143274453	0.00101936799184506	-0.033410927016294	-0.028283658161791
2022-05-15	0.00077200205867216	0.105889050047568	-0.03209657043934	0	-0.0007953960604501	0	0.056652474305588	0	-0.0496888597763531	-0.00730672655531101
2022-05-22	-0.00117404740630077	0.104274320510215	-0.024669178655346	0	0.00389405522277747	0	0.0810518204038408	0.00031675641431739	-0.063691677816177	-0.018081905959591
2022-05-29	0.00255525385225167	0.121528247858773	-0.031626055926086	0	0.00101494921422326	0	0.0814292392223377	0.000513434879342803	-0.0530345023130111	-0.048273947735224
2022-06-05	0.00282214657705624	0.129482079992685	-0.049773410862702	0.000185649308456326	0.00133695210940563	9.2824654228163E-05	0.0743719442331644	0.000835421888053467	-0.0635959716870948	-0.065373494543434
2022-06-12	0.0047134190561234	0.13135455788004	-0.028645703552956	0.000164212600580218	0.00422078125438275	0	0.0717788799720266	0.000273687667633696	-0.066508554169325	-0.074234171525644
2022-06-19	0.00443038969426275	0.126852812331222	-0.0367331564463731	7.17978173463527E-05	0.00475347987232134	0	0.056010870403868	0.000897472716829408	-0.0804440962905173	-0.108947115370877
2022-06-26	0.00604263085334265	0.121801818428467	-0.031047994018494	5.28429507503699E-05	0.00971521593049335	0.00010568590150074	0.0448664256397151	0.000819065736630733	-0.0862412730261184	-0.13454170176385
2022-07-03	0.0120985821138929	0.118221520947294	-0.041507719902395	0	0.0141154760971586	0.000139784731513469	0.0440038758222784	0.00103840086267149	-0.0845450245428009	-0.144999288160909
2022-07-10	0.0146474142878304	0.12290297846463	-0.039258043095147	0	0.0246290181578311	0.000136267629624583	0.0444873133819897	0.00153301083327656	-0.0897007095069042	-0.155421790685464
2022-07-17	0.0191214466721315	0.118659554552978	-0.03682451523619	3.07943400003079E-05	0.0328095308022684	0.00015397170000154	0.0430295747462511	0.00203242644002032	-0.0918013746685297	-0.169049436176317
2022-07-24	0.0236612246082572	0.117910062925454	-0.031501932115938	0.000128919972926806	0.0333624525709993	0.000273954942469462	0.0346443564560284	0.00256228446192026	-0.0952978364053646	-0.177070941422068
2022-07-31	0.0301559896259821	0.121561709769916	-0.039733358500413	0.000260368235075321	0.0367767818893259	0.00013018411753766	0.031289988591541	0.00226892319137065	-0.0937667067304354	-0.183495392666572
2022-08-07	0.0397923174823556	0.124875222923075	-0.030864522615472	0.000220529270248597	0.0377273615882097	0.000200481154771451	0.0299824055344767	0.00282678428227747	-0.0897413493877842	-0.187089113374587
2022-08-14	0.0474263255539249	0.12757271639086	-0.023973584727022	0.000203896692342546	0.0377072498855969	0.000294517444494789	0.0229541012653091	0.00240144993203444	-0.0876133604744738	-0.192262971504057
2022-08-21	0.0551336718659372	0.129638806846072	-0.0176232127402181	0.000225718348644561	0.0447054841585584	0.000270862018373474	0.0185260861347956	0.00255061733968354	-0.0879206657276332	-0.199109973460688
2022-08-28	0.0662066152663229	0.131020657183324	-0.017675909091835	0.00034101759650798	0.053338884624755	0.00038648660937571	0.0175395020532313	0.00259173373346065	-0.0820162589046309	-0.200808805515459
2022-09-04	0.080980519651189	0.13172061749289	-0.014219919467055	0.000689074343465278	0.0547191307835678	0.000408340351683128	0.0138115791153717	0.0028073399178215	-0.0773904004211389	-0.201984869313946
2022-09-11	0.0992971215945416	0.125953145289661	-0.019756544138682	0.0011324707680983	0.0548759557158856	0.000509611845644234	0.0081770305348769	0.00376546530392684	-0.0713912952718921	-0.20650491772614
2022-09-18	0.123220751910551	0.132011463302047	-0.0120849361440221	0.00149484536082474	0.0512104426321998	0.000335051546391753	0.008682874288352	0.00402061855670103	-0.0675242344976148	-0.208673513873929
2022-09-25	0.141566357554141	0.134069286705653	-0.00654728617194	0.00168072097134081	0.0512131163706807	0.000260801530035643	0.0038233590804561	0.00423078037613376	-0.0677370342065209	-0.210154132406731
2022-10-02	0.166685567001031	0.133235575240268	-0.0106642068413321	0.00309180015130086	0.0535717295507791	0.000624938328454429	0.0014216978784006	0.00490083215472157	-0.0713740444899141	-0.210748382875937
2022-10-09	0.19825563411746	0.135053745299044	-0.01650997680636	0.00596608750261671	0.0529761700186528	0.000697788012001954	-0.0020860737134925	0.00680343311701905	-0.0808080176884051	-0.212730048730599
2022-10-16	0.229262412278782	0.135177485008973	-0.00897492012080403	0.00854105571847507	0.0591011219562014	0.000806451612903226	-0.0012890094979648	0.00850439882697947	-0.0772169212588084	-0.213260311346493
2022-10-23	0.242650216333876	0.131123723909568	-0.0136944335890551	0.013752374659288	0.06680153375355	0.000743371603204758	-0.0025358464142491	0.0114809614272735	-0.0853897276646418	-0.215023420931191
2022-10-30	0.271445882753942	0.13153166520972	-0.01200352247838	0.0293926950507888	0.0679446940787741	0.00103738923708667	-0.0048540526242787	0.0180678625459261	-0.085916860478244	-0.214712691136924
2022-11-06	0.29498167493068	0.124773339657017	-0.00518694866282099	0.0319685114961839	0.0722581113536623	0.00192003072049153	-0.003693193419453	0.0207843325493208	-0.0852715733003965	-0.21583342348403
2022-11-13	0.300804244964376	0.112598006683978	-0.00840099710341202	0.0627175967372924	0.0851969635558407	0.00169103750124341	-0.0043812569501048	0.0354620511290162	-0.0946387133268303	-0.215125506457566
2022-11-20	0.31670435783686	0.120653853044894	-0.010687283833089	0.0598550644465343	0.10466696225131	0.00365104829341152	-0.00568711457372653	0.034850915528019	-0.0985370211508148	-0.215696975651697
2022-11-27	0.336534773568528	0.131916955245903	-0.00819032832884703	0.0654125169064306	0.113369889761815	0.00577892536579368	-0.00508890442659448	0.044325587114226	-0.103527915567863	-0.216938178895269
2022-12-04	0.381194637857961	0.134612797227488	-0.00534203566233205	0.073628168673241	0.121348307166449	0.00798596406316172	-0.00506391751087871	0.0511222699497852	-0.105893486165879	-0.216182984888011
2022-12-11	0.392628361460671	0.136181835918447	-0.009330255042869	0.0753086419753086	0.13271550743017	0.00922294843863471	-0.00519407320695004	0.0477850399419027	-0.109854865108011	-0.216145850269351
2022-12-18	0.415009015193659	0.139340963698558	-0.0116408441535391	0.0783505154639175	0.140385700364159	0.0145122918318795	-0.0058056269011801	0.0455194290245837	-0.11640607430729	-0.216843616966713
2022-12-25	0.441488211118322	0.138407342171132	-0.0112172058959861	0.0831556503198294	0.154197954327741	0.0205803281728006	-0.00611847594326508	0.0480207657365347	-0.118012422360248	-0.216773276474769
2023-01-01	0.460279006029256	0.139668663869454	-0.00701938660838908	0.105940219447597	0.134765069845627	0.021566401816118	-0.00496194773389959	0.0595283137848405	-0.119320160453879	-0.215878609224028
2023-01-08	0.471184669436324	0.144099092168026	-0.00543545160794001	0.093298969072165	0.154947556034262	0.031701030927835	-0.00654908447453459	0.051159793814433	-0.122086090167718	-0.21658588500795
2023-01-15	0.4926188873845	0.138916892990049	-0.00557008222122402	0.105328818392443	0.155245870097029	0.0433077882730351	-0.00744007639577912	0.0516841917661736	-0.125951954715817	-0.218014365882227
2023-01-22	0.513845737299896	0.131113141774123	-0.003441973804448	0.100680272108844	0.168040748637764	0.0562358276643991	-0.00608183571936241	0.0557823129251701	-0.127298879750905	-0.217544928419129
2023-01-29	0.486042839693747	0.121594763564556	-0.00132783473564602	0.1285999429712	0.166681562248638	0.0567436555460508	-0.00865220518451374	0.0704305674365555	-0.126059182275108	-0.216339176657346
2023-02-05	0.53447968193466	0.104777404227072	0.000578170838775982	0.125179340028694	0.133116697716583	0.0731707317073171	-0.00667573181438579	0.0796269727403156	-0.128230797233345	-0.215677352120317
2023-02-12	0.581199990829264	0.116534837334067	0.00340463580713901	0.134562211981567	0.132812894055071	0.0792626728110599	-0.0047871242864021	0.0714285714285714	-0.130180892771167	-0.216601325171378
2023-02-19	0.603900615266861	0.111975624834408	0.00368276958403191	0.127810650887574	0.115143218817157	0.0846153846153846	-0.00604963348935799	0.0704142011834319	-0.13196149430363	-0.214763460802496
2023-02-26	0.58735101471062	0.127670997530334	0.010129210064784	0.144684252597922	0.130116802080724	0.0743405275779376	-0.001336244437286	0.0727418065547562	-0.129532195139411	-0.217306751613635
2023-03-05	0.626181805747893	0.124053273153135	0.00347061941153293	0.121420389461627	0.123318117317195	0.103092783505155	-0.0103434716452104	0.0584192439862543	-0.132037407464396	-0.212032620403139
2023-03-12	0.681144749438926	0.141367296012054	0.00388436367060596	0.10410094637224	0.0943939607953922	0.141955835962145	-0.0117707990018363	0.0662460567823344	-0.128019209943971	-0.214173611438078
TMP	-1	1	0	1	0	1	0	1	0	1
