Date	E484K	N501Y	D614G	H655Y	L18F	L452R	V1176F	K417T	P26S	T1027I
2020-02-02	0	0	0	0	0	0	0	0	0	0
2020-02-09	0	0	0.103296703296703	0	-0.012987012987013	-0.012987012987013	0	0	0	0
2020-02-16	0	0	0.031746031746032	0	-0.012987012987013	-0.012987012987013	0.0158730158730159	0	0	0
2020-02-23	0	0	-0.0467872738615098	0.00436681222707424	-0.012987012987013	-0.012987012987013	0	0	0	0
2020-03-01	0	0	0.189765458422175	0	-0.012987012987013	-0.012987012987013	0	0	0	0
2020-03-08	0.000589275191514437	0	0.469399781126357	0.00117855038302887	-0.0123977377954986	-0.0112191874124697	0.000589275191514437	0	0.000589275191514437	0
2020-03-15	0	0	0.531952628868928	0.000200240288346015	-0.0119858115452829	-0.012987012987013	0.00100120144173008	0	0.00040048057669203	0
2020-03-22	0.000103498240529911	0	0.606573616819943	0.000310494721589733	-0.0113310411385344	-0.0126765182654233	0.00300144897536742	0	0.000206996481059822	0.000103498240529911
2020-03-29	0	0.000178858880343409	0.644211360094028	0.000357717760686818	-0.012092718585296	-0.012987012987013	0.00357717760686818	0	8.94294401717045E-05	0.000357717760686818
2020-04-05	0	0.000600600600600601	0.707092807092807	0.000600600600600601	-0.0112853112853113	-0.012987012987013	0.003003003003003	0	0.0005005005005005	0.000600600600600601
2020-04-12	0	0.000117495006462225	0.736827970525538	0.000704970038773352	-0.011929557928853	-0.0127520229740885	0.00258489014216896	0	0.000469980025848901	0.000587475032311127
2020-04-19	0.000268348316114316	0	0.755304671177474	0.000670870790285791	-0.0112427489322699	-0.0123161421967272	0.0073795786931437	0	0.000402522474171475	0.00107339326445727
2020-04-26	0.000335514175473914	0.000335514175473914	0.767560572291322	0.000503271263210871	-0.0106384137586956	-0.0123159846360652	0.0114074819661131	0.000335514175473914	0.00100654252642174	0.000335514175473914
2020-05-03	0.000382848392036753	0.000382848392036753	0.778276088383286	0.00114854517611026	-0.0106899226347925	-0.012987012987013	0.00650842266462481	0.000382848392036753	0.00057427258805513	0.000957120980091884
2020-05-10	0.000429645542427497	0.000429645542427497	0.797636949516649	0.000429645542427497	-0.0108387852748755	-0.012987012987013	0.00665950590762621	0	0.00128893662728249	0.000214822771213749
2020-05-17	0	0	0.78679836184052	0.00168634064080944	-0.0110597665403736	-0.0125052013753532	0.00409539869910865	0	0.000722717417489762	0
2020-05-24	0.00102774922918808	0	0.787769784172662	0.000513874614594039	-0.0109315145286368	-0.012730075679716	0.00513874614594039	0	0	0.00025693730729702
2020-05-31	0.000687049124012367	0.000343524562006183	0.805957697403936	0.000687049124012367	-0.00852119368093262	-0.0126434884250068	0.00721401580212985	0	0.0020611473720371	0.000343524562006183
2020-06-07	0.000307787011388119	0.00123114804555248	0.821747350833223	0.00123114804555248	-0.010524716895908	-0.0126792259756249	0.00984918436441982	0	0.000615574022776239	0.000307787011388119
2020-06-14	0.000440431622990531	0.00132129486897159	0.824550917041558	0.00242237392644792	-0.00461881215019292	-0.0127667971755177	0.0118916538207443	0	0.00110107905747633	0
2020-06-21	0	0.00226800226800227	0.828792828792829	0.00113400113400113	-0.00334800334800336	-0.0127980127980128	0.0119070119070119	0	0.000378000378000378	0
2020-06-28	0.000658039043649923	0.00241280982671639	0.835866261398176	0.000877385391533231	-0.0018003492449643	-0.0127676666391297	0.00987058565474885	0	0	0
2020-07-05	0.000699545295557887	0.000874431619447359	0.844725928146704	0.00104931794333683	-0.00721576429866043	-0.0128121266631235	0.0190626093039524	0	0.0012242042672263	0.000524658971668416
2020-07-12	0.00048247024766806	0	0.847332628773606	0.00112576391122547	-0.00880560417388981	-0.0125045427393449	0.0135091669347057	0	0.00160823415889353	0.00048247024766806
2020-07-19	0.000435097897026831	0.000290065264684554	0.848585931834663	0.000870195794053662	-0.0073307403256642	-0.00776583822269103	0.0121827411167513	0	0.00304568527918782	0.000290065264684554
2020-07-26	0.000311915159076731	0.000311915159076731	0.845290081097941	0.00109170305676856	-0.0101797765553224	-0.0126750978279363	0.0113849033063007	0	0.00265127885215221	0
2020-08-02	0.000602591141910214	0.00135583006929798	0.854431197004261	0.00180777342573064	-0.0087688749936415	-0.0126857174160579	0.00768303705935523	0	0.00105453449834287	0.00045194335643266
2020-08-09	0.000465621604842465	0.00031041440322831	0.853107469900889	0.00186248641936986	-0.00770996813213173	-0.0125213913821705	0.0103988825081484	0.000155207201614155	0.00139686481452739	0.000931243209684929
2020-08-16	0.000725794745246044	0.000290317898098418	0.849739750741347	0.00261286108288576	-0.0028258865535684	-0.0125515361398654	0.0126288285672812	0	0.00101611264334446	0.000290317898098418
2020-08-23	0.000784682988072819	0.000941619585687382	0.85243475921442	0.00109855618330195	0.0060023153243492	-0.0122023299989402	0.0128688010043942	0	0.000941619585687382	0
2020-08-30	0.000751427712654043	0.000901713255184851	0.853536004122118	0.00255485422302374	0.0133129569558785	-0.0120852997318281	0.0087165614667869	0.000150285542530809	0.000450856627592426	0.000601142170123234
2020-09-06	0.00053828556048984	0.00148028529134706	0.850683430416979	0.00524828421477594	0.023885547906541	-0.0121795846462782	0.0121114251110214	0	0.00013457139012246	0.00053828556048984
2020-09-13	0.000941366325981711	0.000806885422270038	0.854722200876047	0.00470683162990855	0.0623222930915239	-0.012180127564743	0.0103550295857988	0	0	0.000134480903711673
2020-09-20	0.000641354540790149	0.000897896357106208	0.854962251704171	0.00461775269368907	0.0755199136420275	-0.0123456584462229	0.00974858902001026	0	0.00025654181631606	0.00025654181631606
2020-09-27	0.000925640234495526	0.00102848914943947	0.855291576673866	0.00771366862079605	0.111254476265275	-0.0122670705824054	0.00935925125989921	0	0.000822791319551579	0.000205697829887895
2020-10-04	0.00120113561913081	0.0010919414719371	0.855832527376532	0.0031666302686176	0.102103618155158	-0.0117858773678822	0.00698842542039747	0.00010919414719371	0.000655164883162262	0.000436776588774842
2020-10-11	0.00176631634725779	0.00211957961670935	0.856966225508131	0.00847831846683741	0.124873977916458	-0.0118389073612954	0.0060054755806765	0	0.00247284288616091	0.000794842356266007
2020-10-18	0.00305888350751976	0.00220919364431982	0.856378136265977	0.00637267397399949	0.140976790224815	-0.0117974471785331	0.00739230180983941	8.49689863199932E-05	0.00237913161695981	0.000509813917919959
2020-10-25	0.00327795574759741	0.00424644267302391	0.856323368205958	0.00558742456976831	0.166257567211154	-0.0109755401418964	0.00730090143783059	7.44989942635774E-05	0.00260746479922521	0.000521492959845042
2020-11-01	0.00555338287055143	0.0046929996089167	0.855891390580479	0.00617911615174032	0.140708724205009	-0.0104058632021088	0.0100117324990223	0.000156433320297223	0.0026593664450528	0.00046929996089167
2020-11-08	0.00488580843086013	0.00414725599363709	0.856461116431574	0.00607885467560504	0.179945608306022	-0.0112258494828657	0.00891944097261675	5.68117259402341E-05	0.00420406771957732	0.000340870355641404
2020-11-15	0.00521455730581206	0.00298750678978816	0.855513307984791	0.00896252036936448	0.176312280875019	-0.0100538245024937	0.010483432916893	0	0.00380228136882129	0.000162954915806627
2020-11-22	0.00740902157332752	0.00406769811868962	0.856634394878021	0.0033413234546379	0.132869019554572	-0.00841085260348718	0.011839907024043	7.26374664051718E-05	0.00530253504757754	0.000363187332025859
2020-11-29	0.014059618930547	0.00476336816226183	0.855836772324172	0.00253534111862323	0.114701985169103	-0.00699438852481263	0.0216656422864167	0	0.0044560540872772	0.00053779963122311
2020-12-06	0.0111171736461601	0.00395580411949257	0.854141902293587	0.00252353021415905	0.072267386139982	0.0060417688981323	0.0142545355340336	0.000204610557904788	0.00770699768108034	0.00109125630882554
2020-12-13	0.0100542461653573	0.00420875420875421	0.854430548874993	0.00224466891133558	0.11968227246005	0.0349460210571322	0.0100074822297045	4.67639356528245E-05	0.0100074822297045	0.000654695099139544
2020-12-20	0.0123218926427099	0.00519759835110673	0.854588864849641	0.00259879917555336	0.119417324319197	0.040646825170528	0.0104848104668877	0.000358455058697016	0.0110672999372704	0.00089613764674254
2020-12-27	0.0195298372513562	0.00934297769740808	0.851537070524412	0.00391802290536468	0.105518110581402	0.0120883336073209	0.0154912597950573	0.00174804098854732	0.00898131404460518	0.00198915009041591
2021-01-03	0.0228800851352005	0.0098195714216611	0.851483301200323	0.00440187684419291	0.0723416766081111	0.0247433599632119	0.0181396023799158	0.00241861365065544	0.0098195714216611	0.00309582547283897
2021-01-10	0.0261239368165249	0.00771924808805661	0.852711436944158	0.00486026731470231	0.062239918611872	0.0613822243798657	0.0202272889714817	0.00217997283968265	0.0127939389607605	0.00293045529268816
2021-01-17	0.0326579433832324	0.011127623328138	0.852177109924763	0.00540070317880315	0.0736054695241327	0.0741129181449599	0.0220015223458625	0.0027547210844902	0.0151872122947552	0.00384211098626264
2021-01-24	0.0363571766935102	0.014882362229591	0.850984638289233	0.00844781304279173	0.0685304352997389	0.081478485197102	0.0264092846991947	0.00560555818727301	0.0181193747039318	0.00714511290067898
2021-01-31	0.0520570191266691	0.0227354745579213	0.849835026034954	0.00978888487910502	0.0863002479296236	0.0616250404233082	0.028915553951642	0.00618007939372068	0.0165102850956333	0.0074431613136052
2021-02-07	0.0655753352741851	0.0285877917243354	0.850222607059337	0.0158927122607741	0.0846123761219451	0.0713445863066442	0.0364148331981101	0.0111201259962774	0.0214289123275903	0.0122178208371116
2021-02-14	0.0818120676402767	0.0564469638739431	0.850465301416493	0.0231072252113759	0.089386161494155	0.0627239785579524	0.0440526518063028	0.0180630284396618	0.0268063028439662	0.0192640276710223
2021-02-21	0.0993830680698844	0.0575975944839027	0.847862956681454	0.0304318523510809	0.10428189675429	0.0643627718644567	0.0470216185390637	0.0241588470112499	0.0311576546218052	0.0263880968427601
2021-02-28	0.135457337706284	0.0756416263209954	0.837933111711028	0.0459680358165443	0.117004136994766	0.08800731258954	0.0633036597428289	0.0370138997344995	0.047321568014993	0.0418033213597793
2021-03-07	0.162349263063868	0.0813421170165252	0.837882026414853	0.0472309066547566	0.110617274641393	0.110505617651665	0.0586757481018312	0.0374609200535954	0.0489615899955337	0.0439928539526574
2021-03-14	0.212028662046282	0.110830494537766	0.850505948884899	0.0646658052390462	0.115169923463122	0.110588694754089	0.0763538118172207	0.0502173146951721	0.0658404792670034	0.0650769411488312
2021-03-21	0.256930603370176	0.131907954339554	0.851888282038671	0.076825511868092	0.142234343538928	0.14060361333418	0.0862475086066316	0.0631756960802078	0.0817177024823338	0.0770671015280546
2021-03-28	0.358103241296519	0.190336134453782	0.849879951980792	0.139675870348139	0.177349121466769	0.145896540434356	0.152220888355342	0.125870348139256	0.139735894357743	0.139195678271309
2021-04-04	0.393523853422448	0.255070292694169	0.85195733052382	0.143005300760544	0.180894065602524	0.149319970188834	0.150380271952063	0.121744641622494	0.143293385572713	0.145021894445725
2021-04-11	0.464425041798254	0.275930398167069	0.853489380147377	0.223047866740975	0.248701017231576	0.149128288270031	0.232088674221314	0.202241624868413	0.223667100130039	0.229054430614899
2021-04-18	0.482215622625872	0.270529732716348	0.853482383353231	0.218385247599972	0.238964088608401	0.148695423645351	0.223772359969611	0.203259893639063	0.219144968575178	0.227640030388839
2021-04-25	0.551139544182327	0.335065973610556	0.853384360541498	0.281807277089164	0.302006989412027	0.126877041391236	0.283806477409036	0.26077568972411	0.282766893242703	0.296681327469012
2021-05-02	0.589837398373984	0.400650406504065	0.853728222996516	0.34520325203252	0.361403230915426	0.115386970752824	0.346178861788618	0.329837398373984	0.346341463414634	0.358048780487805
2021-05-09	0.575014153613889	0.391677675033025	0.854029062087186	0.325816191734289	0.346892209507797	0.112414006073187	0.324306472919419	0.300339686733346	0.332138139271561	0.344310247216456
2021-05-16	0.643866794441782	0.459032103497844	0.854986652063796	0.395903210349784	0.413702014324918	0.094583662623912	0.396262577862961	0.373263057019645	0.39758025874461	0.415428845232391
2021-05-23	0.701525914233097	0.559063404367272	0.855301236516706	0.490923441199684	0.508060079883284	0.0855396905120662	0.49381741646935	0.476322020520916	0.494343593791108	0.513154433043936
2021-05-30	0.718340611353712	0.62694946974423	0.856519026824704	0.516063630692452	0.526470254636193	0.0720098678613962	0.517623206487835	0.497816593886463	0.520898315658141	0.548970679975047
2021-06-06	0.758861788617886	0.629918699186992	0.856492450638792	0.540650406504065	0.547663393517052	0.0549804666877837	0.542276422764228	0.523739837398374	0.546178861788618	0.596422764227642
2021-06-13	0.769324725178852	0.657127900889897	0.856095919435651	0.571802477752574	0.57504299922726	0.0548894483635366	0.573547373931251	0.553132088640726	0.574245332402722	0.621357529227011
2021-06-20	0.741241431835491	0.654036557501904	0.853334784027853	0.536176694592536	0.543182065459293	0.0471805422300472	0.534463061690785	0.523038842345773	0.533320639756283	0.57996953541508
2021-06-27	0.794708573702009	0.708175850407798	0.855153599136093	0.566938531927591	0.570860211998068	0.0415186563983063	0.566540680326238	0.553411577481599	0.571314899542471	0.626616272130495
2021-07-04	0.847766457680251	0.779192789968652	0.855575459023735	0.639890282131661	0.646691670398567	0.0299205105239588	0.640673981191223	0.63166144200627	0.638322884012539	0.682210031347962
2021-07-11	0.825961324738831	0.770615692376084	0.853586511288223	0.592576128028451	0.596704029466866	0.037468643825612	0.590575683485219	0.583907535007779	0.592798399644365	0.640586797066015
2021-07-18	0.731391585760518	0.779554540262707	0.855048815642762	0.503331429659242	0.507096748672991	0.0212791206509082	0.501808490386446	0.495907100704359	0.498952979249952	0.541404911479155
2021-07-25	0.88076179961358	0.809274082252277	0.856038799731872	0.603643389456252	0.606113180223034	0.0179265945205774	0.60529947557273	0.593154844051891	0.603091360750759	0.659398288711013
2021-08-01	0.841939546599496	0.77676322418136	0.855253688377114	0.557934508816121	0.559745984494095	0.0184991331087049	0.555100755667506	0.550692695214106	0.556045340050378	0.596347607052897
2021-08-08	0.428389470704783	0.509482026606284	0.849642149528931	0.261675629776394	0.252934300344433	0.0144684073356589	0.261958675346731	0.259977356354373	0.258703651287857	0.271440701953014
2021-08-15	0.608841259209645	0.577695914266577	0.847430867859535	0.421299397186872	0.411661346021694	0.0057671732152643	0.417615539182853	0.4125920964501	0.415271265907569	0.424983255190891
2021-08-22	0.198596267347264	0.193172754825331	0.857142857142857	0.155208167171798	0.1452519405941	0.719984752844858	0.155367682245972	0.153293986281704	0.1545701068751	0.159674589248684
2021-08-29	0.865384615384615	0.82943143812709	0.851290014333492	0.668896321070234	0.668451114103288	0.0012270338357295	0.669732441471572	0.659698996655518	0.663879598662207	0.681438127090301
2021-09-05	0.862326574172892	0.844183564567769	0.852873913706358	0.663820704375667	0.649766455529529	-0.0012474185366395	0.661686232657417	0.660618996798292	0.656350053361793	0.665955176093917
2021-09-12	0.828220858895706	0.800613496932515	0.85407537248028	0.618098159509202	0.609712373516054	0.0069516373197355	0.610429447852761	0.604294478527607	0.601226993865031	0.616564417177914
2021-09-19	0.733441033925687	0.718901453957997	0.842603277175167	0.492730210016155	0.476512179258544	0.0839435201309191	0.484652665589661	0.483037156704362	0.481421647819063	0.484652665589661
TMP	-1	1	0	1	0	1	0	1	0	1
