Date	L216F	L5F	S704L	W152R	K1191N	T33I	A706V	Q836R	G1251R	W1214G
2020-11-15	0	0	0	0	0	0	0	0	0	0
2020-11-22	-0.013355592654424	0.00265020534584278	0	0	-0.00333889816360601	0	-1.08171646769004E-05	0	0	-0.0215153405423727
2020-11-29	-0.013355592654424	0.00390675909663565	0	0	-0.00333889816360601	0	-0.0125643110264319	0	0	-0.0220131445842203
2020-12-06	-0.0112096699076429	0.00262239641175922	0	0.00214592274678112	0.00095294732995622	0	-0.0131227295850738	0	0	-0.0345855395616443
2020-12-13	-0.013355592654424	-0.00029896027412827	0	0	-0.00333889816360601	0	-0.0230229917229187	0	0	-0.0508392623307767
2020-12-20	-0.0108018578172246	0.00322520935616251	0.000638433709299851	0.000425622472866567	-0.00248765321787288	0	-0.0243848280865356	0	0	-0.0391970585863295
2020-12-27	-0.0124333670165513	0.0189269234973547	0	0.000922225637872733	-0.00149444688786054	0.000307408545957578	-0.03242416015626	0	0	-0.0117898105614081
2021-01-03	-0.0121445199900641	0.0275693052434565	0.000173010380622837	0.000519031141868512	0.00237044439694762	0.000173010380622837	-0.0311915476197353	0	0.000173010380622837	-0.0318567277642669
2021-01-10	-0.0103075555902933	0.0436853424324618	0	0.000121921482565228	-0.00041278258204054	0.000365764447695684	-0.0320948634621874	0	0	-0.001399349236454
2021-01-17	-0.0112056580872152	0.0231015361490813	0.000467377079828005	0.000560852495793606	0.00133487263467404	0.000467377079828005	-0.0328019123291109	0	9.3475415965601E-05	0.0457419373162287
2021-01-24	-0.0094211664249158	0.0219371082952462	0.00040983606557377	0.000655737704918033	0.00198897068885301	0.000327868852459016	-0.034432797832453	0	8.19672131147541E-05	0.0370995374805002
2021-01-31	-0.0111109823292165	0.0336701134801848	0.000887404082058777	0.00057420264133215	0.0047521390551652	0.000261001200605523	-0.0341178677936109	0	0	-0.000753286937573996
2021-02-07	-0.0124517837454505	0.0440374586005727	0.0012911555842479	0.00025823111684958	0.0044725931210938	0.000516462233699161	-0.0344037997480199	0	6.45577792123951E-05	-0.0392932701479009
2021-02-14	-0.0123364324424387	0.0326252920515032	0.00101916021198532	0.00173257236037505	0.00562971170186484	0.000611496127191194	-0.0351481814710888	5.09580105992662E-05	0	-0.0274969084906425
2021-02-21	-0.0120466385905307	0.0213190566653234	0.00237247924080664	0.00781281956886326	0.00868711729841389	0.000818096289933325	-0.0343554005588595	8.18096289933325E-05	0	-0.0328958020529301
2021-02-28	-0.0117653180670119	0.0307721525014037	0.00243842103403188	0.0142417924161572	0.0110089125583787	0.00134289854048132	-0.0349255686005991	0	0	-0.0158833947309315
2021-03-07	-0.0125693796850549	0.0354398030724205	0.00264167557708032	0.0164475753192025	0.017731609415487	0.000849110006918674	-0.0346522775605316	0.000157242593873829	3.14485187747657E-05	-0.0375067425309243
2021-03-14	-0.0115257435543087	0.0232967112430579	0.00233117762069484	0.0149897227653281	0.0200480773214293	0.000902391337043164	-0.0340959050666235	0.000551461372637489	2.50664260289768E-05	-0.018439641343383
2021-03-21	-0.0120183718814666	0.0282536059196219	0.00278404980599338	0.0145998202424535	0.0243919916362493	0.00122761251287897	-0.0349960692904261	0.000219216520156959	0	-0.0428746524695364
2021-03-28	-0.0119512391585869	0.0271398597756551	0.00216671682214866	0.016250376166115	0.0303254613508889	0.00198615708696961	-0.0351630287614476	0.000320995084762765	2.00621927976728E-05	-0.033737072403583
2021-04-04	-0.012166434496389	0.0267268276229987	0.00164021814901382	0.0148439742485751	0.0442069254309321	0.00219379177430598	-0.0346160989328108	0.000205027268626727	2.05027268626727E-05	-0.037606040000649
2021-04-11	-0.0124648185292914	0.0372488966233932	0.00199363732767762	0.0128313891834571	0.0507862343920674	0.00269353128313892	-0.0349675404571422	2.12089077412513E-05	2.12089077412513E-05	-0.0501410445475581
2021-04-18	-0.0121193774352411	0.0332781589398602	0.00221733840901064	0.014834582630195	0.0466395171262178	0.0036497782661591	-0.0350403479131624	1.96224637965543E-05	1.96224637965543E-05	-0.0502027468959654
2021-04-25	-0.0120174006547534	0.0364793166934219	0.0026557964301155	0.0142260103349598	0.043909573209379	0.00514689230642538	-0.0349779364154815	4.1175138451403E-05	2.05875692257015E-05	-0.0510117690437679
2021-05-02	-0.0121379177942502	0.0343448327996078	0.00280684374548532	0.0152312550306483	0.0435519032315605	0.00641859121210245	-0.0357372290659654	0.000247662683425175	0.000123831341712587	-0.0512369576120908
2021-05-09	-0.0118527235406614	0.0356745713207838	0.00275526004189817	0.0214955824756353	0.0396522667876646	0.00701338919755898	-0.0357487378013056	0.000500956371254213	0.000455414882958375	-0.0517301507917453
2021-05-16	-0.0117396986146889	0.0338272396599189	0.00328476821192053	0.0305430463576159	0.0343034859423543	0.0104370860927152	-0.0359331778129111	0.000874172185430464	0.000291390728476821	-0.0513820606087409
2021-05-23	-0.0120155278326838	0.0343876439124628	0.00411368735976066	0.0426015956120668	0.0291654648381392	0.00666915981052107	-0.036042265239706	0.00162054350536026	0.000155821490900025	-0.0517217572377132
2021-05-30	-0.0124054738895784	0.036176948384547	0.00356294536817102	0.054117181314331	0.0236603100707566	0.00779889152810768	-0.0352631133705291	0.000712589073634204	0.000118764845605701	-0.051040332462259
2021-06-06	-0.0117105066854153	0.038927027250186	0.00498832519634897	0.0606028444067077	0.0173573446723099	0.00716408405858629	-0.0364625433530518	0.00122054765442581	0.000106134578645723	-0.0466584617608985
2021-06-13	-0.0109899729934962	0.044985827564274	0.00256275463267184	0.0385727428045735	0.0182145254137366	0.00946247864371139	-0.0358079165981942	0.00118280983046392	0.000262846628991983	-0.0470873938712855
2021-06-20	-0.0115083588869907	0.0543940957597967	0.00267848896277824	0.0304793571626489	0.0203056940595398	0.0114528493580863	-0.0358966246043211	0.00323265909300822	0	-0.0491667942614866
2021-06-27	-0.0116332364711653	0.0516087688536661	0.00195200367435986	0.0353657136295786	0.0192813797098582	0.0226202778734642	-0.0362685848174638	0.00631530600528189	0.000574118727752899	-0.04715997171387
2021-07-04	-0.0119830137311359	0.0332550590774162	0.00350770169284734	0.0517004727771847	0.0175548032242238	0.0242488943114229	-0.0367278797996661	0.00747292969345737	0.000762543846271161	-0.0476351847660289
2021-07-11	-0.0100292621222111	0.0315938562403259	0.00315126050420168	0.0425420168067227	0.013817964581492	0.0301120448179272	-0.0367278797996661	0.0078781512605042	0.00280112044817927	-0.0501772912837924
2021-07-18	-0.0100013887188247	0.0224808192545118	0.00335420393559928	0.0496422182468694	0.00784178162172489	0.0366726296958855	-0.0367278797996661	0.0147584973166369	0.00737924865831843	-0.0517529215358932
2021-07-25	-0.00804981214618608	0.0240216986422964	0.00307176766266406	0.0268081541468863	0.0117406885440176	0.0293214185981569	-0.0364486281939694	0.0139625802848366	0.00446802569114772	-0.0517529215358932
2021-08-01	-0.0032677306303433	0.0282687220864365	0.00357956394402864	0.0231044581841848	0.00609813405246949	0.0475105759843801	-0.0367278797996661	0.0159453302961276	0.00553205336804426	-0.0514275066318906
2021-08-08	0.0222225521994515	0.0421679079702936	0.00444726810673443	0.0203303684879288	0.00682628608035839	0.0298602287166455	-0.0360925557844183	0.0196950444726811	0.0120711562897078	-0.0517529215358932
2021-08-15	0.004644407345576	0.035530550918197	0.1204	0.0088	-0.00053889816360601	0.02	-0.0367278797996661	0.0204	0.016	-0.0517529215358932
2021-08-22	0.0370222410987246	0.0184816844194564	0.00377833753148615	0.0125944584382872	0.00673666858702369	0.0705289672544081	-0.0367278797996661	0.0604534005037783	0.052896725440806	-0.0517529215358932
TMP	-1	1	0	1	0	1	0	1	0	1
