Date	F157S	R346T	L455S	F456L	E484K	T572I	E1150D	V1104L	A27S	A475V
2023-10-01	0	0	0	0	0	0	0	0	0	0
2023-10-08	-0.011438970492656	0	0.034186923176914	0	0.019173274405303	-0.0242428181463668	-0.00383465488106074	0.00636942675159236	0	-0.0408163265306122
2023-10-15	0.00502354788069104	0	0.103401360544218	0	0.020251177394034	-0.0306122448979592	-0.0102040816326531	0	0.00512820512820513	-0.0254317111459968
2023-10-22	-0.015024907600836	0.0078740157480315	0.175317371042905	0	0.015587337297123	-0.0306122448979592	-0.0102040816326531	0.0118110236220472	0.0196850393700787	-0.0053832556644705
2023-10-29	0.00320914606628908	0.00737100737100737	0.247054104196961	0.00491400491400491	0.00433736148021802	-0.0306122448979592	-0.0102040816326531	0.00491400491400491	0.00982800982800983	0.000952715238429602
2023-11-05	0.013041680760702	0.00920810313075507	0.333972262938324	0.00552486187845304	0.00866313376179206	-0.0250873830195062	-0.0102040816326531	0.00920810313075507	0.00920810313075507	-0.0297666027737061
2023-11-12	0.00600240096038407	0.0108043217286915	0.402160864345738	0	-0.00300120048019192	-0.0174069627851141	-0.0102040816326531	0.0120048019207683	0.0420168067226891	-0.0204081632653061
2023-11-19	-0.00637755102040793	0.0105519480519481	0.476345083487941	0.000811688311688312	-0.01878478664193	-0.0200602968460111	-0.0102040816326531	0.00568181818181818	0.0657467532467532	-0.0172773654916512
2023-11-26	0.00309655430400302	0.00661914460285132	0.5831705390914	0.00254582484725051	-0.0452117710628039	-0.0224656053867576	-0.009694916663203	0.00712830957230143	0.0758655804480652	-0.0260505424165592
2023-12-03	0.00188964474678799	0.00432098765432099	0.658339632149156	0.00185185185185185	-0.029226505416982	-0.016106072058453	-0.00866087175610989	0.00524691358024691	0.0774691358024691	-0.0281620055429579
2023-12-10	-0.000281491907107911	0.00417972831765935	0.69086217559124	0.00229885057471264	-0.019617000405178	-0.012430426716141	-0.00811421747382342	0.00313479623824451	0.0666666666666667	-0.0341287612223572
2023-12-17	-0.00144191647951097	0.00653907496012759	0.722061647625557	0.0025518341307815	-0.00623637014614498	-0.0066887999218826	-0.00494092373791626	0.00287081339712919	0.0567783094098884	-0.0312469485401816
2023-12-24	-0.00343734471118395	0.00705289672544081	0.759320756010213	0.00201511335012594	-0.00859336177796099	-0.0067667369214689	-0.00617385493240121	0.00235096557514694	0.0512174643157011	-0.0364502476053393
2023-12-31	0.00617867492137603	0.00923402966999697	0.773307506472162	0.00211928549803209	0.018474238014915	-0.0007908703899362	-0.0036948476029831	0.00257341810475325	0.0280048440811384	-0.0344584700365159
2024-01-07	0.010761404859858	0.0124840402894028	0.788926494132906	0.00312101007235069	0.010021684940113	0.0120888474555661	0.0022799586567497	0.00226982550716414	0.0337636544190665	-0.037411588269866
2024-01-14	0.014761803681354	0.0170876671619614	0.791415228795827	0.0050520059435364	0.00986141856445399	0.0151529854140765	0.0045061709676441	0.00326894502228826	0.0407132243684993	-0.0373987930982199
2024-01-21	0.016251488605034	0.0174260591526779	0.80747809915333	0.00511590727418066	0.015209057244	0.0250232467087554	0.0093003148501606	0.00111910471622702	0.0388489208633093	-0.0380985007912037
2024-01-28	0.016582741599509	0.0239958268127282	0.809435093807998	0.00573813249869588	0.031893299834279	0.0398102903133084	0.0160522216189553	0.00382542166579725	0.0199965223439402	-0.0389036156977136
2024-02-04	0.0175788087118131	0.0258178603006189	0.807203305725473	0.0114942528735632	0.035989462097836	0.0606344394521734	0.0256933542647828	0.00459770114942529	0.0226348364279399	-0.0372796333387466
2024-02-11	0.0177020849971961	0.0412156536219817	0.8017638362589	0.0158201498751041	0.042069533891825	0.0740921680912168	0.0316360515896616	0.00728559533721898	0.00811823480432972	-0.0385265679960577
2024-02-18	0.01457799849978	0.0456273764258555	0.802514161558159	0.0220532319391635	0.037332195235508	0.0885259046584418	0.0361837510669667	0.0121673003802281	0.0119138149556401	-0.0400558702568479
2024-02-25	0.016844159701302	0.0594000594000594	0.812677669820527	0.0267300267300267	0.0388433959862531	0.119669905384191	0.0509779795494081	0.00861300861300861	0.0115830115830116	-0.0402223259366116
2024-03-03	0.014758445751182	0.0867635189669088	0.820189092586187	0.0460048426150121	0.032860601867866	0.129597601752566	0.0543641185287674	0.0193704600484262	0.0161420500403551	-0.0392021215265767
2024-03-10	0.0163623102646321	0.0734996628455833	0.8212255907083	0.0708024275118004	0.028093907826111	0.166285934468191	0.0713872872142788	0.031018206338503	0.0202292650033715	-0.0374447823633836
2024-03-17	0.01777427388866	0.100965759438104	0.826199136370966	0.121158911325724	0.031705219401193	0.173953163354894	0.0617888946623425	0.0658472344161545	0.0166812993854258	-0.0364265109028686
2024-03-24	0.01758728879422	0.169252468265162	0.824040758757664	0.239774330042313	0.017169914510233	0.216214271322069	0.0828847759131861	0.110014104372355	0.0296191819464034	-0.0394058892950692
TMP	-1	1	0	1	0	1	0	1	0	1
