VOC	TopK	Week	Mut	Lineage	Proportion	HaploWeeklyCases	VOCWeeklyCases	HaploCount	OtherCount	PreviousVOCCount
BA.2.86	65	2023-10-01	T19I R21T S50L F59S G142D F157S R158G V213G L216F H245N A264D I332V G339H R346T K356T S371F S373P S375F T376A D405N R408S K417N N440K V445H G446S N450D L452W L455S N460K S477N T478K N481K E484K F486P Q498R N501Y Y505H E554K A570V D614G P621S H655Y N679K P681R N764K D796Y S939F Q954H N969K A1087S P1143L	JN.1	0	0	1435.81537692836	0	98	10209
BA.2.86	65	2023-10-08	T19I R21T S50L F59S G142D F157S R158G V213G L216F H245N A264D I332V G339H R346T K356T S371F S373P S375F T376A D405N R408S K417N N440K V445H G446S N450D L452W L455S N460K S477N T478K N481K E484K F486P Q498R N501Y Y505H E554K A570V D614G P621S H655Y N679K P681R N764K D796Y S939F Q954H N969K A1087S P1143L	JN.1	0	0	2422.52392979729	0	157	9745
BA.2.86	65	2023-10-15	T19I R21T S50L F59S G142D F157S R158G V213G L216F H245N A264D I332V G339H R346T K356T S371F S373P S375F T376A D405N R408S K417N N440K V445H G446S N450D L452W L455S N460K S477N T478K N481K E484K F486P Q498R N501Y Y505H E554K A570V D614G P621S H655Y N679K P681R N764K D796Y S939F Q954H N969K A1087S P1143L	JN.1	0	0	3208.05187816166	0	195	8702
BA.2.86	65	2023-10-22	T19I R21T S50L F59S G142D F157S R158G V213G L216F H245N A264D I332V G339H R346T K356T S371F S373P S375F T376A D405N R408S K417N N440K V445H G446S N450D L452W L455S N460K S477N T478K N481K E484K F486P Q498R N501Y Y505H E554K A570V D614G P621S H655Y N679K P681R N764K D796Y S939F Q954H N969K A1087S P1143L	JN.1	0	0	4135.93662950032	0	254	8292
BA.2.86	65	2023-10-29	T19I R21T S50L F59S G142D F157S R158G V213G L216F H245N A264D I332V G339H R346T K356T S371F S373P S375F T376A D405N R408S K417N N440K V445H G446S N450D L452W L455S N460K S477N T478K N481K E484K F486P Q498R N501Y Y505H E554K A570V D614G P621S H655Y N679K P681R N764K D796Y S939F Q954H N969K A1087S P1143L	JN.1	0	0	6296.05161449	0	407	8733
BA.2.86	65	2023-11-05	T19I R21T S50L F59S G142D F157S R158G V213G L216F H245N A264D I332V G339H R346T K356T S371F S373P S375F T376A D405N R408S K417N N440K V445H G446S N450D L452W L455S N460K S477N T478K N481K E484K F486P Q498R N501Y Y505H E554K A570V D614G P621S H655Y N679K P681R N764K D796Y S939F Q954H N969K A1087S P1143L	JN.1	0	0	9092.04654687162	0	543	8422
BA.2.86	65	2023-11-12	T19I R21T S50L F59S G142D F157S R158G V213G L216F H245N A264D I332V G339H R346T K356T S371F S373P S375F T376A D405N R408S K417N N440K V445H G446S N450D L452W L455S N460K S477N T478K N481K E484K F486P Q498R N501Y Y505H E554K A570V D614G P621S H655Y N679K P681R N764K D796Y S939F Q954H N969K A1087S P1143L	JN.1	0	0	15795.2264682079	0	833	8399
BA.2.86	65	2023-11-19	T19I R21T S50L F59S G142D F157S R158G V213G L216F H245N A264D I332V G339H R346T K356T S371F S373P S375F T376A D405N R408S K417N N440K V445H G446S N450D L452W L455S N460K S477N T478K N481K E484K F486P Q498R N501Y Y505H E554K A570V D614G P621S H655Y N679K P681R N764K D796Y S939F Q954H N969K A1087S P1143L	JN.1	0	0	27868.891421891	0	1232	7701
BA.2.86	65	2023-11-26	T19I R21T S50L F59S G142D F157S R158G V213G L216F H245N A264D I332V G339H R346T K356T S371F S373P S375F T376A D405N R408S K417N N440K V445H G446S N450D L452W L455S N460K S477N T478K N481K E484K F486P Q498R N501Y Y505H E554K A570V D614G P621S H655Y N679K P681R N764K D796Y S939F Q954H N969K A1087S P1143L	JN.1	0	0	51030.7330086809	0	1964	7293
BA.2.86	65	2023-12-03	T19I R21T S50L F59S G142D F157S R158G V213G L216F H245N A264D I332V G339H R346T K356T S371F S373P S375F T376A D405N R408S K417N N440K V445H G446S N450D L452W L455S N460K S477N T478K N481K E484K F486P Q498R N501Y Y505H E554K A570V D614G P621S H655Y N679K P681R N764K D796Y S939F Q954H N969K A1087S P1143L	JN.1	0	0	87073.3768815677	0	3240	7161
BA.2.86	65	2023-12-10	T19I R21T S50L F59S G142D F157S R158G V213G L216F H245N A264D I332V G339H R346T K356T S371F S373P S375F T376A D405N R408S K417N N440K V445H G446S N450D L452W L455S N460K S477N T478K N481K E484K F486P Q498R N501Y Y505H E554K A570V D614G P621S H655Y N679K P681R N764K D796Y S939F Q954H N969K A1087S P1143L	JN.1	0	0	139812.091733427	0	4785	6411
BA.2.86	65	2023-12-17	T19I R21T S50L F59S G142D F157S R158G V213G L216F H245N A264D I332V G339H R346T K356T S371F S373P S375F T376A D405N R408S K417N N440K V445H G446S N450D L452W L455S N460K S477N T478K N481K E484K F486P Q498R N501Y Y505H E554K A570V D614G P621S H655Y N679K P681R N764K D796Y S939F Q954H N969K A1087S P1143L	JN.1	0	0	188081.719091674	0	6270	5452
BA.2.86	65	2023-12-24	T19I R21T S50L F59S G142D F157S R158G V213G L216F H245N A264D I332V G339H R346T K356T S371F S373P S375F T376A D405N R408S K417N N440K V445H G446S N450D L452W L455S N460K S477N T478K N481K E484K F486P Q498R N501Y Y505H E554K A570V D614G P621S H655Y N679K P681R N764K D796Y S939F Q954H N969K A1087S P1143L	JN.1	0	0	202748.233067322	0	5955	3669
BA.2.86	65	2023-12-31	T19I R21T S50L F59S G142D F157S R158G V213G L216F H245N A264D I332V G339H R346T K356T S371F S373P S375F T376A D405N R408S K417N N440K V445H G446S N450D L452W L455S N460K S477N T478K N481K E484K F486P Q498R N501Y Y505H E554K A570V D614G P621S H655Y N679K P681R N764K D796Y S939F Q954H N969K A1087S P1143L	JN.1	0	0	188161.176865046	0	6606	2805
BA.2.86	65	2024-01-07	T19I R21T S50L F59S G142D F157S R158G V213G L216F H245N A264D I332V G339H R346T K356T S371F S373P S375F T376A D405N R408S K417N N440K V445H G446S N450D L452W L455S N460K S477N T478K N481K E484K F486P Q498R N501Y Y505H E554K A570V D614G P621S H655Y N679K P681R N764K D796Y S939F Q954H N969K A1087S P1143L	JN.1	0	0	160719.693015031	0	7049	2223
BA.2.86	65	2024-01-14	T19I R21T S50L F59S G142D F157S R158G V213G L216F H245N A264D I332V G339H R346T K356T S371F S373P S375F T376A D405N R408S K417N N440K V445H G446S N450D L452W L455S N460K S477N T478K N481K E484K F486P Q498R N501Y Y505H E554K A570V D614G P621S H655Y N679K P681R N764K D796Y S939F Q954H N969K A1087S P1143L	JN.1	0	0	138584.882483722	0	6730	1513
BA.2.86	65	2024-01-21	T19I R21T S50L F59S G142D F157S R158G V213G L216F H245N A264D I332V G339H R346T K356T S371F S373P S375F T376A D405N R408S K417N N440K V445H G446S N450D L452W L455S N460K S477N T478K N481K E484K F486P Q498R N501Y Y505H E554K A570V D614G P621S H655Y N679K P681R N764K D796Y S939F Q954H N969K A1087S P1143L	JN.1	0	0	121909.305386796	0	6255	984
BA.2.86	65	2024-01-28	T19I R21T S50L F59S G142D F157S R158G V213G L216F H245N A264D I332V G339H R346T K356T S371F S373P S375F T376A D405N R408S K417N N440K V445H G446S N450D L452W L455S N460K S477N T478K N481K E484K F486P Q498R N501Y Y505H E554K A570V D614G P621S H655Y N679K P681R N764K D796Y S939F Q954H N969K A1087S P1143L	JN.1	0	0	101765.516456475	0	5751	615
BA.2.86	65	2024-02-04	T19I R21T S50L F59S G142D F157S R158G V213G L216F H245N A264D I332V G339H R346T K356T S371F S373P S375F T376A D405N R408S K417N N440K V445H G446S N450D L452W L455S N460K S477N T478K N481K E484K F486P Q498R N501Y Y505H E554K A570V D614G P621S H655Y N679K P681R N764K D796Y S939F Q954H N969K A1087S P1143L	JN.1	0	0	90454.6261758028	0	5655	407
BA.2.86	65	2024-02-11	T19I R21T S50L F59S G142D F157S R158G V213G L216F H245N A264D I332V G339H R346T K356T S371F S373P S375F T376A D405N R408S K417N N440K V445H G446S N450D L452W L455S N460K S477N T478K N481K E484K F486P Q498R N501Y Y505H E554K A570V D614G P621S H655Y N679K P681R N764K D796Y S939F Q954H N969K A1087S P1143L	JN.1	0	0	79526.9500607456	0	4804	292
BA.2.86	65	2024-02-18	T19I R21T S50L F59S G142D F157S R158G V213G L216F H245N A264D I332V G339H R346T K356T S371F S373P S375F T376A D405N R408S K417N N440K V445H G446S N450D L452W L455S N460K S477N T478K N481K E484K F486P Q498R N501Y Y505H E554K A570V D614G P621S H655Y N679K P681R N764K D796Y S939F Q954H N969K A1087S P1143L	JN.1	0	0	72235.7003065315	0	3945	183
BA.2.86	65	2024-02-25	T19I R21T S50L F59S G142D F157S R158G V213G L216F H245N A264D I332V G339H R346T K356T S371F S373P S375F T376A D405N R408S K417N N440K V445H G446S N450D L452W L455S N460K S477N T478K N481K E484K F486P Q498R N501Y Y505H E554K A570V D614G P621S H655Y N679K P681R N764K D796Y S939F Q954H N969K A1087S P1143L	JN.1	0	0	67778.9136253041	0	3367	100
BA.2.86	65	2024-03-03	T19I R21T S50L F59S G142D F157S R158G V213G L216F H245N A264D I332V G339H R346T K356T S371F S373P S375F T376A D405N R408S K417N N440K V445H G446S N450D L452W L455S N460K S477N T478K N481K E484K F486P Q498R N501Y Y505H E554K A570V D614G P621S H655Y N679K P681R N764K D796Y S939F Q954H N969K A1087S P1143L	JN.1	0	0	61983.9930769231	0	2478	52
BA.2.86	65	2024-03-10	T19I R21T S50L F59S G142D F157S R158G V213G L216F H245N A264D I332V G339H R346T K356T S371F S373P S375F T376A D405N R408S K417N N440K V445H G446S N450D L452W L455S N460K S477N T478K N481K E484K F486P Q498R N501Y Y505H E554K A570V D614G P621S H655Y N679K P681R N764K D796Y S939F Q954H N969K A1087S P1143L	JN.1	0.00134861766689144	76.0786346943184	56412.3076258371	2	1481	22
BA.2.86	65	2024-03-17	T19I R21T S50L F59S G142D F157S R158G V213G L216F H245N A264D I332V G339H R346T K356T S371F S373P S375F T376A D405N R408S K417N N440K V445H G446S N450D L452W L455S N460K S477N T478K N481K E484K F486P Q498R N501Y Y505H E554K A570V D614G P621S H655Y N679K P681R N764K D796Y S939F Q954H N969K A1087S P1143L	JN.1	0	0	49523.950294861	0	1139	16
BA.2.86	65	2024-03-24	T19I R21T S50L F59S G142D F157S R158G V213G L216F H245N A264D I332V G339H R346T K356T S371F S373P S375F T376A D405N R408S K417N N440K V445H G446S N450D L452W L455S N460K S477N T478K N481K E484K F486P Q498R N501Y Y505H E554K A570V D614G P621S H655Y N679K P681R N764K D796Y S939F Q954H N969K A1087S P1143L	JN.1	0	0	67705.2797619048	0	709	6
