VOC	TopK	Week	Mut	Lineage	Proportion	HaploWeeklyCases	VOCWeeklyCases	HaploCount	OtherCount	PreviousVOCCount
BA.2.86	36	2023-10-01	T19I R21T S50L V127F G142D F157S R158G V213G L216F H245N A264D I332V G339H R346T K356T S371F S373P S375F T376A R403K D405N R408S K417N N440K V445H G446S N450D L452W L455S N460K S477N T478K N481K E484K F486P Q498R N501Y Y505H E554K A570V T572I D614G P621S H655Y N679K P681R N764K D796Y S939F Q954H N969K P1143L	JN.1	0	0	1435.81537692836	0	98	10209
BA.2.86	36	2023-10-08	T19I R21T S50L V127F G142D F157S R158G V213G L216F H245N A264D I332V G339H R346T K356T S371F S373P S375F T376A R403K D405N R408S K417N N440K V445H G446S N450D L452W L455S N460K S477N T478K N481K E484K F486P Q498R N501Y Y505H E554K A570V T572I D614G P621S H655Y N679K P681R N764K D796Y S939F Q954H N969K P1143L	JN.1	0	0	2422.52392979729	0	157	9745
BA.2.86	36	2023-10-15	T19I R21T S50L V127F G142D F157S R158G V213G L216F H245N A264D I332V G339H R346T K356T S371F S373P S375F T376A R403K D405N R408S K417N N440K V445H G446S N450D L452W L455S N460K S477N T478K N481K E484K F486P Q498R N501Y Y505H E554K A570V T572I D614G P621S H655Y N679K P681R N764K D796Y S939F Q954H N969K P1143L	JN.1	0	0	3208.05187816166	0	195	8702
BA.2.86	36	2023-10-22	T19I R21T S50L V127F G142D F157S R158G V213G L216F H245N A264D I332V G339H R346T K356T S371F S373P S375F T376A R403K D405N R408S K417N N440K V445H G446S N450D L452W L455S N460K S477N T478K N481K E484K F486P Q498R N501Y Y505H E554K A570V T572I D614G P621S H655Y N679K P681R N764K D796Y S939F Q954H N969K P1143L	JN.1	0	0	4135.93662950032	0	254	8292
BA.2.86	36	2023-10-29	T19I R21T S50L V127F G142D F157S R158G V213G L216F H245N A264D I332V G339H R346T K356T S371F S373P S375F T376A R403K D405N R408S K417N N440K V445H G446S N450D L452W L455S N460K S477N T478K N481K E484K F486P Q498R N501Y Y505H E554K A570V T572I D614G P621S H655Y N679K P681R N764K D796Y S939F Q954H N969K P1143L	JN.1	0	0	6296.05161449	0	407	8733
BA.2.86	36	2023-11-05	T19I R21T S50L V127F G142D F157S R158G V213G L216F H245N A264D I332V G339H R346T K356T S371F S373P S375F T376A R403K D405N R408S K417N N440K V445H G446S N450D L452W L455S N460K S477N T478K N481K E484K F486P Q498R N501Y Y505H E554K A570V T572I D614G P621S H655Y N679K P681R N764K D796Y S939F Q954H N969K P1143L	JN.1	0	0	9092.04654687162	0	543	8422
BA.2.86	36	2023-11-12	T19I R21T S50L V127F G142D F157S R158G V213G L216F H245N A264D I332V G339H R346T K356T S371F S373P S375F T376A R403K D405N R408S K417N N440K V445H G446S N450D L452W L455S N460K S477N T478K N481K E484K F486P Q498R N501Y Y505H E554K A570V T572I D614G P621S H655Y N679K P681R N764K D796Y S939F Q954H N969K P1143L	JN.1	0	0	15795.2264682079	0	833	8399
BA.2.86	36	2023-11-19	T19I R21T S50L V127F G142D F157S R158G V213G L216F H245N A264D I332V G339H R346T K356T S371F S373P S375F T376A R403K D405N R408S K417N N440K V445H G446S N450D L452W L455S N460K S477N T478K N481K E484K F486P Q498R N501Y Y505H E554K A570V T572I D614G P621S H655Y N679K P681R N764K D796Y S939F Q954H N969K P1143L	JN.1	0	0	27868.891421891	0	1232	7701
BA.2.86	36	2023-11-26	T19I R21T S50L V127F G142D F157S R158G V213G L216F H245N A264D I332V G339H R346T K356T S371F S373P S375F T376A R403K D405N R408S K417N N440K V445H G446S N450D L452W L455S N460K S477N T478K N481K E484K F486P Q498R N501Y Y505H E554K A570V T572I D614G P621S H655Y N679K P681R N764K D796Y S939F Q954H N969K P1143L	JN.1	0	0	51030.7330086809	0	1964	7293
BA.2.86	36	2023-12-03	T19I R21T S50L V127F G142D F157S R158G V213G L216F H245N A264D I332V G339H R346T K356T S371F S373P S375F T376A R403K D405N R408S K417N N440K V445H G446S N450D L452W L455S N460K S477N T478K N481K E484K F486P Q498R N501Y Y505H E554K A570V T572I D614G P621S H655Y N679K P681R N764K D796Y S939F Q954H N969K P1143L	JN.1	0	0	87073.3768815677	0	3240	7161
BA.2.86	36	2023-12-10	T19I R21T S50L V127F G142D F157S R158G V213G L216F H245N A264D I332V G339H R346T K356T S371F S373P S375F T376A R403K D405N R408S K417N N440K V445H G446S N450D L452W L455S N460K S477N T478K N481K E484K F486P Q498R N501Y Y505H E554K A570V T572I D614G P621S H655Y N679K P681R N764K D796Y S939F Q954H N969K P1143L	JN.1	0	0	139812.091733427	0	4785	6411
BA.2.86	36	2023-12-17	T19I R21T S50L V127F G142D F157S R158G V213G L216F H245N A264D I332V G339H R346T K356T S371F S373P S375F T376A R403K D405N R408S K417N N440K V445H G446S N450D L452W L455S N460K S477N T478K N481K E484K F486P Q498R N501Y Y505H E554K A570V T572I D614G P621S H655Y N679K P681R N764K D796Y S939F Q954H N969K P1143L	JN.1	0	0	188081.719091674	0	6270	5452
BA.2.86	36	2023-12-24	T19I R21T S50L V127F G142D F157S R158G V213G L216F H245N A264D I332V G339H R346T K356T S371F S373P S375F T376A R403K D405N R408S K417N N440K V445H G446S N450D L452W L455S N460K S477N T478K N481K E484K F486P Q498R N501Y Y505H E554K A570V T572I D614G P621S H655Y N679K P681R N764K D796Y S939F Q954H N969K P1143L	JN.1	0	0	202748.233067322	0	5955	3669
BA.2.86	36	2023-12-31	T19I R21T S50L V127F G142D F157S R158G V213G L216F H245N A264D I332V G339H R346T K356T S371F S373P S375F T376A R403K D405N R408S K417N N440K V445H G446S N450D L452W L455S N460K S477N T478K N481K E484K F486P Q498R N501Y Y505H E554K A570V T572I D614G P621S H655Y N679K P681R N764K D796Y S939F Q954H N969K P1143L	JN.1	0	0	188161.176865046	0	6606	2805
BA.2.86	36	2024-01-07	T19I R21T S50L V127F G142D F157S R158G V213G L216F H245N A264D I332V G339H R346T K356T S371F S373P S375F T376A R403K D405N R408S K417N N440K V445H G446S N450D L452W L455S N460K S477N T478K N481K E484K F486P Q498R N501Y Y505H E554K A570V T572I D614G P621S H655Y N679K P681R N764K D796Y S939F Q954H N969K P1143L	JN.1	0.000141864094197759	22.8003536693192	160719.693015031	1	7048	2223
BA.2.86	36	2024-01-14	T19I R21T S50L V127F G142D F157S R158G V213G L216F H245N A264D I332V G339H R346T K356T S371F S373P S375F T376A R403K D405N R408S K417N N440K V445H G446S N450D L452W L455S N460K S477N T478K N481K E484K F486P Q498R N501Y Y505H E554K A570V T572I D614G P621S H655Y N679K P681R N764K D796Y S939F Q954H N969K P1143L	JN.1	0.000297176820208024	41.1842147054153	138584.882483722	2	6728	1513
BA.2.86	36	2024-01-21	T19I R21T S50L V127F G142D F157S R158G V213G L216F H245N A264D I332V G339H R346T K356T S371F S373P S375F T376A R403K D405N R408S K417N N440K V445H G446S N450D L452W L455S N460K S477N T478K N481K E484K F486P Q498R N501Y Y505H E554K A570V T572I D614G P621S H655Y N679K P681R N764K D796Y S939F Q954H N969K P1143L	JN.1	0.000639488409272582	77.9595877773277	121909.305386796	4	6251	984
BA.2.86	36	2024-01-28	T19I R21T S50L V127F G142D F157S R158G V213G L216F H245N A264D I332V G339H R346T K356T S371F S373P S375F T376A R403K D405N R408S K417N N440K V445H G446S N450D L452W L455S N460K S477N T478K N481K E484K F486P Q498R N501Y Y505H E554K A570V T572I D614G P621S H655Y N679K P681R N764K D796Y S939F Q954H N969K P1143L	JN.1	0.00156494522691706	159.25745924331	101765.516456475	9	5742	615
BA.2.86	36	2024-02-04	T19I R21T S50L V127F G142D F157S R158G V213G L216F H245N A264D I332V G339H R346T K356T S371F S373P S375F T376A R403K D405N R408S K417N N440K V445H G446S N450D L452W L455S N460K S477N T478K N481K E484K F486P Q498R N501Y Y505H E554K A570V T572I D614G P621S H655Y N679K P681R N764K D796Y S939F Q954H N969K P1143L	JN.1	0.000530503978779841	47.9865390853065	90454.6261758028	3	5652	407
BA.2.86	36	2024-02-11	T19I R21T S50L V127F G142D F157S R158G V213G L216F H245N A264D I332V G339H R346T K356T S371F S373P S375F T376A R403K D405N R408S K417N N440K V445H G446S N450D L452W L455S N460K S477N T478K N481K E484K F486P Q498R N501Y Y505H E554K A570V T572I D614G P621S H655Y N679K P681R N764K D796Y S939F Q954H N969K P1143L	JN.1	0.00166527893422148	132.434554639043	79526.9500607456	8	4796	292
BA.2.86	36	2024-02-18	T19I R21T S50L V127F G142D F157S R158G V213G L216F H245N A264D I332V G339H R346T K356T S371F S373P S375F T376A R403K D405N R408S K417N N440K V445H G446S N450D L452W L455S N460K S477N T478K N481K E484K F486P Q498R N501Y Y505H E554K A570V T572I D614G P621S H655Y N679K P681R N764K D796Y S939F Q954H N969K P1143L	JN.1	0.00430925221799747	311.281851764521	72235.7003065315	17	3928	183
BA.2.86	36	2024-02-25	T19I R21T S50L V127F G142D F157S R158G V213G L216F H245N A264D I332V G339H R346T K356T S371F S373P S375F T376A R403K D405N R408S K417N N440K V445H G446S N450D L452W L455S N460K S477N T478K N481K E484K F486P Q498R N501Y Y505H E554K A570V T572I D614G P621S H655Y N679K P681R N764K D796Y S939F Q954H N969K P1143L	JN.1	0.00564300564300564	382.476792064383	67778.9136253041	19	3348	100
BA.2.86	36	2024-03-03	T19I R21T S50L V127F G142D F157S R158G V213G L216F H245N A264D I332V G339H R346T K356T S371F S373P S375F T376A R403K D405N R408S K417N N440K V445H G446S N450D L452W L455S N460K S477N T478K N481K E484K F486P Q498R N501Y Y505H E554K A570V T572I D614G P621S H655Y N679K P681R N764K D796Y S939F Q954H N969K P1143L	JN.1	0.00524616626311542	325.178333333333	61983.9930769231	13	2465	52
BA.2.86	36	2024-03-10	T19I R21T S50L V127F G142D F157S R158G V213G L216F H245N A264D I332V G339H R346T K356T S371F S373P S375F T376A R403K D405N R408S K417N N440K V445H G446S N450D L452W L455S N460K S477N T478K N481K E484K F486P Q498R N501Y Y505H E554K A570V T572I D614G P621S H655Y N679K P681R N764K D796Y S939F Q954H N969K P1143L	JN.1	0.00269723533378287	152.157269388637	56412.3076258371	4	1479	22
BA.2.86	36	2024-03-17	T19I R21T S50L V127F G142D F157S R158G V213G L216F H245N A264D I332V G339H R346T K356T S371F S373P S375F T376A R403K D405N R408S K417N N440K V445H G446S N450D L452W L455S N460K S477N T478K N481K E484K F486P Q498R N501Y Y505H E554K A570V T572I D614G P621S H655Y N679K P681R N764K D796Y S939F Q954H N969K P1143L	JN.1	0.00438981562774363	217.40101095198	49523.950294861	5	1134	16
BA.2.86	36	2024-03-24	T19I R21T S50L V127F G142D F157S R158G V213G L216F H245N A264D I332V G339H R346T K356T S371F S373P S375F T376A R403K D405N R408S K417N N440K V445H G446S N450D L452W L455S N460K S477N T478K N481K E484K F486P Q498R N501Y Y505H E554K A570V T572I D614G P621S H655Y N679K P681R N764K D796Y S939F Q954H N969K P1143L	JN.1	0.00987306064880113	668.458333333333	67705.2797619048	7	702	6
