VOC	TopK	Week	Mut	Lineage	Proportion	HaploWeeklyCases	VOCWeeklyCases	HaploCount	OtherCount	PreviousVOCCount
BA.2.86	61	2023-10-01	T19I R21T S50L V127F G142D F157S R158G V213G L216F H245N A264D I332V G339H K356T S371F S373P S375F T376A R403K D405N R408S K417N N440K V445H G446S N450D L452W L455S F456L N460K S477N T478K N481K E484K F486P Q498R N501Y Y505H E554K A570V D614G P621S H655Y N679K P681R N764K D796Y S939F Q954H N969K K1086R V1104L P1143L	KP.1	0	0	1435.81537692836	0	98	10209
BA.2.86	61	2023-10-08	T19I R21T S50L V127F G142D F157S R158G V213G L216F H245N A264D I332V G339H K356T S371F S373P S375F T376A R403K D405N R408S K417N N440K V445H G446S N450D L452W L455S F456L N460K S477N T478K N481K E484K F486P Q498R N501Y Y505H E554K A570V D614G P621S H655Y N679K P681R N764K D796Y S939F Q954H N969K K1086R V1104L P1143L	KP.1	0	0	2422.52392979729	0	157	9745
BA.2.86	61	2023-10-15	T19I R21T S50L V127F G142D F157S R158G V213G L216F H245N A264D I332V G339H K356T S371F S373P S375F T376A R403K D405N R408S K417N N440K V445H G446S N450D L452W L455S F456L N460K S477N T478K N481K E484K F486P Q498R N501Y Y505H E554K A570V D614G P621S H655Y N679K P681R N764K D796Y S939F Q954H N969K K1086R V1104L P1143L	KP.1	0	0	3208.05187816166	0	195	8702
BA.2.86	61	2023-10-22	T19I R21T S50L V127F G142D F157S R158G V213G L216F H245N A264D I332V G339H K356T S371F S373P S375F T376A R403K D405N R408S K417N N440K V445H G446S N450D L452W L455S F456L N460K S477N T478K N481K E484K F486P Q498R N501Y Y505H E554K A570V D614G P621S H655Y N679K P681R N764K D796Y S939F Q954H N969K K1086R V1104L P1143L	KP.1	0	0	4135.93662950032	0	254	8292
BA.2.86	61	2023-10-29	T19I R21T S50L V127F G142D F157S R158G V213G L216F H245N A264D I332V G339H K356T S371F S373P S375F T376A R403K D405N R408S K417N N440K V445H G446S N450D L452W L455S F456L N460K S477N T478K N481K E484K F486P Q498R N501Y Y505H E554K A570V D614G P621S H655Y N679K P681R N764K D796Y S939F Q954H N969K K1086R V1104L P1143L	KP.1	0	0	6296.05161449	0	407	8733
BA.2.86	61	2023-11-05	T19I R21T S50L V127F G142D F157S R158G V213G L216F H245N A264D I332V G339H K356T S371F S373P S375F T376A R403K D405N R408S K417N N440K V445H G446S N450D L452W L455S F456L N460K S477N T478K N481K E484K F486P Q498R N501Y Y505H E554K A570V D614G P621S H655Y N679K P681R N764K D796Y S939F Q954H N969K K1086R V1104L P1143L	KP.1	0	0	9092.04654687162	0	543	8422
BA.2.86	61	2023-11-12	T19I R21T S50L V127F G142D F157S R158G V213G L216F H245N A264D I332V G339H K356T S371F S373P S375F T376A R403K D405N R408S K417N N440K V445H G446S N450D L452W L455S F456L N460K S477N T478K N481K E484K F486P Q498R N501Y Y505H E554K A570V D614G P621S H655Y N679K P681R N764K D796Y S939F Q954H N969K K1086R V1104L P1143L	KP.1	0	0	15795.2264682079	0	833	8399
BA.2.86	61	2023-11-19	T19I R21T S50L V127F G142D F157S R158G V213G L216F H245N A264D I332V G339H K356T S371F S373P S375F T376A R403K D405N R408S K417N N440K V445H G446S N450D L452W L455S F456L N460K S477N T478K N481K E484K F486P Q498R N501Y Y505H E554K A570V D614G P621S H655Y N679K P681R N764K D796Y S939F Q954H N969K K1086R V1104L P1143L	KP.1	0	0	27868.891421891	0	1232	7701
BA.2.86	61	2023-11-26	T19I R21T S50L V127F G142D F157S R158G V213G L216F H245N A264D I332V G339H K356T S371F S373P S375F T376A R403K D405N R408S K417N N440K V445H G446S N450D L452W L455S F456L N460K S477N T478K N481K E484K F486P Q498R N501Y Y505H E554K A570V D614G P621S H655Y N679K P681R N764K D796Y S939F Q954H N969K K1086R V1104L P1143L	KP.1	0	0	51030.7330086809	0	1964	7293
BA.2.86	61	2023-12-03	T19I R21T S50L V127F G142D F157S R158G V213G L216F H245N A264D I332V G339H K356T S371F S373P S375F T376A R403K D405N R408S K417N N440K V445H G446S N450D L452W L455S F456L N460K S477N T478K N481K E484K F486P Q498R N501Y Y505H E554K A570V D614G P621S H655Y N679K P681R N764K D796Y S939F Q954H N969K K1086R V1104L P1143L	KP.1	0	0	87073.3768815677	0	3240	7161
BA.2.86	61	2023-12-10	T19I R21T S50L V127F G142D F157S R158G V213G L216F H245N A264D I332V G339H K356T S371F S373P S375F T376A R403K D405N R408S K417N N440K V445H G446S N450D L452W L455S F456L N460K S477N T478K N481K E484K F486P Q498R N501Y Y505H E554K A570V D614G P621S H655Y N679K P681R N764K D796Y S939F Q954H N969K K1086R V1104L P1143L	KP.1	0	0	139812.091733427	0	4785	6411
BA.2.86	61	2023-12-17	T19I R21T S50L V127F G142D F157S R158G V213G L216F H245N A264D I332V G339H K356T S371F S373P S375F T376A R403K D405N R408S K417N N440K V445H G446S N450D L452W L455S F456L N460K S477N T478K N481K E484K F486P Q498R N501Y Y505H E554K A570V D614G P621S H655Y N679K P681R N764K D796Y S939F Q954H N969K K1086R V1104L P1143L	KP.1	0	0	188081.719091674	0	6270	5452
BA.2.86	61	2023-12-24	T19I R21T S50L V127F G142D F157S R158G V213G L216F H245N A264D I332V G339H K356T S371F S373P S375F T376A R403K D405N R408S K417N N440K V445H G446S N450D L452W L455S F456L N460K S477N T478K N481K E484K F486P Q498R N501Y Y505H E554K A570V D614G P621S H655Y N679K P681R N764K D796Y S939F Q954H N969K K1086R V1104L P1143L	KP.1	0	0	202748.233067322	0	5955	3669
BA.2.86	61	2023-12-31	T19I R21T S50L V127F G142D F157S R158G V213G L216F H245N A264D I332V G339H K356T S371F S373P S375F T376A R403K D405N R408S K417N N440K V445H G446S N450D L452W L455S F456L N460K S477N T478K N481K E484K F486P Q498R N501Y Y505H E554K A570V D614G P621S H655Y N679K P681R N764K D796Y S939F Q954H N969K K1086R V1104L P1143L	KP.1	0	0	188161.176865046	0	6606	2805
BA.2.86	61	2024-01-07	T19I R21T S50L V127F G142D F157S R158G V213G L216F H245N A264D I332V G339H K356T S371F S373P S375F T376A R403K D405N R408S K417N N440K V445H G446S N450D L452W L455S F456L N460K S477N T478K N481K E484K F486P Q498R N501Y Y505H E554K A570V D614G P621S H655Y N679K P681R N764K D796Y S939F Q954H N969K K1086R V1104L P1143L	KP.1	0	0	160719.693015031	0	7049	2223
BA.2.86	61	2024-01-14	T19I R21T S50L V127F G142D F157S R158G V213G L216F H245N A264D I332V G339H K356T S371F S373P S375F T376A R403K D405N R408S K417N N440K V445H G446S N450D L452W L455S F456L N460K S477N T478K N481K E484K F486P Q498R N501Y Y505H E554K A570V D614G P621S H655Y N679K P681R N764K D796Y S939F Q954H N969K K1086R V1104L P1143L	KP.1	0.000148588410104012	20.5921073527076	138584.882483722	1	6729	1513
BA.2.86	61	2024-01-21	T19I R21T S50L V127F G142D F157S R158G V213G L216F H245N A264D I332V G339H K356T S371F S373P S375F T376A R403K D405N R408S K417N N440K V445H G446S N450D L452W L455S F456L N460K S477N T478K N481K E484K F486P Q498R N501Y Y505H E554K A570V D614G P621S H655Y N679K P681R N764K D796Y S939F Q954H N969K K1086R V1104L P1143L	KP.1	0.000159872102318145	19.4898969443319	121909.305386796	1	6254	984
BA.2.86	61	2024-01-28	T19I R21T S50L V127F G142D F157S R158G V213G L216F H245N A264D I332V G339H K356T S371F S373P S375F T376A R403K D405N R408S K417N N440K V445H G446S N450D L452W L455S F456L N460K S477N T478K N481K E484K F486P Q498R N501Y Y505H E554K A570V D614G P621S H655Y N679K P681R N764K D796Y S939F Q954H N969K K1086R V1104L P1143L	KP.1	0	0	101765.516456475	0	5751	615
BA.2.86	61	2024-02-04	T19I R21T S50L V127F G142D F157S R158G V213G L216F H245N A264D I332V G339H K356T S371F S373P S375F T376A R403K D405N R408S K417N N440K V445H G446S N450D L452W L455S F456L N460K S477N T478K N481K E484K F486P Q498R N501Y Y505H E554K A570V D614G P621S H655Y N679K P681R N764K D796Y S939F Q954H N969K K1086R V1104L P1143L	KP.1	0.00194518125552608	175.950643312791	90454.6261758028	11	5644	407
BA.2.86	61	2024-02-11	T19I R21T S50L V127F G142D F157S R158G V213G L216F H245N A264D I332V G339H K356T S371F S373P S375F T376A R403K D405N R408S K417N N440K V445H G446S N450D L452W L455S F456L N460K S477N T478K N481K E484K F486P Q498R N501Y Y505H E554K A570V D614G P621S H655Y N679K P681R N764K D796Y S939F Q954H N969K K1086R V1104L P1143L	KP.1	0.00187343880099917	148.988873968924	79526.9500607456	9	4795	292
BA.2.86	61	2024-02-18	T19I R21T S50L V127F G142D F157S R158G V213G L216F H245N A264D I332V G339H K356T S371F S373P S375F T376A R403K D405N R408S K417N N440K V445H G446S N450D L452W L455S F456L N460K S477N T478K N481K E484K F486P Q498R N501Y Y505H E554K A570V D614G P621S H655Y N679K P681R N764K D796Y S939F Q954H N969K K1086R V1104L P1143L	KP.1	0.0017743979721166	128.174880138332	72235.7003065315	7	3938	183
BA.2.86	61	2024-02-25	T19I R21T S50L V127F G142D F157S R158G V213G L216F H245N A264D I332V G339H K356T S371F S373P S375F T376A R403K D405N R408S K417N N440K V445H G446S N450D L452W L455S F456L N460K S477N T478K N481K E484K F486P Q498R N501Y Y505H E554K A570V D614G P621S H655Y N679K P681R N764K D796Y S939F Q954H N969K K1086R V1104L P1143L	KP.1	0.00148500148500149	100.651787385364	67778.9136253041	5	3362	100
BA.2.86	61	2024-03-03	T19I R21T S50L V127F G142D F157S R158G V213G L216F H245N A264D I332V G339H K356T S371F S373P S375F T376A R403K D405N R408S K417N N440K V445H G446S N450D L452W L455S F456L N460K S477N T478K N481K E484K F486P Q498R N501Y Y505H E554K A570V D614G P621S H655Y N679K P681R N764K D796Y S939F Q954H N969K K1086R V1104L P1143L	KP.1	0.00121065375302663	75.0411538461538	61983.9930769231	3	2475	52
BA.2.86	61	2024-03-10	T19I R21T S50L V127F G142D F157S R158G V213G L216F H245N A264D I332V G339H K356T S371F S373P S375F T376A R403K D405N R408S K417N N440K V445H G446S N450D L452W L455S F456L N460K S477N T478K N481K E484K F486P Q498R N501Y Y505H E554K A570V D614G P621S H655Y N679K P681R N764K D796Y S939F Q954H N969K K1086R V1104L P1143L	KP.1	0.00202292650033715	114.117952041478	56412.3076258371	3	1480	22
BA.2.86	61	2024-03-17	T19I R21T S50L V127F G142D F157S R158G V213G L216F H245N A264D I332V G339H K356T S371F S373P S375F T376A R403K D405N R408S K417N N440K V445H G446S N450D L452W L455S F456L N460K S477N T478K N481K E484K F486P Q498R N501Y Y505H E554K A570V D614G P621S H655Y N679K P681R N764K D796Y S939F Q954H N969K K1086R V1104L P1143L	KP.1	0.000877963125548727	43.480202190396	49523.950294861	1	1138	16
BA.2.86	61	2024-03-24	T19I R21T S50L V127F G142D F157S R158G V213G L216F H245N A264D I332V G339H K356T S371F S373P S375F T376A R403K D405N R408S K417N N440K V445H G446S N450D L452W L455S F456L N460K S477N T478K N481K E484K F486P Q498R N501Y Y505H E554K A570V D614G P621S H655Y N679K P681R N764K D796Y S939F Q954H N969K K1086R V1104L P1143L	KP.1	0.0155148095909732	1050.43452380952	67705.2797619048	11	698	6
