VOC	Top	Mut	Lineage	CasesProportion
WT	1	D614G	B.1.2	0.298205867543146
WT	2	A222V D614G	B.1.177	0.0632922063994825
WT	3	L18F A222V D614G	B.1.177	0.0495052997744405
WT	4	S477N D614G	B.1.160	0.0463062860992918
WT	5	L18F T20N P26S D138Y R190S K417T E484K N501Y D614G H655Y T1027I V1176F	P.1	0.0250701049415435
WT	6	S13I W152C L452R D614G	B.1.429	0.014260662675128
WT	7	N439K D614G	B.1.258	0.0130580825707975
WT	8	S98F D614G	B.1.221	0.0113638116608369
WT	9	D614G Q675H	B.1.438.1	0.00908868320377789
WT	10	M153T D614G	B.1.1.284	0.00780547566322877
WT	11	L5F T95I D253G E484K D614G A701V	B.1.526	0.0075908462618682
WT	12	D614G P681H	B.1.243	0.0075112292931223
WT	13	D614G Q677H	B.1.2	0.00727570099768003
WT	14	T478K D614G P681H T732A	B.1.1.519	0.00712870821280956
WT	15	L5F D614G	B.1.2	0.00703096872855968
WT	16	A222V A262S P272L D614G	B.1.177	0.00652064717056205
WT	17		B	0.00630140301067708
WT	18	W152L E484K D614G G769V	R.1	0.00437204706093641
WT	19	L189F N439K D614G V772I	B.1.258.17	0.00424087747512073
WT	20	D614G V1176F	B.1.1.28	0.00356168601447851
BA.1	1	A67V T95I G339D R346K S371L S373P S375F K417N N440K G446S S477N T478K E484A Q493R G496S Q498R N501Y Y505H T547K D614G H655Y N679K P681H N764K D796Y N856K Q954H N969K L981F	BA.1.1	0.464844474502014
BA.1	2	A67V T95I G339D S371L S373P S375F K417N N440K G446S S477N T478K E484A Q493R G496S Q498R N501Y Y505H T547K D614G H655Y N679K P681H N764K D796Y N856K Q954H N969K L981F	BA.1	0.240131504751695
BA.1	3	A67V T95I G339D S371L S373P S375F K417N N440K G446S S477N T478K E484A Q493R G496S Q498R N501Y Y505H T547K D614G H655Y N679K P681H A701V N764K D796Y N856K Q954H N969K L981F	BA.1.17.2	0.0486614539297206
BA.1	4	A67V T95I G339D R346K S371L S373P S375F S477N T478K E484A Q493R G496S Q498R N501Y Y505H T547K D614G H655Y N679K P681H N764K D796Y N856K Q954H N969K L981F	BA.1.1	0.0132645139767745
BA.1	5	A67V T95I G339D R346K S371L S373P S375F N440K G446S S477N T478K E484A Q493R G496S Q498R N501Y Y505H T547K D614G H655Y N679K P681H N764K D796Y N856K Q954H N969K L981F	BA.1.1	0.0123625949730894
BA.1	6	A67V T95I G339D S371L S373P S375F K417N N440K G446S S477N T478K E484A Q493R G496S Q498R N501Y Y505H T547K D614G H655Y N679K P681H N764K D796Y N856K Q954H N969K L981F I1081V	BA.1.15.1	0.0106136307487045
BA.1	7	A67V T95I G339D S371L S373P S375F N440K G446S S477N T478K E484A Q493R G496S Q498R N501Y Y505H T547K D614G H655Y N679K P681H N764K D796Y N856K Q954H N969K L981F	BA.1	0.0074854968880004
BA.1	8	A67V T95I G339D R346K S371L S373P S375F S477N T478K E484A Q493R G496S Q498R N501Y Y505H T547K D614G H655Y N679K P681H D796Y N856K Q954H N969K L981F	BA.1.1	0.00629825446813422
BA.1	9	A67V T95I I233V G339D R346K S371L S373P S375F K417N N440K G446S S477N T478K E484A Q493R G496S Q498R N501Y Y505H T547K D614G H655Y N679K P681H N764K D796Y N856K Q954H N969K L981F	BC.1	0.00626562710875403
BA.1	10	A67V T95I G339D S371L S373P S375F K417N N440K G446S S477N T478K E484A Q493R G496S Q498R N501Y Y505H T547K D614G F643L H655Y N679K P681H A701V N764K D796Y N856K Q954H N969K L981F	BA.1.17.2	0.00518791936009314
BA.1	11	L5F A67V T95I G339D R346K S371L S373P S375F K417N N440K G446S S477N T478K E484A Q493R G496S Q498R N501Y Y505H T547K D614G H655Y N679K P681H N764K D796Y N856K Q954H N969K L981F	BA.1.1	0.00435388569805611
BA.1	12	A67V T95I G339D S371L S373P S375F S477N T478K E484A Q493R G496S Q498R N501Y Y505H T547K D614G H655Y N679K P681H N764K D796Y N856K Q954H N969K L981F	BA.1	0.00410954456832652
BA.1	13	A67V T95I G339D R346K S371L S373P S375F K417N G446S S477N T478K E484A Q493R G496S Q498R N501Y Y505H T547K D614G H655Y N679K P681H N764K D796Y N856K Q954H N969K L981F	BA.1.1	0.00375630197141877
BA.1	14	A67V T95I G339D R346K S371L S373P S375F N440K G446S S477N T478K E484A Q493R G496S Q498R N501Y Y505H T547K D614G H655Y N679K P681H D796Y N856K Q954H N969K L981F	BA.1.1	0.00373217489861426
BA.1	15	A67V T95I G339D S371L S373P S375F K417N G446S S477N T478K E484A Q493R G496S Q498R N501Y Y505H T547K D614G H655Y N679K P681H N764K D796Y N856K Q954H N969K L981F	BA.1	0.00311288999065656
BA.1	16	A67V T95I G339D S371L S373P S375F S477N T478K E484A Q493R G496S Q498R N501Y Y505H T547K D614G H655Y N679K P681H D796Y N856K Q954H N969K L981F	BA.1	0.00217804557491324
BA.1	17	L5F A67V T95I G339D S371L S373P S375F K417N N440K G446S S477N T478K E484A Q493R G496S Q498R N501Y Y505H T547K D614G H655Y N679K P681H N764K D796Y N856K Q954H N969K L981F	BA.1	0.00195877407561519
BA.1	18	A67V T95I G339D S371L S373P S375F K417N N440K G446S S477N T478K E484A Q493R G496S Q498R N501Y Y505H T547K D614G Q628K H655Y N679K P681H A701V N764K D796Y N856K Q954H N969K L981F	BD.1	0.00190612664960916
BA.1	19	A67V T95I M153T G339D R346K S371L S373P S375F K417N N440K G446S S477N T478K E484A Q493R G496S Q498R N501Y Y505H T547K D614G H655Y N679K P681H N764K D796Y N856K Q954H N969K L981F	BA.1.1.2	0.00163970769414624
BA.1	20	A67V T95I M177V G339D R346K S371L S373P S375F K417N N440K G446S S477N T478K E484A Q493R G496S Q498R N501Y Y505H T547K D614G H655Y N679K P681H N764K D796Y N856K Q954H N969K L981F	BA.1.1	0.00161460549614863
BA.2	1	T19I G142D V213G G339D S371F S373P S375F T376A D405N R408S K417N N440K S477N T478K E484A Q493R Q498R N501Y Y505H D614G H655Y N679K P681H N764K D796Y Q954H N969K	BA.2	0.63491981853606
BA.2	2	T19I G142D V213G G339D S371F S373P S375F T376A D405N R408S K417N N440K L452Q S477N T478K E484A Q493R Q498R N501Y Y505H D614G H655Y N679K P681H S704L N764K D796Y Q954H N969K	BA.2.12.1	0.0749465281895371
BA.2	3	T19I G142D V213G G339D S371F S373P S375F T376A D405N R408S K417N S477N T478K E484A Q493R Q498R N501Y Y505H D614G H655Y N679K P681H N764K D796Y Q954H N969K	BA.2	0.0151155103509377
BA.2	4	T19I G142D K147E W152R F157L I210V V213G G257S G339H R346T K356T S371F S373P S375F T376A D405N R408S K417N N440K G446S N460K S477N T478K E484A F490S Q498R N501Y Y505H D614G H655Y N679K P681H N764K D796Y Q954H N969K	BN.1.3	0.00879597548307895
BA.2	5	L5F T19I G142D V213G G339D S371F S373P S375F T376A D405N R408S K417N N440K S477N T478K E484A Q493R Q498R N501Y Y505H D614G H655Y N679K P681H N764K D796Y Q954H N969K	BA.2	0.00734387757553007
BA.2	6	T19I G142D V213G G339D S371F S373P S375F T376A D405N R408S K417N N440K S477N T478K E484A Q493R Q498R N501Y Y505H D614G H655Y Q677E N679K P681H N764K D796Y Q954H N969K	BA.2.3.1	0.00728176875342419
BA.2	7	T19I G142D V213G G339D S371F S373P S375F T376A D405N R408S S477N T478K E484A Q493R Q498R N501Y Y505H D614G H655Y N679K P681H N764K D796Y Q954H N969K	BA.2	0.00678083318877036
BA.2	8	T19I G142D V213G G339D S371F S373P S375F T376A D405N R408S K417T N440K S477N T478K E484A Q493R Q498R N501Y Y505H D614G H655Y N679K P681H N764K D796Y Q954H N969K	BA.2.18	0.00588738817554401
BA.2	9	T19I G142D N164K V213G G339D S371F S373P S375F T376A D405N R408S K417N N440K L452Q S477N T478K E484A Q493R Q498R N501Y Y505H D614G H655Y N679K P681H S704L N764K D796Y Q954H N969K	BA.2.12.1	0.00563585044804849
BA.2	10	T19I G142D V213G G339N S371F S373P S375F T376A D405N R408S K417N N440K S477N T478K E484A Q493R Q498R N501Y Y505H D614G H655Y N679K P681H N764K D796Y Q954H N969K	BA.2.24	0.00491764874107967
BA.2	11	T19I G142D K147E W152R F157L I210V V213G G257S G339H R346T S371F S373P S375F T376A D405N R408S K417N N440K K444T G446S L452R N460K S477N T478K E484A F486S Q498R N501Y Y505H D614G H655Y N679K P681H N764K D796Y Q954H N969K	CH.1.1	0.00483558948161216
BA.2	12	T19I I68T G142D V213G G339D S371F S373P S375F T376A D405N R408S K417N N440K S477N T478K E484A Q493R Q498R N501Y Y505H D614G H655Y N679K P681H N764K D796Y Q954H N969K	BA.2.36	0.00374220857081205
BA.2	13	T19I G142D V213G G339D S371F S373P S375F T376A D405N R408S K417N N440K L452M S477N T478K E484A Q493R Q498R N501Y Y505H D614G H655Y N679K P681H N764K D796Y Q954H N969K	BA.2.56	0.00371463616144799
BA.2	14	T19I G142D V213G G339D S371F S373P S375F T376A D405N R408S S477N T478K E484A Q493R Q498R N501Y Y505H D614G H655Y N679K P681H D796Y Q954H N969K	BA.2	0.003417044310449
BA.2	15	G142D V213G G339D S371F S373P S375F T376A D405N R408S K417N N440K S477N T478K E484A Q493R Q498R N501Y Y505H D614G H655Y N679K P681H N764K D796Y Q954H N969K	BA.2	0.00324102012730615
BA.2	16	T19I G142D V213G G339D S371F S373P S375F T376A D405N R408S K417N N440K S477N T478K E484A Q493R Q498R N501Y Y505H D614G H655Y N679K P681H S704L N764K D796Y Q954H N969K	BA.2.12	0.00308064202686634
BA.2	17	T19I V213G G339D S371F S373P S375F T376A D405N R408S K417N S477N T478K E484A Q493R Q498R N501Y Y505H D614G H655Y N679K P681H N764K D796Y Q954H N969K	BA.2	0.00293484429776413
BA.2	18	T19I G142D V213G G339D S371F S373P S375F T376A D405N R408S K417N N440K S477N T478K E484A Q493R Q498R N501Y Y505H D614G H655Y N679K P681H N764K D796Y G798D Q954H N969K	BA.2.10.1	0.00245628994269198
BA.2	19	T19I G142D L212S V213G G339D S371F S373P S375F T376A D405N R408S K417N N440K S477N T478K E484A Q493R Q498R N501Y Y505H D614G H655Y N679K P681H N764K D796Y Q954H N969K	BA.2	0.00226342982022313
BA.2	20	A67V T95I G339D R346K S371L S373P S375F K417N N440K G446S S477N T478K E484A Q493R G496S Q498R N501Y Y505H T547K D614G H655Y N679K P681H N764K D796Y N856K Q954H N969K L981F	BA.1.1	0.0020445636055246
BA.2.86	1	T19I R21T S50L V127F G142D F157S R158G V213G L216F H245N A264D I332V G339H K356T S371F S373P S375F T376A R403K D405N R408S K417N N440K V445H G446S N450D L452W L455S N460K S477N T478K N481K E484K F486P Q498R N501Y Y505H E554K A570V D614G P621S H655Y N679K P681R N764K D796Y S939F Q954H N969K P1143L	JN.1	0.522402763323894
BA.2.86	2	T19I R21T S50L V127F G142D F157S R158G V213G L216F H245N A264D I332V G339H K356T S371F S373P S375F T376A R403K D405N R408S K417N N440K V445H G446S N450D L452W N460K S477N T478K N481K E484K F486P Q498R N501Y Y505H E554K A570V D614G P621S H655Y N679K P681R N764K D796Y S939F Q954H N969K P1143L	BA.2.86.1	0.0398085344647121
BA.2.86	3	T19I R21T S50L V127F G142D F157S R158G V213G L216F H245N A264D I332V G339H K356T S371F S373P S375F T376A R403K D405N R408S K417N N440K V445H G446S N450D L452W L455S N460K S477N T478K N481K E484K F486P Q498R N501Y Y505H E554K A570V T572I D614G P621S H655Y N679K P681R N764K D796Y S939F Q954H N969K P1143L	JN.1	0.0287056217190798
BA.2.86	4	T19I R21T A27S S50L V127F G142D F157S R158G V213G L216F H245N A264D I332V G339H K356T S371F S373P S375F T376A R403K D405N R408S K417N N440K V445H G446S N450D L452W L455S N460K S477N T478K N481K F486P Q498R N501Y Y505H E554K A570V D614G P621S H655Y N679K P681R N764K D796Y S939F Q954H N969K P1143L	JN.1.4.5	0.022825313530439
BA.2.86	5	T19I R21T S50L V127F G142D F157S R158G V213G L216F H245N A264D I332V G339H K356T S371F S373P S375F T376A R403K D405N R408S K417N N440K V445H G446S N450D L452W L455S N460K S477N T478K N481K E484K F486P Q498R N501Y Y505H E554K A570V T572I D614G P621S H655Y N679K P681R N764K D796Y S939F Q954H N969K P1143L E1150D	JN.1.7	0.020822663306192
BA.2.86	6	T19I R21T S50L V127F G142D F157S R158G V213G L216F H245N A264D I332V G339H K356T S371F S373P S375F T376A R403K D405N R408S K417N N440K V445H G446S N450D L452W L455S N460K S477N T478K N481K E484K F486P Q498R N501Y Y505H E554K A570V D614G P621S H655Y N679K P681R N764K D796Y S939F Q954H N969K P1143L M1229I	JN.1.2	0.0103260016760145
BA.2.86	7	T19I R21T S50L V127F G142D F157S R158G V213G L216F H245N A264D I332V G339H R346T K356T S371F S373P S375F T376A R403K D405N R408S K417N N440K V445H G446S N450D L452W L455S N460K S477N T478K N481K E484K F486P Q498R N501Y Y505H E554K A570V D614G P621S H655Y N679K P681R N764K D796Y S939F Q954H N969K P1143L	JN.1.18	0.00938358747459197
BA.2.86	8	T19I R21T S50L V127F G142D F157S R158G V213G L216F H245N A264D I332V G339H K356T S371F S373P S375F T376A D405N R408S K417N N440K V445H G446S N450D L452W L455S N460K S477N T478K N481K E484K F486P Q498R N501Y Y505H E554K A570V D614G P621S H655Y N679K P681R N764K D796Y S939F Q954H N969K P1143L	JN.1	0.00762539635534799
BA.2.86	9	T19I R21T S50L V127F G142D F157S R158G V213G L216F H245N A264D I332V G339H K356T S371F S373P S375F T376A R403K D405N R408S K417N N440K V445H G446S N450D L452W L455S F456L N460K S477N T478K N481K E484K F486P Q498R N501Y Y505H E554K A570V D614G P621S H655Y N679K P681R N764K D796Y S939F Q954H N969K P1143L	JN.1	0.00756778863478704
BA.2.86	10	T19I R21T S50L V127F G142D F157S R158G Q183H V213G L216F H245N A264D I332V G339H K356T S371F S373P S375F T376A R403K D405N R408S K417N N440K V445H G446S N450D L452W L455S N460K S477N T478K N481K E484K F486P Q498R N501Y Y505H E554K A570V D614G P621S H655Y N679K P681R N764K D796Y S939F Q954H N969K P1143L	JN.1.9	0.00621866581251338
BA.2.86	11	T19I R21T V127F G142D F157S R158G V213G L216F H245N A264D I332V G339H K356T S371F S373P S375F T376A R403K D405N R408S K417N N440K V445H G446S N450D L452W L455S N460K S477N T478K N481K E484K F486P Q498R N501Y Y505H E554K A570V D614G P621S H655Y N679K P681R N764K D796Y S939F Q954H N969K P1143L	JN.1	0.00610073666824766
BA.2.86	12	T19I R21T S50L V127F G142D F157S R158G N185D V213G L216F H245N A264D I332V G339H K356T S371F S373P S375F T376A R403K D405N R408S K417N N440K V445H G446S N450D L452W L455S N460K S477N T478K N481K E484K F486P Q498R N501Y Y505H E554K A570V D614G P621S H655Y N679K P681R N764K D796Y S939F Q954H N969K P1143L	JN.1	0.0053664014227457
BA.2.86	13	T19I R21T S50L F59S V127F G142D F157S R158G V213G L216F H245N A264D I332V G339H R346T K356T S371F S373P S375F T376A R403K D405N R408S K417N N440K V445H G446S N450D L452W L455S N460K S477N T478K N481K E484K F486P Q498R N501Y Y505H E554K A570V D614G P621S H655Y N679K P681R N764K D796Y S939F Q954H N969K A1087S P1143L	JN.1	0.00533748202500595
BA.2.86	14	T19I R21T S50L V127F G142D V213G L216F H245N A264D I332V G339H K356T S371F S373P S375F T376A R403K D405N R408S K417N N440K V445H G446S N450D L452W L455S N460K S477N T478K N481K E484K F486P Q498R N501Y Y505H E554K A570V D614G P621S H655Y N679K P681R N764K D796Y S939F Q954H N969K P1143L	JN.1	0.00443665480475205
BA.2.86	15	T19I R21T S31F S50L V127F G142D F157S R158G V213G L216F H245N A264D I332V G339H K356T S371F S373P S375F T376A R403K D405N R408S K417N N440K V445H G446S N450D L452W L455S N460K S477N T478K N481K E484K F486P Q498R N501Y Y505H E554K A570V D614G P621S H655Y N679K P681R N764K D796Y S939F Q954H N969K P1143L	JN.1.20	0.00404858975705626
BA.2.86	16	T19I R21T S50L V127F G142D F157S R158G V213G L216F H245N A264D I332V G339H K356T S371F S373P S375F T376A R403K D405N R408S K417N N440K V445H G446S N450D L452W L455S F456L N460K S477N T478K N481K E484K F486P Q493E Q498R N501Y Y505H E554K A570V D614G P621S H655Y N679K P681R N764K D796Y S939F Q954H N969K V1104L P1143L	KP.3	0.00404460189131488
BA.2.86	17	L5F T19I R21T S50L V127F G142D F157S R158G V213G L216F H245N A264D I332V G339H K356T S371F S373P S375F T376A R403K D405N R408S K417N N440K V445H G446S N450D L452W L455S N460K S477N T478K N481K E484K F486P Q498R N501Y Y505H E554K A570V D614G P621S H655Y N679K P681R N764K D796Y S939F Q954H N969K P1143L	JN.1	0.00379198359481468
BA.2.86	18	T19I R21T S50L V127F G142D F157S R158G V213G L216F H245N A264D I332V G339H K356T S371F S373P S375F T376A R403K D405N R408S K417N N440K V445H G446S N450D L452W L455S N460K S477N T478K N481K F486P Q498R N501Y Y505H E554K A570V D614G P621S H655Y N679K P681R N764K D796Y S939F Q954H N969K P1143L	JN.1.4.5	0.00309418162621747
BA.2.86	19	T19I R21T S50L V127F G142D F157S R158G V213G L216F H245N A264D I332V G339H K356T S371F S373P S375F T376A R403K D405N R408S N440K V445H G446S N450D L452W L455S N460K S477N T478K N481K E484K F486P Q498R N501Y Y505H E554K A570V D614G P621S H655Y N679K P681R N764K D796Y S939F Q954H N969K P1143L	JN.1	0.00309028499838322
BA.2.86	20	T19I R21T S50L V127F G142D F157S R158G V213G L216F H245N A264D I332V G339H K356T S371F S373P S375F T376A R403K D405N R408S K417N N440K V445H G446S N450D L452W N460K A475V S477N T478K N481K E484K F486P Q498R N501Y Y505H E554K A570V D614G P621S H655Y N679K P681R N764K D796Y S939F Q954H N969K P1143L	JN.4	0.0029935281070182
BA.4/5	1	T19I G142D V213G G339D S371F S373P S375F T376A D405N R408S K417N N440K L452R S477N T478K E484A F486V Q498R N501Y Y505H D614G H655Y N679K P681H N764K D796Y Q954H N969K	BA.5.2.1	0.482906810653037
BA.4/5	2	T19I G142D V213G G339D R346T S371F S373P S375F T376A D405N R408S K417N N440K L452R S477N T478K E484A F486V Q498R N501Y Y505H D614G H655Y N679K P681H N764K D796Y Q954H N969K	BF.7	0.0504041578109825
BA.4/5	3	T19I G142D V213G G339D S371F S373P S375F T376A D405N R408S K417N N440K L452R S477N T478K E484A F486V Q498R N501Y Y505H D614G H655Y N679K P681H N764K D796Y Q954H N969K A1020S	BF.5	0.0416180327228329
BA.4/5	4	T19I T76I G142D V213G G339D S371F S373P S375F T376A D405N R408S K417N N440K L452R S477N T478K E484A F486V Q498R N501Y Y505H D614G H655Y N679K P681H N764K D796Y Q954H N969K	BA.5.5	0.0253042281284074
BA.4/5	5	T19I G142D V213G G339D R346T S371F S373P S375F T376A D405N R408S K417N N440K L452R S477N T478K E484A F486V Q498R N501Y Y505H D614G H655Y N658S N679K P681H N764K D796Y Q954H N969K	BA.4.6	0.024369855935363
BA.4/5	6	V3G T19I G142D V213G G339D S371F S373P S375F T376A D405N R408S K417N N440K L452R S477N T478K E484A F486V Q498R N501Y Y505H D614G H655Y N679K P681H N764K D796Y Q954H N969K	BA.4.1	0.0228890676915203
BA.4/5	7	G142D V213G G339D S371F S373P S375F T376A D405N R408S K417N N440K L452R S477N T478K E484A F486V Q498R N501Y Y505H D614G H655Y N679K P681H N764K D796Y Q954H N969K	BA.5.2	0.0130975417201272
BA.4/5	8	T19I G142D V213G G339D S371F S373P S375F T376A D405N R408S K417N L452R S477N T478K E484A F486V Q498R N501Y Y505H D614G H655Y N679K P681H N764K D796Y Q954H N969K	BA.5.1	0.00961340359848902
BA.4/5	9	T19I G142D V213G G339D S371F S373P S375F T376A D405N R408S K417N N440K L452R S477N T478K E484A F486V Q498R N501Y Y505H D614G H655Y N658S N679K P681H N764K D796Y Q954H N969K	BA.4	0.0087010313092544
BA.4/5	10	L5F T19I G142D V213G G339D S371F S373P S375F T376A D405N R408S K417N N440K L452R S477N T478K E484A F486V Q498R N501Y Y505H D614G H655Y N679K P681H N764K D796Y Q954H N969K	BA.5.1	0.00753124076976465
BA.4/5	11	T19I G142D V213G G339D S371F S373P S375F T376A D405N K417N N440K L452R S477N T478K E484A F486V Q498R N501Y Y505H D614G H655Y N679K P681H N764K D796Y Q954H N969K	BA.5.2	0.00628483676651027
BA.4/5	12	T19I G142D V213G G339D S371F S373P S375F T376A D405N R408S K417N N440K N450D L452R S477N T478K E484A F486V Q498R N501Y Y505H D614G H655Y N679K P681H N764K D796Y Q954H N969K	BF.14	0.00405941778261782
BA.4/5	13	T19I G142D V213G V289I G339D S371F S373P S375F T376A D405N R408S K417N N440K L452R S477N T478K E484A F486V Q498R N501Y Y505H D614G H655Y N679K P681H N764K D796Y Q954H N969K	BA.5.1.3	0.00346866195196627
BA.4/5	14	T19I G142D V213G G339D R346I S371F S373P S375F T376A D405N R408S K417N N440K L452R S477N T478K E484A F486V Q498R N501Y Y505H D614G H655Y N679K P681H N764K D796Y Q954H N969K	BA.5.9	0.00299669875865829
BA.4/5	15	T19I G142D V213G G339D S371F S373P S375F T376A D405N R408S K417N N440K L452R S477N T478K E484A F486V Q498R N501Y Y505H D614G H655Y N679K P681H N764K D796Y Q954H N969K P1162L	BA.5.8	0.00299248168661711
BA.4/5	16	T19I G142D V213G G339D S371F S373P S375F T376A D405N R408S K417N N440K L452R S477N T478K E484A F486V Q498R N501Y Y505H D614G H655Y N679K P681H N764K D796Y Q954H N969K P1263Q	BA.5.1.5	0.00296320822674677
BA.4/5	17	T19I G142D V213G G339D R346S S371F S373P S375F T376A D405N R408S K417N N440K L452R S477N T478K E484A F486V Q498R N501Y Y505H D614G H655Y N679K P681H N764K D796Y Q954H N969K	BF.13	0.00279404315254783
BA.4/5	18	T19I G142D G181V V213G G339D S371F S373P S375F T376A D405N R408S K417N N440K L452R S477N T478K E484A F486V Q498R N501Y Y505H D614G H655Y N679K P681H N764K D796Y Q954H N969K	BA.5.2	0.00269882814127921
BA.4/5	19	T19I V213G G339D S371F S373P S375F T376A D405N R408S K417N L452R S477N T478K E484A F486V Q498R N501Y Y505H D614G H655Y N679K P681H N764K D796Y Q954H N969K	BA.5.1	0.0026959598701236
BA.4/5	20	T19I G142D V213G G339D S371F S373P S375F T376A D405N R408S K417N N440K V445A L452R S477N T478K E484A F486V Q498R N501Y Y505H D614G H655Y N679K P681H N764K D796Y Q954H N969K	BA.5.1.12	0.00263514085422901
BQ.1	1	T19I G142D V213G G339D R346T S371F S373P S375F T376A D405N R408S K417N N440K K444T L452R N460K S477N T478K E484A F486V Q498R N501Y Y505H D614G H655Y N679K P681H N764K D796Y Q954H N969K	BQ.1.1	0.407541522748169
BQ.1	2	T19I G142D V213G G339D S371F S373P S375F T376A D405N R408S K417N N440K K444T L452R N460K S477N T478K E484A F486V Q498R N501Y Y505H D614G H655Y N679K P681H N764K D796Y Q954H N969K	BQ.1	0.168483531199503
BQ.1	3	T19I G142D V213G G339D S371F S373P S375F T376A D405N R408S K417N N440K K444T L452R N460K S477N T478K E484A F486V Q498R N501Y Y505H D614G H655Y I666V N679K P681H N764K D796Y Q954H N969K	BQ.1.2	0.0234598817881345
BQ.1	4	T19I G142D V213G G339D S371F S373P S375F T376A D405N R408S K417N N440K K444T L452R N460K S477N T478K E484A F486V Q498R N501Y Y505H D614G E619Q H655Y N679K P681H N764K D796Y Q954H N969K	BQ.1.3.2	0.012865808304673
BQ.1	5	G142D V213G G339D R346T S371F S373P S375F T376A D405N R408S K417N N440K K444T L452R N460K S477N T478K E484A F486V Q498R N501Y Y505H D614G H655Y N679K P681H N764K D796Y Q954H N969K	BQ.1.1	0.00927101572850326
BQ.1	6	T19I G142D M153I V213G G339D R346T S371F S373P S375F T376A D405N R408S K417N N440K K444T L452R N460K S477N T478K E484A F486V Q498R N501Y Y505H D614G H655Y N679K P681H N764K D796Y Q954H N969K	BQ.1.1.32	0.00672228637058011
BQ.1	7	T19I G142D V213G D253G G339D R346T S371F S373P S375F T376A D405N R408S K417N N440K K444T L452R N460K S477N T478K E484A F486V Q498R N501Y Y505H D614G H655Y N679K P681H N764K D796Y Q954H N969K	BQ.1.1.2	0.00609896173172039
BQ.1	8	T19I G142D V213G G339D R346T S371F S373P S375F T376A D405N R408S K417N N440K K444T L452R N460K S477N T478K E484A F486V Q498R N501Y Y505H D614G H655Y N679K P681H N764K D796Y Q954H N969K A1070V	BQ.1.1.20	0.00550808080249202
BQ.1	9	T19I G142D V213G G339D R346T S371F S373P S375F T376A D405N R408S N440K K444T L452R N460K S477N T478K E484A F486V Q498R N501Y Y505H D614G H655Y N679K P681H N764K D796Y Q954H N969K	BQ.1.1	0.00510837986530735
BQ.1	10	T19I G142D F157L V213G G339D S371F S373P S375F T376A D405N R408S K417N N440K K444T L452R N460K S477N T478K E484A F486V Q498R N501Y Y505H D614G H655Y N679K P681H N764K D796Y Q954H N969K	BQ.1.13.1	0.00490264316227148
BQ.1	11	L5F T19I G142D V213G G339D R346T S371F S373P S375F T376A D405N R408S K417N N440K K444T L452R N460K S477N T478K E484A F486V Q498R N501Y Y505H D614G H655Y N679K P681H N764K D796Y Q954H N969K	BQ.1.1	0.0045458702782553
BQ.1	12	T19I V213G G339D R346T S371F S373P S375F T376A D405N R408S K417N N440K K444T L452R N460K S477N T478K E484A F486V Q498R N501Y Y505H D614G H655Y N679K P681H N764K D796Y Q954H N969K	BQ.1.1	0.00439968943208141
BQ.1	13	T19I G142D H146L V213G G339D S371F S373P S375F T376A D405N R408S K417N N440K K444T L452R N460K S477N T478K E484A F486V Q498R N501Y Y505H D614G H655Y N679K P681H N764K D796Y Q954H N969K	BQ.1.10.1	0.00373702591106884
BQ.1	14	T19I G142D K147E V213G G339D R346T S371F S373P S375F T376A D405N R408S K417N N440K K444T L452R N460K S477N T478K E484A F486V Q498R N501Y Y505H D614G H655Y N679K P681H N764K D796Y Q954H N969K	BQ.1.1.35	0.00351159313886032
BQ.1	15	T19I G142D K182I V213G G339D R346T S371F S373P S375F T376A D405N R408S K417N N440K K444T L452R N460K S477N T478K E484A F486V Q498R N501Y Y505H D614G H655Y N679K P681H N764K D796Y Q954H N969K	BQ.1.1.41	0.00344421561178797
BQ.1	16	T19I G142D V213G G339D R346T S371F S373P S375F T376A D405N K417N N440K K444T L452R N460K S477N T478K E484A F486V Q498R N501Y Y505H D614G H655Y N679K P681H N764K D796Y Q954H N969K	BQ.1.1	0.00327154028016783
BQ.1	17	T19I G142D V213G G339D R346T S371F S373P S375F T376A D405N R408S K417N N440K K444T L452R N460K S477N T478K E484A F486V Q498R N501Y Y505H Q613H D614G H655Y N679K P681H N764K D796Y Q954H N969K	BQ.1.1.29	0.00310694624113018
BQ.1	18	G142D V213G G339D S371F S373P S375F T376A D405N R408S K417N N440K K444T L452R N460K S477N T478K E484A F486V Q498R N501Y Y505H D614G H655Y N679K P681H N764K D796Y Q954H N969K	BQ.1	0.00297631818169064
BQ.1	19	T19I G142D V213G G339D R346T S371F S373P S375F T376A D405N R408S K417N N440K K444T L452R N460K S477N T478K E484A F486V Q498R N501Y Y505H D614G H655Y N679K P681H N764K D796Y L865P Q954H N969K	BQ.1.1	0.00293922621020082
BQ.1	20	T19I G142D L176F V213G G339D R346T S371F S373P S375F T376A D405N R408S K417N N440K K444T L452R N460K S477N T478K E484A F486V Q498R N501Y Y505H D614G H655Y N679K P681H N764K D796Y Q954H N969K	BQ.1.1.67	0.00288786312571281
Alpha	1	N501Y A570D D614G P681H T716I S982A D1118H	B.1.1.7	0.625805614803183
Alpha	2	N501Y A570D D614G P681H T716I S982A D1118H K1191N	B.1.1.7	0.0232883063529605
Alpha	3	L5F N501Y A570D D614G P681H T716I S982A D1118H	B.1.1.7	0.0209255271997833
Alpha	4	W152R N501Y A570D D614G P681H T716I S982A D1118H	B.1.1.7	0.0147710242598605
Alpha	5	N501Y A570D D614G P681H T716I S982A D1118H W1214G	B.1.1.7	0.010125380709541
Alpha	6	S98F N501Y A570D D614G P681H T716I S982A D1118H	B.1.1.7	0.00737746804241588
Alpha	7	S98F D138H N501Y A570D D614G P681H T716I S982A D1118H	B.1.1.7	0.00443880167737822
Alpha	8	L18F N501Y A570D D614G P681H T716I S982A D1118H	B.1.1.7	0.0044180659512058
Alpha	9	T33I N501Y A570D D614G P681H T716I S982A D1118H	B.1.1.7	0.00420451986455419
Alpha	10	D178H N501Y A570D D614G P681H T716I S982A D1118H	Q.3	0.00375545829295869
Alpha	11	N501Y A570D T572I D614G P681H T716I S982A D1118H	B.1.1.7	0.00355215331023834
Alpha	12	D138H N501Y A570D D614G P681H T716I S982A D1118H	B.1.1.7	0.0031907273027426
Alpha	13	N501Y A570D D614G V622F P681H T716I S982A D1118H	B.1.1.7	0.00296904107006501
Alpha	14	N501Y A570D D614G P681H A701V T716I S982A D1118H	B.1.1.7	0.0026997794463076
Alpha	15	S94F N501Y A570D D614G P681H T716I S982A D1118H	B.1.1.7	0.00268958965376067
Alpha	16	N501Y A570D D614G Q677H P681H T716I S982A D1118H	B.1.1.7	0.00228172221653106
Alpha	17	N501Y A570D D614G P681H S704L T716I S982A D1118H	B.1.1.7	0.00212821382163956
Alpha	18	L176F N501Y A570D D614G P681H T716I S982A D1118H	B.1.1.7	0.00212666903225056
Alpha	19	T20I N501Y A570D D614G P681H T716I S982A D1118H	B.1.1.7	0.00208586338731118
Alpha	20	G142V N501Y A570D D614G P681H T716I S982A D1118H	B.1.1.7	0.00191718412529169
Delta	1	T19R G142D L452R T478K D614G P681R D950N	AY.103	0.22205706590426
Delta	2	T19R T95I G142D L452R T478K D614G P681R D950N	AY.4	0.216323661289293
Delta	3	T19R L452R T478K D614G P681R D950N	AY.103	0.0482698565739313
Delta	4	T19R G142D A222V L452R T478K D614G P681R D950N	AY.9.2	0.023835441052734
Delta	5	T19R T95I L452R T478K D614G P681R D950N	AY.4	0.0193888207320779
Delta	6	T19R T95I G142D Y145H A222V L452R T478K D614G P681R D950N	AY.4.2	0.015042587521575
Delta	7	T19R S112L G142D L452R T478K D614G P681R D950N	AY.25	0.0115432498818207
Delta	8	T19R A222V L452R T478K D614G P681R D950N	AY.69	0.00717585573069676
Delta	9	T19R L452R T478K D614G P681R	AY.43	0.00668540009535826
Delta	10	T19R T95I G142D L452R T478K D614G P681R D950N W1214G	AY.4	0.00628605322219167
Delta	11	T19R G142D A222V V289I L452R T478K D614G P681R D950N	AY.47	0.00549423912210748
Delta	12	T19R T95I G142D L452R T478K D614G P681R D950N V1104L	AY.20	0.00452142083485284
Delta	13	T19R T95I G142D Y145H A222V L452R T478K D614G P681R D950N V1264L	AY.4.2.2	0.00433453800704166
Delta	14	T19R G142D A222V L452R T478K Q613H D614G P681R D950N	AY.27	0.0039817467815333
Delta	15	T19R G142D P251L L452R T478K D614G P681R D950N	AY.98.1	0.00364240194574444
Delta	16	T19R G142D L452R T478K D614G P681R D950N V1264L	AY.23	0.00351959334669253
Delta	17	T19R T95I D138H G142D L452R T478K D614G P681R D950N	AY.4	0.0033605951118335
Delta	18	L5F T19R T95I G142D L452R T478K D614G P681R D950N	AY.4	0.00326028657136792
Delta	19	T19R V36F T95I G142D Y145H A222V L452R T478K D614G P681R D950N	AY.4.2.1	0.00320888204895278
Delta	20	T19R G142D L452R T478K D614G P681R	AY.122	0.00317135571207933
XBB	1	T19I V83A G142D H146Q Q183E V213E G252V G339H R346T L368I S371F S373P S375F T376A D405N R408S K417N N440K V445P G446S N460K S477N T478K E484A F486P F490S Q498R N501Y Y505H D614G H655Y N679K P681H N764K D796Y Q954H N969K	XBB.1.5	0.29132324195625
XBB	2	T19I Q52H V83A G142D H146Q Q183E V213E G252V G339H R346T L368I S371F S373P S375F T376A D405N R408S K417N N440K V445P G446S F456L N460K S477N T478K E484A F486P F490S Q498R N501Y Y505H D614G H655Y N679K P681H N764K D796Y Q954H N969K	EG.5.1.1	0.0308002452875407
XBB	3	T19I V83A G142D H146Q Q183E V213E G252V G339H R346T L368I S371F S373P S375F T376A D405N R408S K417N N440K V445P G446S N460K S477N T478K E484A F486S F490S Q498R N501Y Y505H D614G H655Y N679K P681H N764K D796Y Q954H N969K	XBB.1	0.0295929652500289
XBB	4	T19I V83A G142D H146Q E180V Q183E V213E G252V G339H R346T L368I S371F S373P S375F T376A D405N R408S K417N N440K V445P G446S N460K S477N T478R E484A F486P F490S Q498R N501Y Y505H D614G H655Y N679K P681H N764K D796Y Q954H N969K	XBB.1.16	0.0258466141798978
XBB	5	T19I V83A G142D H146Q Q183E V213E D253G G339H R346T L368I S371F S373P S375F T376A D405N R408S K417N N440K V445P G446S N460K S477N T478K E484A F486S F490S Q498R N501Y Y505H D614G H655Y N679K P681H N764K D796Y Q954H N969K	XBB.2.6	0.0172803399840882
XBB	6	T19I V83A G142D H146Q Q183E V213E G252V G339H R346T L368I S371F S373P S375F T376A D405N R408S K417N N440K V445P G446S F456L N460K S477N T478K E484A F486P F490S Q498R N501Y Y505H D614G H655Y N679K P681H N764K D796Y Q954H N969K	EG.6.1	0.0159775443696475
XBB	7	T19I Q52H V83A G142D H146Q F157L Q183E V213E G252V G339H R346T L368I S371F S373P S375F T376A D405N R408S K417N N440K V445P G446S L452R F456L N460K S477N T478K E484A F486P F490S Q498R N501Y Y505H D614G H655Y N679K P681H N764K D796Y Q954H N969K	HV.1	0.0156581578957895
XBB	8	T19I V83A G142D H146K Q183E V213E G252V G339H R346T L368I S371F S373P S375F T376A D405N R408S K417N N440K V445P G446S N460K S477N T478K E484A F486P F490S Q498R N501Y Y505H D614G H655Y N679K P681H N764K D796Y Q954H N969K	XBB.1.5	0.0148924265333503
XBB	9	T19I V83A G142D H146Q E180V Q183E V213E G252V G339H R346T L368I S371F S373P S375F T376A D405N R408S K417N N440K V445P G446S N460K S477N T478R E484A F486P F490S Q498R N501Y Y505H T547I D614G H655Y N679K P681H N764K D796Y Q954H N969K	XBB.1.16.1	0.0122730467683988
XBB	10	T19I V83A G142D H146Q Q183E V213E G252V G339H R346T L368I S371F S373P S375F T376A D405N R408S K417N N440K V445P G446S N460K S477N T478K E484A F486P F490S Q498R N501Y Y505H Q613H D614G H655Y N679K P681H N764K D796Y Q954H N969K	EG.1	0.0116303525925201
XBB	11	T19I Q52H V83A G142D H146Q Q183E V213E G252V G339H R346T L368I S371F S373P S375F T376A D405N R408S K417N N440K V445P G446S L455F F456L N460K S477N T478K E484A F486P F490S Q498R N501Y Y505H D614G H655Y N679K P681H N764K D796Y Q954H N969K	HK.3	0.0101863137980148
XBB	12	T19I V83A G142D H146Q E180V Q183E V213E G252V G339H R346T L368I S371F S373P S375F T376A D405N R408S K417N N440K V445P G446S F456L N460K S477N T478R E484A F486P F490S Q498R N501Y Y505H D614G H655Y N679K P681H N764K D796Y Q954H N969K	XBB.1.16.6	0.00824105533412245
XBB	13	T19I V83A G142D H146Q Q183E V213E G252V G339H R346T L368I S371F S373P S375F T376A D405N R408S K417N N440K V445P G446S F456L N460K S477N T478R E484A F486P F490S Q498R N501Y Y505H D614G H655Y N679K P681H A701V N764K D796Y Q954H N969K	FL.1.5.1	0.00746892185850106
XBB	14	V83A G142D H146Q Q183E V213E G252V G339H R346T L368I S371F S373P S375F T376A D405N R408S K417N N440K V445P G446S N460K S477N T478K E484A F486P F490S Q498R N501Y Y505H D614G H655Y N679K P681H N764K D796Y Q954H N969K	XBB.1.5	0.00703966538352269
XBB	15	T19I V83A G142D H146Q Q183E V213E G252V G339H R346T L368I S371F S373P S375F T376A D405N R408S N440K V445P G446S N460K S477N T478K E484A F486P F490S Q498R N501Y Y505H D614G H655Y N679K P681H N764K D796Y Q954H N969K	XBB.1.5	0.00530439029138468
XBB	16	T19I V83A G142D H146Q Q183E V213E G252V G339H R346T L368I S371F S373P S375F T376A D405N R408S K417N N440K V445P G446S L455F F456L N460K A475V S477N T478K E484A F486P F490S Q498R N501Y Y505H D614G H655Y N679K P681H N764K D796Y Q954H N969K	JD.1.1	0.00526624781310811
XBB	17	T19I V83A G142D H146Q Q183E V213E D253G G339H R346T L368I S371F S373P S375F T376A D405N R408S K417N N440K V445P G446S N460K S477N T478K E484A F486P F490S Q498R N501Y Y505H P521S D614G H655Y N679K P681H N764K D796Y Q954H N969K	XBB.2.3	0.00520698995625492
XBB	18	T19I V83A G142D H146Q Q183E V213E G252V G339H R346T L368I S371F S373P S375F T376A D405N R408S K417N N440K V445P G446S N460K S477N T478K E484A F486P F490S Q498R N501Y Y505H T573I D614G H655Y N679K P681H N764K D796Y Q954H N969K	XBB.1.5.1	0.00506683494715038
XBB	19	T19I V83A G142D H146Q Q183E V213E D253G G339H R346T L368I S371F S373P S375F T376A D405N R408S K417N N440K V445P G446S N460K S477N T478R E484A F486P F490S Q498R N501Y Y505H P521S D614G H655Y N679K P681H N764K D796Y Q954H N969K	GE.1	0.004988630574528
XBB	20	T19I V83A G142D H146Q Q183E V213E G252V G339H R346T L368I S371F S373P S375F T376A D405N R408S K417N N440K V445P G446S N460K S477N T478R E484A F486P F490S Q498R N501Y Y505H D614G H655Y N679K P681H N764K D796Y Q954H N969K	EG.2	0.00455847061349711
